|||			The Batch {0} of an item {1} has negative stock in the warehouse {2}{3}.|||			Please add a stock quantity of {4} to proceed with this entry.|||			If it is not possible to make an adjustment entry, please enable 'Allow Negative Stock for Batch' in Stock Settings to proceed.|||			However, enabling this setting may lead to negative stock in the system.|||			So please ensure the stock levels are adjusted as soon as possible to maintain the correct valuation rate.
 Address
 Amount
 BOM
 Is Child Table
 Is Subcontracted
 Item
 Name
 Phantom Item
 Rate
 Raw Material
 Salary slips starting on or after this date will be considered for arrear calculations
 Save 
 Skip Material Transfer
 Sub Assembly
 Summary
 Unlink Payment on Cancellation of Employee Advance
 You are impersonating as another user.
"Company History"
"Customer Provided Item" cannot be Purchase Item also
"Customer Provided Item" cannot have Valuation Rate
"From Date" can not be greater than or equal to "To Date"
"Is Fixed Asset" cannot be unchecked, as Asset record exists against the item
"Parent" signifies the parent table in which this row must be added
"SN-01::10" for "SN-01" to "SN-10"
"Team Members" or "Management"
"amended_from" field must be present to do an amendment.
"{0}" is not a valid Google Sheets URL
# In Stock
# Req'd Items
#{0}
$dayjs
$employee
$translate
${values.doctype_name} has been added to queue for optimization
%  Delivered
% Amount Billed
% Billed
% Complete Method
% Completed
% Cost Allocation
% Finished Item Quantity
% Installed
% Occupied
% Of Grand Total
% Ordered
% Picked
% Process Loss
% Produced
% Progress
% Raw Material Received
% Raw Material Returned
% Received
% Returned
% Utilization (B + NB) / T
% Utilization (B / T)
% of materials billed against this Sales Order
% of materials delivered against this Pick List
% of materials delivered against this Sales Order
&copy; Frappe Technologies Pvt. Ltd. and contributors
&lt;head&gt; HTML
'*' is only allowed in {0} SQL function(s)
'Account' in the Accounting section of Customer {0}
'Allow Multiple Sales Orders Against a Customer's Purchase Order'
'Based On' and 'Group By' can not be same
'Days Since Last Order' must be greater than or equal to zero
'Default {0} Account' in Company {1}
'Entries' cannot be empty
'From Date' is required
'From Date' must be after 'To Date'
'Has Serial No' can not be 'Yes' for non-stock item
'In Global Search' is not allowed for field {0} of type {1}
'In Global Search' not allowed for type {0} in row {1}
'In List View' is not allowed for field {0} of type {1}
'In List View' not allowed for type {0} in row {1}
'Inspection Required before Delivery' has disabled for the item {0}, no need to create the QI
'Inspection Required before Purchase' has disabled for the item {0}, no need to create the QI
'Opening'
'Recipients' not specified
'To Date' is required
'To Package No.' cannot be less than 'From Package No.'
'Update Stock' can not be checked because items are not delivered via {0}
'Update Stock' cannot be checked for fixed asset sale
'employee_field_value' and 'timestamp' are required.
'{0}' account is already used by {1}. Use another account.
'{0}' has been already added.
'{0}' is not a valid IBAN
'{0}' is not a valid URL
'{0}' not allowed for type {1} in row {2}
'{0}' should be in company currency {1}.
(A) Qty After Transaction
(B) Expected Qty After Transaction
(C) Total Qty in Queue
(C) Total qty in queue
(D) Balance Stock Value
(Daily Yield * No of Units Produced) / 100
(E) Balance Stock Value in Queue
(F) Change in Stock Value
(Forecast)
(G) Sum of Change in Stock Value
(Good Units Produced / Total Units Produced) × 100
(H) Change in Stock Value (FIFO Queue)
(H) Valuation Rate
(Hour Rate / 60) * Actual Operation Time
(I) Valuation Rate
(J) Valuation Rate as per FIFO
(K) Valuation = Value (D) ÷ Qty (A)
(Mandatory)
(Purchase Order + Material Request + Actual Expense)
(Total Workstation Time / Manufacturing Time) * 60
(including)
(none)
) for {0}
),I=t.anchor=_(
* Will be calculated in the transaction.
** Failed: {0} to {1}: {2}
+ Add / Remove Fields
...Fetching Employees
0 - 30 Days
0 - Draft; 1 - Submitted; 2 - Cancelled
0 - too guessable: risky password.|||<br>|||1 - very guessable: protection from throttled online attacks. |||<br>|||2 - somewhat guessable: protection from unthrottled online attacks.|||<br>|||3 - safely unguessable: moderate protection from offline slow-hash scenario.|||<br>|||4 - very unguessable: strong protection from offline slow-hash scenario.
0 is highest
0-30
1 = True & 0 = False
1 Currency = [?] Fraction|||For e.g. 1 USD = 100 Cent
1 Day
1 Google Calendar Event synced.
1 Loyalty Points = How much base currency?
1 Report
1 day ago
1 hour
1 hour ago
1 hr
1 minute ago
1 month ago
1 of 2
1 record will be exported
1 row from {0}
1 row to {0}
1 second ago
1 week ago
1 year ago
1{0}
2 Yearly
2 hours ago
2 months ago
2 weeks ago
2 years ago
3 Yearly
3 minutes ago
30 - 60 Days
30 mins
30 minutes
30-60
4 hours
5 Records
5 days ago
6 hrs
60 - 90 Days
60-90
90 - 120 Days
90 Above
<0
<a href="https://docs.frappe.io/framework/user/en/api/rest#1-token-based-authentication" target="_blank">|||  Click here to learn about token-based authentication|||</a>
<b>Base</b> amount has not been set for the following employee(s): {0}
<b>Cannot create asset.</b><br><br>You're trying to create <b>{0} asset(s)</b> from {2} {3}.<br>However, only <b>{1} item(s)</b> were purchased and <b>{4} asset(s)</b> already exist against {5}.
<b>Example:</b> SAL-{first_name}-{date_of_birth.year} <br>This will generate a password like SAL-Jane-1972
<b>From Time</b> cannot be later than <b>To Time</b> for {0}
<b>Row #{0}:</b> Bundle {1} in warehouse {2} has insufficient packed items:<br><div style='margin-top: 15px;'><ul style='line-height: 0.8;'>{3}</ul></div>
<b>Total Leaves Allocated</b> are more than the number of days in the allocation period
<b>{0}</b> is not a valid URL
<br>|||<h4>Note</h4>|||<ul>|||<li>|||You can use <a href="https://jinja.palletsprojects.com/en/2.11.x/" target="_blank">Jinja tags</a> in <b>Subject</b> and <b>Body</b> fields for dynamic values.|||</li><li>|||    All fields in this doctype are available under the <b>doc</b> object and all fields for the customer to whom the mail will go to is available under the  <b>customer</b> object.|||</li></ul>|||<h4> Examples</h4>|||<!-- {% raw %} -->|||<ul>|||    <li><b>Subject</b>:<br><br><pre><code>Statement Of Accounts for {{ customer.customer_name }}</code></pre><br></li>|||    <li><b>Body</b>: <br><br>|||<pre><code>Hello {{ customer.customer_name }},<br>PFA your Statement Of Accounts from {{ doc.from_date }} to {{ doc.to_date }}.</code> </pre></li>|||</ul>|||<!-- {% endraw %} -->
<div class="alert">Please don't update it as it can mess up your form. Use the Customize Form View and Custom Fields to set properties!</div>
<div class="columnHeading">Other Details</div>
<div class="text-muted text-center">No Matching Bank Transactions Found</div>
<div class="text-muted text-center">{0}</div>
<div class="well">|||    Edit list of Series in the box. Rules:|||    <ul>|||        <li>Each Series Prefix on a new line.</li>|||        <li>Allowed special characters are "/" and "-"</li>|||        <li>|||            Optionally, set the number of digits in the series using dot (.)|||            followed by hashes (#). For example, ".####" means that the series|||            will have four digits. Default is five digits.|||        </li>|||        <li>|||            You can also use variables in the series name by putting them|||            between (.) dots|||            <br>|||            Supported Variables:|||            <ul>|||                <li><code>.YYYY.</code> - Year in 4 digits</li>|||                <li><code>.YY.</code> - Year in 2 digits</li>|||                <li><code>.MM.</code> - Month</li>|||                <li><code>.DD.</code> - Day of month</li>|||                <li><code>.WW.</code> - Week of the year</li>|||                <li>|||                    <code>.{fieldname}.</code> - fieldname on the document e.g.|||                    <code>branch</code>|||                </li>|||                <li><code>.FY.</code> - Fiscal Year (requires ERPNext to be installed)</li>|||                <li><code>.ABBR.</code> - Company Abbreviation (requires ERPNext to be installed)</li>|||            </ul>|||        </li>|||    </ul>|||    Examples:|||    <ul>|||        <li>INV-</li>|||        <li>INV-10-</li>|||        <li>INVK-</li>|||        <li>INV-.YYYY.-.{branch}.-.MM.-.####</li>|||    </ul>|||</div>|||<br>|||
<div>
<div>|||<h3> All dimensions in centimeter only </h3>|||</div>
<h3>About Product Bundle</h3>||||||<p>Aggregate group of <b>Items</b> into another <b>Item</b>. This is useful if you are bundling a certain <b>Items</b> into a package and you maintain stock of the packed <b>Items</b> and not the aggregate <b>Item</b>.</p>|||<p>The package <b>Item</b> will have <code>Is Stock Item</code> as <b>No</b> and <code>Is Sales Item</code> as <b>Yes</b>.</p>|||<h4>Example:</h4>|||<p>If you are selling Laptops and Backpacks separately and have a special price if the customer buys both, then the Laptop + Backpack will be a new Product Bundle Item.</p>
<h3>Currency Exchange Settings Help</h3>|||<p>There are 3 variables that could be used within the endpoint, result key and in values of the parameter.</p>|||<p>Exchange rate between {from_currency} and {to_currency} on {transaction_date} is fetched by the API.</p>|||<p>Example: If your endpoint is exchange.com/2021-08-01, then, you will have to input exchange.com/{transaction_date}</p>
<h3>Custom CSS Help</h3>||||||<p>Notes:</p>||||||<ol>|||<li>All field groups (label + value) are set attributes <code>data-fieldtype</code> and <code>data-fieldname</code></li>|||<li>All values are given class <code>value</code></li>|||<li>All Section Breaks are given class <code>section-break</code></li>|||<li>All Column Breaks are given class <code>column-break</code></li>|||</ol>||||||<h4>Examples</h4>||||||<p>1. Left align integers</p>||||||<pre><code>[data-fieldtype="Int"] .value { text-align: left; }</code></pre>||||||<p>1. Add border to sections except the last section</p>||||||<pre><code>.section-break { padding: 30px 0px; border-bottom: 1px solid #eee; }|||.section-break:last-child { padding-bottom: 0px; border-bottom: 0px;  }</code></pre>|||
<h3>Help</h3>||||||<p>Notes:</p>||||||<ol>|||<li>Use field <code>base</code> for using base salary of the Employee</li>|||<li>Use Salary Component abbreviations in conditions and formulas. <code>BS = Basic Salary</code></li>|||<li>Use field name for employee details in conditions and formulas. <code>Employment Type = employment_type</code><code>Branch = branch</code></li>|||<li>Use field name from Salary Slip in conditions and formulas. <code>Payment Days = payment_days</code><code>Leave without pay = leave_without_pay</code></li>|||<li>Direct Amount can also be entered based on Condition. See example 3</li></ol>||||||<h4>Examples</h4>|||<ol>|||<li>Calculating Basic Salary based on <code>base</code>|||<pre><code>Condition: base &lt; 10000</code></pre>|||<pre><code>Formula: base * .2</code></pre></li>|||<li>Calculating HRA based on Basic Salary<code>BS</code> |||<pre><code>Condition: BS &gt; 2000</code></pre>|||<pre><code>Formula: BS * .1</code></pre></li>|||<li>Calculating TDS based on Employment Type<code>employment_type</code> |||<pre><code>Condition: employment_type=="Intern"</code></pre>|||<pre><code>Amount: 1000</code></pre></li>|||</ol>
<h3>Print Format Help</h3>|||<hr>|||<h4>Introduction</h4>|||<p>Print Formats are rendered on the server side using the Jinja Templating Language. All forms have access to the <code>doc</code> object which contains information about the document that is being formatted. You can also access common utilities via the <code>frappe</code> module.</p>|||<p>For styling, the Boostrap CSS framework is provided and you can enjoy the full range of classes.</p>|||<hr>|||<h4>References</h4>|||<ol>|||	<li><a href="http://jinja.pocoo.org/docs/templates/" target="_blank">Jinja Templating Language</a></li>|||	<li><a href="http://getbootstrap.com" target="_blank">Bootstrap CSS Framework</a></li>|||</ol>|||<hr>|||<h4>Example</h4>|||<pre><code>&lt;h3&gt;{{ doc.select_print_heading or "Invoice" }}&lt;/h3&gt;|||&lt;div class="row"&gt;|||	&lt;div class="col-md-3 text-right"&gt;Customer Name&lt;/div&gt;|||	&lt;div class="col-md-9"&gt;{{ doc.customer_name }}&lt;/div&gt;|||&lt;/div&gt;|||&lt;div class="row"&gt;|||	&lt;div class="col-md-3 text-right"&gt;Date&lt;/div&gt;|||	&lt;div class="col-md-9"&gt;{{ doc.get_formatted("invoice_date") }}&lt;/div&gt;|||&lt;/div&gt;|||&lt;table class="table table-bordered"&gt;|||	&lt;tbody&gt;|||		&lt;tr&gt;|||			&lt;th&gt;Sr&lt;/th&gt;|||			&lt;th&gt;Item Name&lt;/th&gt;|||			&lt;th&gt;Description&lt;/th&gt;|||			&lt;th class="text-right"&gt;Qty&lt;/th&gt;|||			&lt;th class="text-right"&gt;Rate&lt;/th&gt;|||			&lt;th class="text-right"&gt;Amount&lt;/th&gt;|||		&lt;/tr&gt;|||		{%- for row in doc.items -%}|||		&lt;tr&gt;|||			&lt;td style="width: 3%;"&gt;{{ row.idx }}&lt;/td&gt;|||			&lt;td style="width: 20%;"&gt;|||				{{ row.item_name }}|||				{% if row.item_code != row.item_name -%}|||				&lt;br&gt;Item Code: {{ row.item_code}}|||				{%- endif %}|||			&lt;/td&gt;|||			&lt;td style="width: 37%;"&gt;|||				&lt;div style="border: 0px;"&gt;{{ row.description }}&lt;/div&gt;&lt;/td&gt;|||			&lt;td style="width: 10%; text-align: right;"&gt;{{ row.qty }} {{ row.uom or row.stock_uom }}&lt;/td&gt;|||			&lt;td style="width: 15%; text-align: right;"&gt;{{|||				row.get_formatted("rate", doc) }}&lt;/td&gt;|||			&lt;td style="width: 15%; text-align: right;"&gt;{{|||				row.get_formatted("amount", doc) }}&lt;/td&gt;|||		&lt;/tr&gt;|||		{%- endfor -%}|||	&lt;/tbody&gt;|||&lt;/table&gt;</code></pre>|||<hr>|||<h4>Common Functions</h4>|||<table class="table table-bordered">|||	<tbody>|||		<tr>|||			<td style="width: 30%;"><code>doc.get_formatted("[fieldname]", [parent_doc])</code></td>|||			<td>Get document value formatted as Date, Currency, etc. Pass parent <code>doc</code> for currency type fields.</td>|||		</tr>|||		<tr>|||			<td style="width: 30%;"><code>frappe.db.get_value("[doctype]", "[name]", "fieldname")</code></td>|||			<td>Get value from another document.</td>|||		</tr>|||	</tbody>|||</table>|||
<h4>Body Text and Closing Text Example</h4>||||||<div>We have noticed that you have not yet paid invoice {{sales_invoice}} for {{frappe.db.get_value("Currency", currency, "symbol")}} {{outstanding_amount}}. This is a friendly reminder that the invoice was due on {{due_date}}. Please pay the amount due immediately to avoid any further dunning cost.</div>||||||<h4>How to get fieldnames</h4>||||||<p>The fieldnames you can use in your template are the fields in the document. You can find out the fields of any documents via Setup &gt; Customize Form View and selecting the document type (e.g. Sales Invoice)</p>||||||<h4>Templating</h4>||||||<p>Templates are compiled using the Jinja Templating Language. To learn more about Jinja, <a class="strong" href="http://jinja.pocoo.org/docs/dev/templates/">read this documentation.</a></p>
<h4>Condition Examples</h4>|||<ol>|||<li>Applying tax if employee born between 31-12-1937 and 01-01-1958 (Employees aged 60 to 80)<br>|||<code>Condition: date_of_birth&gt;date(1937, 12, 31) and date_of_birth&lt;date(1958, 01, 01)</code></li><br><li>Applying tax by employee gender<br>|||<code>Condition: gender=="Male"</code></li><br>|||<li>Applying tax by Salary Component<br>|||<code>Condition: base &gt; 10000</code></li></ol>
<h4>Contract Template Example</h4>||||||<pre>Contract for Customer {{ party_name }}||||||-Valid From : {{ start_date }} |||-Valid To : {{ end_date }}|||</pre>||||||<h4>How to get fieldnames</h4>||||||<p>The field names you can use in your Contract Template are the fields in the Contract for which you are creating the template. You can find out the fields of any documents via Setup &gt; Customize Form View and selecting the document type (e.g. Contract)</p>||||||<h4>Templating</h4>||||||<p>Templates are compiled using the Jinja Templating Language. To learn more about Jinja, <a class="strong" href="http://jinja.pocoo.org/docs/dev/templates/">read this documentation.</a></p>
<h4>Default Template</h4>|||<p>Uses <a href="http://jinja.pocoo.org/docs/templates/">Jinja Templating</a> and all the fields of Address (including Custom Fields if any) will be available</p>|||<pre><code>{{ address_line1 }}&lt;br&gt;|||{% if address_line2 %}{{ address_line2 }}&lt;br&gt;{% endif -%}|||{{ city }}&lt;br&gt;|||{% if state %}{{ state }}&lt;br&gt;{% endif -%}|||{% if pincode %} PIN:  {{ pincode }}&lt;br&gt;{% endif -%}|||{{ country }}&lt;br&gt;|||{% if phone %}Phone: {{ phone }}&lt;br&gt;{% endif -%}|||{% if fax %}Fax: {{ fax }}&lt;br&gt;{% endif -%}|||{% if email_id %}Email: {{ email_id }}&lt;br&gt;{% endif -%}|||</code></pre>
<h4>Email Reply Example</h4>||||||<pre>Order Overdue||||||Transaction {{ name }} has exceeded Due Date. Please take necessary action.||||||Details||||||- Customer: {{ customer }}|||- Amount: {{ grand_total }}|||</pre>||||||<h4>How to get fieldnames</h4>||||||<p>The fieldnames you can use in your email template are the fields in the document from which you are sending the email. You can find out the fields of any documents via Setup &gt; Customize Form View and selecting the document type (e.g. Sales Invoice)</p>||||||<h4>Templating</h4>||||||<p>Templates are compiled using the Jinja Templating Language. To learn more about Jinja, <a class="strong" href="http://jinja.pocoo.org/docs/dev/templates/">read this documentation.</a></p>|||
<h4>Standard Terms and Conditions Example</h4>||||||<pre>Delivery Terms for Order number {{ name }}||||||-Order Date : {{ transaction_date }} |||-Expected Delivery Date : {{ delivery_date }}|||</pre>||||||<h4>How to get fieldnames</h4>||||||<p>The fieldnames you can use in your email template are the fields in the document from which you are sending the email. You can find out the fields of any documents via Setup &gt; Customize Form View and selecting the document type (e.g. Sales Invoice)</p>||||||<h4>Templating</h4>||||||<p>Templates are compiled using the Jinja Templating Language. To learn more about Jinja, <a class="strong" href="http://jinja.pocoo.org/docs/dev/templates/">read this documentation.</a></p>
<h5 class="text-muted uppercase">Or</h5>
<h5>Employees on Half Day</h5>
<h5>Message Example</h5>||||||<pre>&lt;h3&gt;Order Overdue&lt;/h3&gt;||||||&lt;p&gt;Transaction {{ doc.name }} has exceeded Due Date. Please take necessary action.&lt;/p&gt;||||||&lt;!-- show last comment --&gt;|||{% if comments %}|||Last comment: {{ comments[-1].comment }} by {{ comments[-1].by }}|||{% endif %}||||||&lt;h4&gt;Details&lt;/h4&gt;||||||&lt;ul&gt;|||&lt;li&gt;Customer: {{ doc.customer }}|||&lt;li&gt;Amount: {{ doc.grand_total }}|||&lt;/ul&gt;|||</pre>
<h5>Unmarked Employees</h5>
<hr>
<label class="control-label" style="margin-bottom: 0px;">Account Number Settings</label>
<label class="control-label" style="margin-bottom: 0px;">Amount In Words</label>
<label class="control-label" style="margin-bottom: 0px;">Date Settings</label>
<li>Clearance date must be after cheque date for row(s): {0}</li>
<li>Item {0} in row(s) {1} billed more than {2}</li>
<li>Packed Item {0}: Required {1}, Available {2}</li>
<li>Payment document required for row(s): {0}</li>
<li>{}</li>
<p><strong>Condition Examples:</strong></p>|||<pre><code class="language-python">doc.status=="Open"<br>doc.due_date==nowdate()<br>doc.total &gt; 40000|||</code></pre>|||
<p><strong>Condition Examples:</strong></p>|||<pre>doc.status=="Open"<br>doc.due_date==nowdate()<br>doc.total &gt; 40000|||</pre>
<p>Cannot overbill for the following Items:</p>
<p>Following {0}s doesn't belong to Company {1} :</p>
<p>In your <b>Email Template</b>, you can use the following special variables:|||</p>|||<ul>|||        <li>|||            <code>{{ update_password_link }}</code>: A link where your supplier can set a new password to log into your portal.|||        </li>|||        <li>|||            <code>{{ portal_link }}</code>: A link to this RFQ in your supplier portal.|||        </li>|||        <li>|||            <code>{{ supplier_name }}</code>: The company name of your supplier.|||        </li>|||        <li>|||            <code>{{ contact.salutation }} {{ contact.last_name }}</code>: The contact person of your supplier.|||        </li><li>|||            <code>{{ user_fullname }}</code>: Your full name.|||        </li>|||    </ul>|||<p></p>|||<p>Apart from these, you can access all values in this RFQ, like <code>{{ message_for_supplier }}</code> or <code>{{ terms }}</code>.</p>
<p>Multiple webforms can be created for a single doctype. Add filters specific to this webform to display correct record after submission.</p><p>For Example:</p>|||<p>If you create a separate webform every year to capture feedback from employees add a ||| field named year in doctype and add a filter <b>year = 2023</b></p>|||
<p>Please correct the following row(s):</p><ul>
<p>Posting Date {0} cannot be before Purchase Order date for the following:</p><ul>
<p>Price List Rate has not been set as editable in Selling Settings. In this scenario, setting <strong>Update Price List Based On</strong> to <strong>Price List Rate</strong> will prevent auto-updation of Item Price.</p>Are you sure you want to continue?
<p>Set context before rendering a template. Example:</p><p>|||</p><div><pre><code>|||context.project = frappe.get_doc("Project", frappe.form_dict.name)|||</code></pre></div>
<p>To allow over-billing, please set allowance in Accounts Settings.</p>
<p>To interact with above HTML you will have to use `root_element` as a parent selector.</p><p>For example:</p><pre class="p-3 bg-gray-100 border-radius rounded-sm mb-0" style="width: fit-content;"><code>// here root_element is provided by default|||let some_class_element = root_element.querySelector('.some-class');|||some_class_element.textContent = "New content";|||</code></pre>
<p>Your OTP secret on {0} has been reset. If you did not perform this reset and did not request it, please contact your System Administrator immediately.</p>
<pre>*  *  *  *  *|||┬  ┬  ┬  ┬  ┬|||│  │  │  │  │|||│  │  │  │  └ day of week (0 - 6) (0 is Sunday)|||│  │  │  └───── month (1 - 12)|||│  │  └────────── day of month (1 - 31)|||│  └─────────────── hour (0 - 23)|||└──────────────────── minute (0 - 59)||||||---||||||* - Any value|||/ - Step values|||</pre>|||
<pre><code>doc.grand_total &gt; 0</code></pre>||||||<p>Conditions should be written in simple Python. Please use properties available in the form only.</p>|||<p>Allowed functions:|||</p><ul>|||<li>frappe.db.get_value</li>|||<li>frappe.db.get_list</li>|||<li>frappe.session</li>|||<li>frappe.utils.now_datetime</li>|||<li>frappe.utils.get_datetime</li>|||<li>frappe.utils.add_to_date</li>|||<li>frappe.utils.now</li>|||</ul>|||<p>Example: </p><pre><code>doc.creation &gt; frappe.utils.add_to_date(frappe.utils.now_datetime(), days=-5, as_string=True, as_datetime=True) </code></pre><p></p>
<pre><h5>Message Example</h5>||||||&lt;p&gt; Thank You for being a part of {{ doc.company }}! We hope you are enjoying the service.&lt;/p&gt;||||||&lt;p&gt; Please find enclosed the E Bill statement. The outstanding amount is {{ doc.grand_total }}.&lt;/p&gt;||||||&lt;p&gt; We don't want you to be spending time running around in order to pay for your Bill.<br>After all, life is beautiful and the time you have in hand should be spent to enjoy it!<br>So here are our little ways to help you get more time for life! &lt;/p&gt;||||||&lt;a href="{{ payment_url }}"&gt; click here to pay &lt;/a&gt;||||||</pre>|||
<pre><h5>Message Example</h5>||||||&lt;p&gt;Dear {{ doc.contact_person }},&lt;/p&gt;||||||&lt;p&gt;Requesting payment for {{ doc.doctype }}, {{ doc.name }} for {{ doc.grand_total }}.&lt;/p&gt;||||||&lt;a href="{{ payment_url }}"&gt; click here to pay &lt;/a&gt;||||||</pre>|||
<script>
<strong>Grand Total:</strong> {0}
<strong>Outstanding Amount:</strong> {0}
<strong>Warning:</strong> This field is system generated and may be overwritten by a future update. Modify it using {0} instead.
<table class="table table-bordered table-condensed">|||<thead>|||  <tr>|||         <th class="table-sr" style="width: 50%;">Child Document</th>|||         <th class="table-sr" style="width: 50%;">Non Child Document</th>|||   </tr>|||</thead>|||<tbody>|||<tr>|||         <td>|||                  <p> To access parent document field use parent.fieldname and to access child table document field use doc.fieldname </p>||||||         </td>|||         <td>|||                    <p>To access document field use doc.fieldname </p>|||         </td>|||</tr>|||<tr>|||        <td>|||                   <p><b>Example: </b> parent.doctype == "Stock Entry" and doc.item_code == "Test" </p>||||||        </td>|||         <td>|||                   <p><b>Example: </b> doc.doctype == "Stock Entry" and doc.purpose == "Manufacture"</p>    |||          </td>|||</tr>||||||</tbody>|||</table>|||||||||||||||||||||
<table class='table table-bordered'><tr><th>{0}</th><th>{1}</th></tr>
A - B
A - C
A Customer Group exists with same name please change the Customer name or rename the Customer Group
A DocType's name should start with a letter and can only consist of letters, numbers, spaces, underscores and hyphens
A Frappe Framework instance can function as an OAuth Client, Resource, or Authorization server. This DocType contains settings related to all three.
A Holiday List can be added to exclude counting these days for the Workstation.
A Job Requisition for {0} requested by {1} already exists: {2}
A Lead requires either a person's name or an organization's name
A Packing Slip can only be created for Draft Delivery Note.
A Price List is a collection of Item Prices either Selling, Buying, or both
A Product or a Service that is bought, sold or kept in stock.
A Reconciliation Job {0} is running for the same filters. Cannot reconcile now
A Reverse Journal Entry {0} already exists for this Journal Entry.
A condition for a Shipping Rule
A customer must have primary contact email.
A driver must be set to submit.
A field with the name {0} already exists in {1}
A file with same name {} already exists
A friendly reminder of an important date for our team.
A list of resources which the Client App will have access to after the user allows it.<br> e.g. project
A logical Warehouse against which stock entries are made.
A naming series conflict occurred while creating serial numbers. Please change the naming series for the item {0}.
A new account has been created for you at {0}
A new appointment has been created for you with {0}
A new fiscal year has been automatically created.
A recurring {0} {1} has been created for you via Auto Repeat {2}.
A symbol for this currency. For e.g. $
A template already exists for field {0} of {1}
A template with tax category {0} already exists. Only one template is allowed with each tax category
A third party distributor / dealer / commission agent / affiliate / reseller who sells the companies products for a commission.
A version identifier string for the client software.|||<br>|||The value of the should change on any update of the client software with the same Software ID.
A word by itself is easy to guess.
A {0} exists between {1} and {2} (
A+
A-
A0
A1
A2
A6
A7
A8
A9
AA
AB+
AB-
ACC-ADS-.YYYY.-
ACC-AML-.YYYY.-
ACC-ASA-.YYYY.-
ACC-ASC-.YYYY.-
ACC-ASR-.YYYY.-
ACC-ASS-.YYYY.-
ACC-BTN-.YYYY.-
ACC-JV-.YYYY.-
ACC-PAY-.YYYY.-
ACC-PINV-.YYYY.-
ACC-PINV-RET-.YYYY.-
ACC-PRQ-.YYYY.-
ACC-PSINV-.YYYY.-
ACC-SH-.YYYY.-
ACC-SINV-.YYYY.-
ACC-SINV-RET-.YYYY.-
ALL
ALL records will be deleted (entire DocType cleared)
AMC Expiry (Serial)
AMC Expiry Date
API Details
API Endpoint
API Endpoint Args
API Endpoint Args should be valid JSON
API Key and Secret to interact with the relay server. These will be auto-generated when the first push notification is sent from any of the apps installed on this site.
API Key cannot be regenerated
API Keys
API Logging
API Request Log
API URL
ASC
AWB Number
Abbr
Abbreviation
Abbreviation already used for another company
Abbreviation is mandatory
Abbreviation: {0} must appear only once
About Us Settings
About Us Team Member
About {0} minute remaining
About {0} minutes remaining
About {0} seconds remaining
Above
Absent Records
Academics User
Acceptance Criteria Value
Accepted Qty in Stock UOM
Accepted Quantity
Access Control
Access Key
Access Key is required for Service Provider: {0}
Access Token URL
Access not allowed from this IP Address
According to CEFACT/ICG/2010/IC013 or CEFACT/ICG/2010/IC010
According to the BOM {0}, the Item '{1}' is missing in the stock entry.
Account Category
Account Category Name
Account Currency (From)
Account Currency (To)
Account Data
Account Deletion Settings
Account Detail Level
Account Details
Account Head
Account Missing
Account Name
Account No
Account Not Found
Account Number {0} already used in account {1}
Account Opening Balance
Account Paid From
Account Paid To
Account Pay Only
Account Subtype
Account Value
Account balance already in Credit, you are not allowed to set 'Balance Must Be' as 'Debit'
Account balance already in Debit, you are not allowed to set 'Balance Must Be' as 'Credit'
Account is mandatory
Account is mandatory to get payment entries
Account is not set for the dashboard chart {0}
Account not Found
Account type should be set {0} for payroll payable account {1}, please set and try again
Account with child nodes cannot be converted to ledger
Account with child nodes cannot be set as ledger
Account with existing transaction can not be converted to group.
Account with existing transaction can not be deleted
Account with existing transaction cannot be converted to ledger
Account {0} added multiple times
Account {0} cannot be converted to Group as it is already set as {1} for {2}.
Account {0} cannot be disabled as it is already set as {1} for {2}.
Account {0} does not belong to company {1}
Account {0} does not belong to company: {1}
Account {0} does not exist
Account {0} does not exists
Account {0} does not exists in the dashboard chart {1}
Account {0} does not match with Company {1}
Account {0} does not match with Company {1} in Mode of Account: {2}
Account {0} doesn't belong to Company {1}
Account {0} exists in parent company {1}.
Account {0} is added in the child company {1}
Account {0} is disabled.
Account {0} is frozen
Account {0} is invalid. Account Currency must be {1}
Account {0} should be of type Expense
Account {0}: Parent account {1} can not be a ledger
Account {0}: Parent account {1} does not belong to company: {2}
Account {0}: Parent account {1} does not exist
Account {0}: You can not assign itself as parent account
Account: <b>{0}</b> is capital Work in progress and can not be updated by Journal Entry
Account: {0} can only be updated via Stock Transactions
Account: {0} is not permitted under Payment Entry
Account: {0} with currency: {1} can not be selected
Accounting
Accounting & Payment
Accounting Details
Accounting Dimension <b>{0}</b> is required for 'Balance Sheet' account {1}.
Accounting Dimension <b>{0}</b> is required for 'Profit and Loss' account {1}.
Accounting Dimensions 
Accounting Dimensions Filter
Accounting Entries
Accounting Entry for Asset
Accounting Entry for LCV in Stock Entry {0}
Accounting Entry for Landed Cost Voucher for SCR {0}
Accounting Entry for Service
Accounting Entry for {0}
Accounting Entry for {0}: {1} can only be made in currency: {2}
Accounting Period overlaps with {0}
Accounting entries are frozen up to this date. Only users with the specified role can create or modify entries before this date.
Accounts Closing
Accounts Frozen Till Date
Accounts Included in Report
Accounts Missing from Report
Accounts Receivable / Payable Tuning
Accounts Receivable Credit Account
Accounts Receivable Discounted Account
Accounts Receivable Unpaid Account
Accounts Receivable/Payable
Accounts not set for Salary Component {0}
Accounts table cannot be blank.
Accounts to Merge
Accrual Arrears
Accrual Component
Accrual Component can only be set for Earning Salary Components.
Accrual Component can only be set for Flexible Benefit Salary Components with accrual payout methods.
Accrual Component must be set for Flexible Benefit Salary Components with accrual payout methods.
Accrual Journal Entry for salaries from {0} to {1}
Accrue and payout at end of payroll period
Accrue per cycle, pay only on claim
Accrued Benefits
Accrued Earnings Report
Accrued Expenses
Accrued amount {0} is less than paid amount {1} for Benefit {2} in payroll period {3}
Accumulated Depreciation Amount
Accumulated Depreciation as on
Accumulated Monthly
Accumulated Monthly Budget for Account {0} against {1} {2} is {3}. It will be collectively ({4}) exceeded by {5}
Accumulated Monthly Budget for Account {0} against {1}: {2} is {3}. It will be exceeded by {4}
Accumulated Values in Group Company
Accurate count can not be fetched, click here to view all documents
Achieved ({})
Action
Action / Route
Action Complete
Action Failed
Action If Quality Inspection Is Not Submitted
Action If Quality Inspection Is Rejected
Action Initialised
Action Timeout (Seconds)
Action Type
Action if Accumulative Monthly Budget Exceeded on Cumulative Expense
Action if Anual Budget Exceeded on Cumulative Expense
Action if Same Rate is Not Maintained Throughout  Internal Transaction
Action if Same Rate is Not Maintained Throughout Sales Cycle
Action on New Invoice
Action on Submission
Action {0} completed successfully on {1} {2}. View it {3}
Action {0} failed on {1} {2}. View it {3}
Actions
Actions performed
Active Domains
Active Leads
Active Status
Activities
Activity Cost exists for Employee {0} against Activity Type - {1}
Activity Cost per Employee
Activity Name
Actual Amount
Actual Balance Qty
Actual Batch Quantity
Actual Cost
Actual Date
Actual Encashable Days
Actual End Date (via Timesheet)
Actual End Date cannot be before Actual Start Date
Actual End Time
Actual Expense
Actual Expenses
Actual Operating Cost
Actual Operation Time
Actual Overtime Duration
Actual Posting
Actual Qty (at source/target)
Actual Qty in Warehouse
Actual Qty is mandatory
Actual Qty {0} / Waiting Qty {1}
Actual Qty: Quantity available in the warehouse.
Actual Quantity
Actual Start Date (via Timesheet)
Actual Start Time
Actual Time and Cost
Actual Time in Hours (via Timesheet)
Actual balances aren't available because the leave application spans over different leave allocations. You can still apply for leaves which would be compensated during the next allocation.
Actual qty in stock
Actual type tax cannot be included in Item rate in row {0}
Ad-hoc Qty
Add / Edit Prices
Add / Remove Columns
Add / Update
Add A New Rule
Add Attachment
Add Background Image
Add Border at Bottom
Add Border at Top
Add CSS
Add Card to Dashboard
Add Chart to Dashboard
Add Child
Add Columns in Transaction Currency
Add Comment
Add Contacts
Add Container
Add Corrective Operation Cost in Finished Good Valuation
Add Custom Tags
Add Day-wise Dates
Add Discount
Add Employee Property
Add Employees
Add Feedback
Add Filters
Add Gray Background
Add Group
Add Indexes
Add Items in the Purpose Table
Add Lead to Prospect
Add Leads
Add Local Holidays
Add Manually
Add Multiple
Add Multiple Tasks
Add New Permission Rule
Add Or Deduct
Add Order Discount
Add Phantom Item
Add Query Parameters
Add Quote
Add Raw Materials
Add Reply-To header
Add Roles
Add Safety Stock
Add Sales Partners
Add Schedule
Add Serial / Batch Bundle
Add Serial / Batch No
Add Serial / Batch No (Rejected Qty)
Add Space at Bottom
Add Space at Top
Add Stock
Add Sub Assembly
Add Template
Add Timesheets
Add Total Row
Add Translate Data
Add Unsubscribe Link
Add User Permissions
Add Video Conferencing
Add Weekly Holidays
Add X-Original-From header
Add a Filter
Add a New Role
Add a Note
Add a Row
Add a comment
Add a new section
Add a row above the current row
Add a row at the bottom
Add a row at the top
Add a row below the current row
Add a {0} Chart
Add column
Add details
Add field
Add items in the Item Locations table
Add multiple
Add new tab
Add numbers or special characters.
Add or Deduct
Add page break
Add row
Add script for Child Table
Add section above
Add section below
Add tab
Add the rest of your organization as your users. You can also add invite Customers to your portal by adding them from Contacts
Add to Dashboard
Add to Desktop
Add to Details
Add to Holidays
Add to Prospect
Add to ToDo
Add to table
Add to this activity by mailing to {0}
Add unused leaves from previous allocations
Add unused leaves from previous leave period's allocation to this allocation
Add vouchers to generate preview.
Add {0}
Add/Edit Coupon Conditions
Add/Update Filter
Added
Added By
Added HTML in the &lt;head&gt; section of the web page, primarily used for website verification and SEO
Added On
Added Supplier Role to User {0}.
Added default log doctypes: {}
Added tax components from the Salary Component master as the salary structure didn't have any tax component.
Added to details
Added {0} ({1})
Added {1} Role to User {0}.
Adding Lead to Prospect...
Additional Amount
Additional Asset Cost
Additional Cost Per Qty
Additional Data
Additional Details
Additional Discount
Additional Discount Amount
Additional Discount Amount (Company Currency)
Additional Discount Amount ({discount_amount}) cannot exceed the total before such discount ({total_before_discount})
Additional Finished Good
Additional Info
Additional Information
Additional Information 
Additional Information updated successfully.
Additional Material Transfer
Additional Notes
Additional PF
Additional Permissions
Additional Salary 
Additional Salary for referral bonus can only be created against Employee Referral with status {0}
Additional Salary for this salary component with {0} enabled already exists for this date
Additional Salary: {0} already exist for Salary Component: {1} for period {2} and {3}
Additional Transferred Qty
Additional Transferred Qty {0}|||					cannot be greater than {1}.|||					To fix this, increase the percentage value|||					of the field 'Transfer Extra Raw Materials to WIP'|||					in Manufacturing Settings.
Additional information regarding the customer.
Additional {0} {1} of item {2} required as per BOM to complete this transaction
Address & Contact
Address & Contacts
Address And Contacts
Address Desc
Address HTML
Address Name
Address Template
Address Title
Address Title is mandatory.
Address and Contact
Address and Contacts
Address and other legal information you may want to put in the footer.
Address needs to be linked to a Company. Please add a row for Company in the Links table.
Address of Organizer
Address used to determine Tax Category in transactions
Addresses
Addresses And Contacts
Addresses added here will be used as the Reply-To header for outgoing emails sent from this account.
Adds a custom client script to a DocType
Adds a custom field to a DocType
Adjust Allocation
Adjust Qty
Adjustment Against
Adjustment Created Successfully
Adjustment Type
Adjustment based on Purchase Invoice rate
Administrative Expenses
Administrator Logged In
Administrator accessed {0} on {1} via IP Address {2}.
Administrator can't follow
Advance Account Required
Advance Account is mandatory. Please set the {0} in the Company {1} and submit this document.
Advance Account {} currency should be same as Salary Currency of Employee {}. Please select same currency Advance Account
Advance Account: {0} must be in either customer billing currency: {1} or Company default currency: {2}
Advance Paid (Company Currency)
Advance Payment Date
Advance Payment Ledger Entry
Advance Payment Status
Advance Payments
Advance Taxes and Charges
Advance Voucher No
Advance Voucher Type
Advance amount
Advance amount cannot be greater than {0} {1}
Advance paid against {0} {1} cannot be greater than Grand Total {2}
Advance payments allocated against orders will only be fetched
Advanced
Advanced Control
Advanced Filtering
Advanced Filters
Advanced Settings
Advances
After
After Discard
After Rename
After Save (Submitted Document)
After Submission
Against Customer Order {0}
Against Delivery Note Item
Against Docname
Against Doctype
Against Document Detail No
Against Document No
Against Expense Account
Against Finished Good
Against Journal Entry {0} does not have any unmatched {1} entry
Against Journal Entry {0} is already adjusted against some other voucher
Against Pick List
Against Supplier Invoice {0}
Against Voucher No
Age
Age (Days)
Age ({0})
Ageing Based On
Ageing Range
Ageing Report based on {0} up to {1}
Agenda
Agent Busy Message
Agent Details
Agent Group
Agent Unavailable Message
Agents
Aggregate Field is required to create a number card
Aggregate Function field is required to create a dashboard chart
Aggregate a group of Items into another Item. This is useful if you are maintaining the stock of the packed items and not the bundled item
Algorithm
Alias must be a string
Align
Align Labels to the Right
Align Value
Alignment
All Accounts
All Activities
All Activities HTML
All BOMs
All Contact
All Customer Contact
All Customer Groups
All Day
All Departments
All Employee (Active)
All Exchange Gain/Loss amount of {0} has been booked through {1}
All Goals
All Images attached to Website Slideshow should be public
All Item Groups
All Items
All Jobs
All Lead (Open)
All Parties 
All Records
All Results
All Sales Partner Contact
All Sales Person
All Sales Transactions can be tagged against multiple Sales Persons so that you can set and monitor targets.
All Submissions
All Supplier Contact
All Supplier Groups
All Territories
All Warehouses
All allocated assets should be returned before submission
All allocations have been successfully reconciled
All communications including and above this shall be moved into the new Issue
All customizations will be removed. Please confirm.
All fields are necessary to submit the comment.
All items are already requested
All items have already been Invoiced/Returned
All items have already been received
All items have already been transferred for this Work Order.
All items in this document already have a linked Quality Inspection.
All items must be linked to a Sales Order or Subcontracting Inward Order for this Sales Invoice.
All linked Sales Orders must be subcontracted.
All possible Workflow States and roles of the workflow. Docstatus Options: 0 is "Saved", 1 is "Submitted" and 2 is "Cancelled"
All the Comments and Emails will be copied from one document to another newly created document(Lead -> Opportunity -> Quotation) throughout the CRM documents.
All the items have been already returned.
All the mandatory tasks for employee creation are not completed yet.
All the required items (raw materials) will be fetched from BOM and populated in this table. Here you can also change the Source Warehouse for any item. And during the production, you can track transferred raw materials from this table.
All these items have already been Invoiced/Returned
All-uppercase is almost as easy to guess as all-lowercase.
Allocate
Allocate Advances Automatically (FIFO)
Allocate Based On Leave Policy
Allocate Leave
Allocate Payment Amount
Allocate Payment Based On Payment Terms
Allocate Payment Request
Allocate leaves to {0} employee(s)?
Allocate on Day
Allocated
Allocated Amount (Company Currency)
Allocated Entries
Allocated To:
Allocated Via
Allocated amount
Allocated amount cannot be greater than unadjusted amount
Allocated amount cannot be negative
Allocating Leave
Allocation Date
Allocation Details
Allocation Expired!
Allocation is greater than the maximum allowed {0} for leave type {1}
Allocation to Adjust
Allocation was skipped due to exceeding annual allocation set in leave policy
Allocation was skipped due to maximum leave allocation limit set in leave type. Please increase the limit and retry failed allocation.
Allocations
Allotted Qty
Allow
Allow API Indexing Access
Allow Account Creation Against Child Company
Allow Alternative Item must be checked on Item {}
Allow Auto Repeat
Allow Bulk Edit
Allow Bulk Editing
Allow Consecutive Login Attempts
Allow Delivery of Overproduced Qty
Allow Editing of Items and Quantities in Work Order
Allow Employee Checkin from Mobile App
Allow Excess Material Transfer
Allow Geolocation Tracking
Allow Google Calendar Access
Allow Google Contacts Access
Allow Guest to View
Allow Guests to Upload Files
Allow Implicit Pegged Currency Conversion
Allow Import (via Data Import Tool)
Allow In Returns
Allow Internal Transfers at Arm's Length Price
Allow Item To Be Added Multiple Times in a Transaction
Allow Item to Be Added Multiple Times in a Transaction
Allow Item to be Added Multiple Times in a Transaction
Allow Lead Duplication based on Emails
Allow Leave Application After (Working Days)
Allow Login After Fail
Allow Login using Mobile Number
Allow Login using User Name
Allow Modules
Allow Multiple Material Consumption
Allow Multiple Sales Orders Against a Customer's Purchase Order
Allow Multiple Shift Assignments for Same Date
Allow Negative Balance
Allow Negative Stock for Batch
Allow Or Restrict Dimension
Allow Over Allocation
Allow Partial Payment
Allow Partial Reservation
Allow Purchase Invoice Creation Without Purchase Order
Allow Purchase Invoice Creation Without Purchase Receipt
Allow Purchase Order with Zero Quantity
Allow Quotation with Zero Quantity
Allow Read On All Link Options
Allow Rename
Allow Rename Attribute Value
Allow Request for Quotation with Zero Quantity
Allow Resetting Service Level Agreement
Allow Resetting Service Level Agreement from Support Settings.
Allow Roles
Allow Sales
Allow Sales Invoice Creation Without Delivery Note
Allow Sales Invoice Creation Without Sales Order
Allow Sales Order Creation For Expired Quotation
Allow Sales Order with Zero Quantity
Allow Sending Usage Data for Improving Applications
Allow Supplier Quotation with Zero Quantity
Allow Tax Exemption
Allow UOM with Conversion Rate Defined in Item
Allow User
Allow User to Edit Discount
Allow User to Edit Price List Rate in Transactions
Allow User to Edit Rate
Allow Users
Allow Variant UOM to be different from Template UOM
Allow Zero Rate
Allow approval for creator of the document
Allow check-out after shift end time (in minutes)
Allow claim for full benefit amount
Allow comments
Allow delete
Allow document creation via Email
Allow editing after submit
Allow editing even if the doctype has a workflow set up.||||||Does nothing if a workflow isn't set up.
Allow events in timeline
Allow existing Serial No to be Manufactured/Received again
Allow incomplete forms
Allow material consumptions without immediately manufacturing finished goods against a Work Order
Allow multi-currency invoices against single party account 
Allow multiple responses
Allow only one session per user
Allow page break inside tables
Allow print
Allow saving if mandatory fields are not filled
Allow sending usage data for improving applications
Allow the following users to approve Leave Applications for block days.
Allow to Edit Stock UOM Qty for Purchase Documents
Allow to Edit Stock UOM Qty for Sales Documents
Allow to Make Quality Inspection after Purchase / Delivery
Allow transferring raw materials even after the Required Quantity is fulfilled
Allow user to login only after this hour (0-24)
Allow user to login only before this hour (0-24)
Allow users to log in without a password, using a login link sent to their email
Allowed
Allowed Dimension
Allowed Doctypes
Allowed File Extensions
Allowed In Mentions
Allowed Modules
Allowed Public Client Origins
Allowed To Transact With
Allowed embedding domains
Allowed primary roles are 'Customer' and 'Supplier'. Please select one of these roles only.
Allowing DocType, DocType. Be careful!
Allows allocating more leaves than the number of days in the allocation period.
Allows clients to fetch metadata from the <code>/.well-known/oauth-authorization-server</code> endpoint. Reference: <a href="https://datatracker.ietf.org/doc/html/rfc8414">RFC8414</a>
Allows clients to fetch metadata from the <code>/.well-known/oauth-protected-resource</code> endpoint. Reference: <a href="https://datatracker.ietf.org/doc/html/rfc9728#name-protected-resource-metadata">RFC9728</a>
Allows clients to register themselves without manual intervention. Registration creates a <b>OAuth Client</b> entry. Reference: <a href="https://datatracker.ietf.org/doc/html/rfc7591">RFC7591</a>
Allows clients to view this as an Authorization Server when querying the <code>/.well-known/oauth-protected-resource</code> end point.
Allows enabled Social Login Key Base URL to be shown as authorization server.
Allows printing or PDF download of documents.
Allows sharing document access with other users.
Allows skipping authorization if a user has active tokens.
Allows the user to access reports related to the document.
Allows the user to create new documents.
Allows the user to delete documents.
Allows the user to edit existing records they have access to.
Allows the user to email from the document.
Allows the user to export data from the Report view.
Allows the user to search and see records.
Allows the user to use Data Import tool to create / update records.
Allows the user to view the document.
Allows to keep aside a specific quantity of inventory for a particular order.
Allows users to enable the mask property for any field of the respective doctype.
Allows users to submit Purchase Orders with zero quantity. Useful when rates are fixed but the quantities are not. Eg. Rate Contracts.
Allows users to submit Quotations with zero quantity. Useful when rates are fixed but the quantities are not. Eg. Rate Contracts.
Allows users to submit Request for Quotations with zero quantity. Useful when rates are fixed but the quantities are not. Eg. Rate Contracts.
Allows users to submit Sales Orders with zero quantity. Useful when rates are fixed but the quantities are not. Eg. Rate Contracts.
Allows users to submit Supplier Quotations with zero quantity. Useful when rates are fixed but the quantities are not. Eg. Rate Contracts.
Already Picked
Already Registered
Already in the following Users ToDo list:{0}
Already record exists for the item {0}
Already set default in pos profile {0} for user {1}, kindly disabled default
Also adding the dependent currency field {0}
Also adding the status dependency field {0}
Also you can't switch back to FIFO after setting the valuation method to Moving Average for this item.
Alternate Item
Alternating entries as IN and OUT during the same shift
Alternative Email ID
Alternative Item Code
Alternative Item Name
Alternative item must not be same as item code
Alternatively, you can download the template and fill your data in.
Always
Always Ask
Always BCC Address
Always add "Draft" Heading for printing draft documents
Always use this email address as sender address
Always use this name as sender name
Amend Counter
Amended Document Naming Settings
Amended Documents
Amending
Amendment Naming Override
Amendment Not Allowed
Amendment naming rules updated.
Amount (AED)
Amount (Company Currency)
Amount Based on Formula
Amount Delivered
Amount Difference
Amount Difference with Purchase Invoice
Amount Eligible for Commission
Amount In Figure
Amount based on formula
Amount claimed via Expense Claim
Amount in Account Currency
Amount in Words
Amount in party's bank account currency
Amount in transaction currency
Amount in {0}
Amount of expense
Amount paid against this encashment
Amount scheduled for deduction via salary
Amount should not be less than zero
Amount that has been paid against this advance
Amount {0} {1} against {2} {3}
Amount {0} {1} deducted against {2}
Amount {0} {1} transferred from {2} to {3}
Amount {0} {1} {2} {3}
Amounts
Amt
An Arrear document already exists for employee {0} with salary structure {1} in payroll period {2}
An Item Group is a way to classify items based on types.
An attendance record is linked to this checkin. Please cancel the attendance before modifying time.
An error has been appeared while reposting item valuation via {0}
An error occurred during the update process
An error occurred for certain Items while creating Material Requests based on Re-order level. Please rectify these issues :
An error occurred while setting Session Defaults
An icon file with .ico extension. Should be 16 x 16 px. Generated using a favicon generator. [favicon-generator.org]
An unexpected error occurred while authorizing {}.
Analysis Chart
Analytical Accounting
Analytics
Ancestors Of
Announcement Widget
Announcements
Annual Allocation
Annual Allocation Exceeded
Annual Billing: {0}
Annual Budget for Account {0} against {1} {2} is {3}. It will be collectively ({4}) exceeded by {5}
Annual Budget for Account {0} against {1}: {2} is {3}. It will be exceeded by {4}
Annual Expenses
Annual Income
Annual Salary
Annual Taxable Amount
Anonymization Matrix
Anonymous responses
Another Budget record '{0}' already exists against {1} '{2}' and account '{3}' with overlapping fiscal years.
Another Cost Center Allocation record {0} applicable from {1}, hence this allocation will be applicable upto {2}
Another Payment Request is already processed
Another Sales Person {0} exists with the same Employee id
Another transaction is blocking this one. Please try again in a few seconds.
Another {0} with name {1} exists, select another name
Any one of following filters required: warehouse, Item Code, Item Group
Any other details
Any other remarks, noteworthy effort that should go in the records
Any string-based printer languages can be used. Writing raw commands requires knowledge of the printer's native language provided by the printer manufacturer. Please refer to the developer manual provided by the printer manufacturer on how to write their native commands. These commands are rendered on the server side using the Jinja Templating Language.
Apart from System Manager, roles with Set User Permissions right can set permissions for other users for that Document Type.
App ID
App Logo
App Name (Client Name)
App not found for module: {0}
App {0} is not installed
Append Emails to Sent Folder
Append To
Append To can be one of {0}
Append as communication against this DocType (must have fields: "Sender" and "Subject"). These fields can be defined in the email settings section of the appended doctype.
Applicable Dimension
Applicable Document Types
Applicable Earnings Component
Applicable Holiday List
Applicable Modules
Applicable On Account
Applicable Salary Components
Applicable To (Designation)
Applicable To (Employee)
Applicable To (Role)
Applicable To (User)
Applicable for Countries
Applicable for Users
Applicable for external driver
Applicable if the company is SpA, SApA or SRL
Applicable if the company is a limited liability company
Applicable if the company is an Individual or a Proprietorship
Applicable in the case of Employee Onboarding
Applicable on Cumulative Expense
Applicable on booking actual expenses
Applicant Email Address
Applicant Rating
Applicant for a Job
Applicant name
Application Logo
Application Name
Application Version
Application is not installed
Application of Funds (Assets)
Application period cannot be across two allocation records
Application period cannot be outside leave allocation period
Applications Received
Applications received:
Applied Coupon Code
Applied On
Applied on each reading.
Applied putaway rules.
Applies To
Applies To (DocType)
Applies to Company
Apply / Approve Leaves
Apply Additional Discount On
Apply Assignment Rule
Apply Discount on Discounted Rate
Apply Discount on Rate
Apply Filters
Apply Module Export Filter
Apply Now
Apply Putaway Rule
Apply Recursion Over (As Per Transaction UOM)
Apply SLA for Resolution Time
Apply Strict User Permissions
Apply To
Apply To All Document Types
Apply User Permission On
Apply discounts and margins on products
Apply document permissions
Apply for Public Holiday
Apply for Weekend
Apply restriction on dimension values
Apply this rule if the User is the Owner
Apply to All Inventory Documents
Apply to Document
Apply to all Documents Types
Applying: {0}
Appointment Confirmation
Appointment Created Successfully
Appointment Details
Appointment Duration (In Minutes)
Appointment Letter Template
Appointment Letter content
Appointment Scheduling Disabled
Appointment Scheduling has been disabled for this site
Appointment was created. But no lead was found. Please check the email to confirm
Appraisal Goal
Appraisal KRA
Appraisal Linking
Appraisal Overview
Appraisal Template Goal
Appraisal Template Missing
Appraisal Template Title
Appraisal Template not found for some designations.
Appraisal creation is queued. It may take a few minutes.
Appraisal {0} already exists for Employee {1} for this Appraisal Cycle or overlapping period
Appraisal {0} does not belong to Employee {1}
Appraisee
Appraisees: {0}
Apprentice
Approval
Approval Status
Approval Status must be 'Approved' or 'Rejected'
Approvers
Approving Role (above authorized value)
Approving Role cannot be same as role the rule is Applicable To
Approving User  (above authorized value)
Approving User cannot be same as user the rule is Applicable To
Approximately match the description/party name against parties
Apr
Ar
Archived Columns
Are you sure you want to cancel the invitation?
Are you sure you want to clear all demo data?
Are you sure you want to clear the assignments?
Are you sure you want to delete all {0} rows?
Are you sure you want to delete the attachment
Are you sure you want to delete the attachment?
Are you sure you want to delete the column? All the fields in the column will be moved to the previous column.
Are you sure you want to delete the section? All the columns along with fields in the section will be moved to the previous section.
Are you sure you want to delete the tab? All the sections along with fields in the tab will be moved to the previous tab.
Are you sure you want to delete this Item?
Are you sure you want to delete this record?
Are you sure you want to delete {0}?<p>This action will also delete all associated Common Code documents.</p>
Are you sure you want to discard the changes?
Are you sure you want to email the selected salary slips?
Are you sure you want to generate a new report?
Are you sure you want to log out?
Are you sure you want to merge {0} with {1}?
Are you sure you want to proceed?
Are you sure you want to re-enable scheduler?
Are you sure you want to reject the Employee Referral?
Are you sure you want to relink this communication to {0}?
Are you sure you want to remove all failed jobs?
Are you sure you want to remove the {0} filter?
Are you sure you want to reset all customizations?
Are you sure you want to restart this subscription?
Are you sure you want to revise this budget? The current budget will be cancelled and a new draft will be created.
Are you sure you want to save this document?
Are you sure you want to {0}?
Area
Area UOM
Arguments
Arial
Arrear
Arrear Component
Arrear Component cannot be set for Salary Components based on taxable salary.
Arrear Start Date
Arrears
Arrival Datetime
Arrival Quantity
As a best practice, do not assign the same set of permission rule to different Roles. Instead, set multiple Roles to the same User.
As document sharing is disabled, please give them the required permissions before assigning.
As on Date
As per Stock UOM
As per your assigned Salary Structure you cannot apply for benefits
As per your request, your account and data on {0} associated with email {1} has been permanently deleted
As the field {0} is enabled, the field {1} is mandatory.
As the field {0} is enabled, the value of the field {1} should be more than 1.
As there are existing submitted transactions against item {0}, you can not change the value of {1}.
As there are reserved stock, you cannot disable {0}.
As there are sufficient Sub Assembly Items, Work Order is not required for Warehouse {0}.
As there are sufficient raw materials, Material Request is not required for Warehouse {0}.
As {0} is enabled, you can not enable {1}.
Assembly Items
Asset Account
Asset Category is mandatory for Fixed Asset item
Asset Depreciation Cost Center
Asset Depreciation Schedule for Asset {0} and Finance Book {1} is not using shift based depreciation
Asset Depreciation Schedule not found for Asset {0} and Finance Book {1}
Asset Depreciation Schedule {0} for Asset {1} already exists.
Asset Depreciation Schedule {0} for Asset {1} and Finance Book {2} already exists.
Asset Depreciation Schedules created/updated:<br>{0}<br><br>Please check, edit if needed, and submit the Asset.
Asset Depreciations and Balances
Asset Details
Asset ID
Asset Movement Item
Asset Movement record {0} created
Asset Owner
Asset Owner Company
Asset Quantity
Asset Recovery Cost for {0}: {1}
Asset Repair Consumed Item
Asset Repair Purchase Invoice
Asset Settings
Asset Shift Factor {0} is set as default currently. Please change it first.
Asset Status
Asset Value Adjustment cannot be posted before Asset's purchase date <b>{0}</b>.
Asset Value Analytics
Asset cancelled
Asset cannot be cancelled, as it is already {0}
Asset cannot be scrapped before the last depreciation entry.
Asset capitalized after Asset Capitalization {0} was submitted
Asset created
Asset created after being split from Asset {0}
Asset deleted
Asset issued to Employee {0}
Asset out of order due to Asset Repair {0}
Asset received at Location {0} and issued to Employee {1}
Asset restored
Asset restored after Asset Capitalization {0} was cancelled
Asset returned
Asset scrapped
Asset scrapped via Journal Entry {0}
Asset sold
Asset submitted
Asset transferred to Location {0}
Asset updated after being split into Asset {0}
Asset updated due to Asset Repair {0} {1}.
Asset {0} cannot be scrapped, as it is already {1}
Asset {0} does not belong to Item {1}
Asset {0} does not belong to company {1}
Asset {0} does not belong to the custodian {1}
Asset {0} does not belong to the location {1}
Asset {0} does not exist
Asset {0} has been updated. Please set the depreciation details if any and submit it.
Asset {0} is in {1} status and cannot be repaired.
Asset {0} is not set to calculate depreciation.
Asset {0} is not submitted. Please submit the asset before proceeding.
Asset {0} must be submitted
Asset {assets_link} created for {item_code}
Asset's depreciation schedule updated after Asset Shift Allocation {0}
Asset's value adjusted after cancellation of Asset Value Adjustment {0}
Asset's value adjusted after submission of Asset Value Adjustment {0}
Assets
Assets Allocated
Assets not created for {item_code}. You will have to create asset manually.
Assets {assets_link} created for {item_code}
Assign Condition
Assign Job to Employee
Assign Salary Structure to {0} employee(s)?
Assign Shift
Assign Shift Schedule
Assign Structure
Assign To User Group
Assign To Users
Assign a user
Assign one by one, in sequence
Assign to Name
Assign to me
Assign to the one who has the least assignments
Assign to the user set in this field
Assigned
Assigned By
Assigned By Full Name
Assigned To/Owner
Assignee
Assigning Salary Structure
Assigning Structure...
Assigning Structures...
Assigning...
Assignment Completed
Assignment Conditions
Assignment Days
Assignment Rule is not allowed on document type {0}
Assignment Rules
Assignment Starts From
Assignment Update on {0}
Assignment based on
Assignment for {0} {1}
Assignment of {0} removed by {1}
Assignment start date cannot be outside holiday list dates
Assignments
Associate Job Opening
Associated Document
Associated Document Type
Asynchronous
At Row #{0}: The picked quantity {1} for the item {2} is greater than available stock {3} for the batch {4} in the warehouse {5}. Please restock the item.
At Row #{0}: The picked quantity {1} for the item {2} is greater than available stock {3} in the warehouse {4}.
At Row {0}: In Serial and Batch Bundle {1} must have docstatus as 1 and not 0
At least one account with exchange gain or loss is required
At least one asset has to be selected.
At least one column is required to show in the grid.
At least one field is required in Web Form Fields Table
At least one field of Parent Document Type is mandatory
At least one interview has to be selected.
At least one invoice has to be selected.
At least one item should be entered with negative quantity in return document
At least one mode of payment is required for POS invoice.
At least one of the Applicable Modules should be selected
At least one of the Selling or Buying must be selected
At least one raw material item must be present in the stock entry for the type {0}
At least one row is required for a financial report template
At least one warehouse is mandatory
At row #{0}: the Difference Account must not be a Stock type account, please change the Account Type for the account {1} or select a different account
At row #{0}: the sequence id {1} cannot be less than previous row sequence id {2}
At row #{0}: you have selected the Difference Account {1}, which is a Cost of Goods Sold type account. Please select a different account
At row {0}: Batch No is mandatory for Item {1}
At row {0}: Parent Row No cannot be set for item {1}
At row {0}: Qty is mandatory for the batch {1}
At row {0}: Serial No is mandatory for Item {1}
At row {0}: Serial and Batch Bundle {1} has already created. Please remove the values from the serial no or batch no fields.
At row {0}: set Parent Row No for item {1}
Atleast one raw material for Finished Good Item {0} should be customer provided.
Attach CSV File
Attach Document Print
Attach Files
Attach Image
Attach Package
Attach Print
Attach Proof
Attach a comma separated .csv file with two columns, one for the old name and one for the new name.
Attach a web link
Attach custom Chart of Accounts file
Attach files / urls and add in table.
Attached File
Attached To DocType
Attached To Field
Attached To Name
Attached To Name must be a string or an integer
Attachment Limit (MB)
Attachment Limit Reached
Attachment Link
Attachment Removed
Attachment Settings
Attempted
Attempting Connection to QZ Tray...
Attempting to launch QZ Tray...
Attendance & Leaves
Attendance Device ID (Biometric/RF tag ID)
Attendance From Date
Attendance From Date and Attendance To Date is mandatory
Attendance ID
Attendance Settings
Attendance To Date
Attendance Updated
Attendance Warnings
Attendance date {0} can not be less than employee {1}'s joining date: {2}
Attendance for all the employees under this criteria has been marked already.
Attendance for employee {0} is already marked for an overlapping shift {1}: {2}
Attendance for employee {0} is already marked for the date {1}: {2}
Attendance for employee {0} is already marked for the following dates: {1}
Attendance for the following dates will be skipped/overwritten on submission
Attendance from {0} to {1} has already been marked for the Employee {2}
Attendance has been marked for all the employees between the selected payroll dates.
Attendance is pending for these employees between the selected payroll dates. Mark attendance to proceed. Refer {0} for details.
Attendance marked successfully
Attendance marked successfully.
Attendance not submitted for {0} as it is a Holiday.
Attendance not submitted for {0} as {1} is on leave.
Attendance will be marked automatically only after this date.
AttendanceRequestListView
Attendees
Attending
Attribute
Attribute table is mandatory
Attribute value: {0} must appear only once
Attribute {0} selected multiple times in Attributes Table
Attributes
Attribution
Attrition Count
Audit System Hooks
Aug
Auth URL Data
Auth URL data should be valid JSON
Authenticate as Service Principal
Authentication Apps you can use are:
Authentication Failed
Authentication failed while receiving emails from Email Account: {0}.
Author
Authorised By
Authorization Code
Authorization Control
Authorization Rule
Authorization URI
Authorization error for {}.
Authorize API Access
Authorize API Indexing  Access
Authorize Google Calendar Access
Authorize Google Contacts Access
Authorize URL
Authorized
Authorized Signatory
Authorized Value
Authors
Authors / Maintainers
Auto
Auto Create Assets on Purchase
Auto Create Exchange Rate Revaluation
Auto Create Purchase Receipt
Auto Create Serial and Batch Bundle For Outward
Auto Create Subcontracting Order
Auto Created (Reorder)
Auto Created Serial and Batch Bundle
Auto Creation of Contact
Auto Email Report
Auto Fetch
Auto Fetch Serial Numbers
Auto Insert Item Price If Missing
Auto Leave Encashment
Auto Material Requests Generated
Auto Name
Auto Opt In (For all customers)
Auto Reconcile Payments
Auto Reconciliation
Auto Reconciliation Job Trigger
Auto Reconciliation has started in the background
Auto Reconciliation of Payments has been disabled. Enable it through {0}
Auto Repeat Day{0} {1} has been repeated.
Auto Repeat Document Creation Failed
Auto Repeat Schedule
Auto Repeat User
Auto Repeat created for this document
Auto Repeat failed for {0}
Auto Reply
Auto Reply Message
Auto Reserve Serial and Batch Nos
Auto Reserve Stock
Auto Reserve Stock for Sales Order on Purchase
Auto Tax Settings Error
Auto User Creation Error
Auto assignment failed: {0}
Auto close Opportunity Replied after the no. of days mentioned above
Auto follow documents that are assigned to you
Auto follow documents that are shared with you
Auto follow documents that you Like
Auto follow documents that you comment on
Auto follow documents that you create
Auto match and set the Party in Bank Transactions
Auto re-order
Auto repeat document updated
Auto repeat failed. Please enable auto repeat after fixing the issues.
Auto write off precision loss while consolidation
Autocomplete
Autoincrement
Automated Based on Goal Progress
Automated Message
Automatic Leave Allocation has failed for the following Earned Leaves: {0}. Please check {1} for more details.
Automatic Linking can be activated only for one Email Account.
Automatic Linking can be activated only if Incoming is enabled.
Automatic sending of emails is disabled via site config.
Automatically Add Filtered Item To Cart
Automatically Add Taxes from Taxes and Charges Template
Automatically Assign Documents to Users
Automatically Create New Batch
Automatically Fetch Payment Terms from Order/Quotation
Automatically Process Deferred Accounting Entry
Automatically applied a filter for recent data. You can disable this behavior from the list view settings.
Automatically delete account within (hours)
Automatically fetches all assets allocated to the employee, if any
Automatically post balancing accounting entry
Automatically update Last Sync of Checkin
Automation
Available / Future Inventory
Available Batch Qty at From Warehouse
Available Batch Qty at Warehouse
Available Batch Report
Available Leave(s)
Available Leaves
Available Qty For Consumption
Available Qty at Company
Available Qty at Source Warehouse
Available Qty at Target Warehouse
Available Qty at WIP Warehouse
Available Qty at Warehouse
Available Qty to Reserve
Available Quantity
Available Serial No
Available Stock for Packing Items
Available for use date is required
Available quantity is {0}, you need {1}
Available {0}
Available-for-use Date should be after purchase date
Average Age
Average Commission Rate
Average Completion
Average Feedback Score
Average Rate
Average Rating
Average of Goal Score, Feedback Score, and Self Appraisal Score
Average of {0}
Average rating of demonstrated skills
Average time taken by the supplier to deliver
Avg Daily Outgoing
Avg Feedback Score
Avg Rate
Avg Rate (Balance Stock)
Avg Utilization
Avg Utilization (Billed Only)
Avg. Buying Price List Rate
Avg. Selling Price List Rate
Avg. Selling Rate
Avoid dates and years that are associated with you.
Avoid recent years.
Avoid sequences like abc or 6543 as they are easy to guess
Avoid years that are associated with you.
Awaiting password
Awesome Work
Awesome, now try making an entry yourself
B
B+
B-
B0
B1
B10
B2
B3
B4
B5
B6
B7
B8
B9
BFS
BHTN (DN)
BHTN (NLĐ)
BHTN NLĐ
BHXH (DN)
BHXH (NLĐ)
BHXH - Doanh nghiệp
BHXH - Người lao động
BHXH NLĐ
BHYT (DN)
BHYT (NLĐ)
BHYT NLĐ
BIN Qty
BKAV
BOM 1
BOM 1 {0} and BOM 2 {1} should not be same
BOM 2
BOM Created
BOM Explosion Item
BOM ID
BOM Info
BOM No (For Semi-Finished Goods)
BOM No. for a Finished Good Item
BOM Rate
BOM Secondary Item
BOM Secondary Item Reference
BOM Stock Analysis
BOM Tree
BOM Update Initiated
BOM Update Tool Log with job status maintained
BOM Updation already in progress. Please wait until {0} is complete.
BOM Updation is queued and may take a few minutes. Check {0} for progress.
BOM Website Item
BOM Website Operation
BOM and Finished Good Quantity is mandatory for Disassembly
BOM and Production
BOM does not contain any stock item
BOM recursion: {0} cannot be child of {1}
BOM recursion: {1} cannot be parent or child of {0}
BOM {0} does not belong to Item {1}
BOM {0} must be active
BOM {0} must be submitted
BOM {0} not found for the item {1}
BOMs Updated
BOMs created successfully
BOMs creation failed
BOMs creation has been enqueued, kindly check the status after some time
BUDGET-.########
Back to Desk
Back to Home
Back to Login
Backdated Leave Application is restricted. Please set the {} in {}
Backdated Stock Entry
Backflush Materials From WIP Warehouse
Backflush Raw Materials From Work-in-Progress Warehouse
Backflush Raw Materials of Subcontract Based On
Background Image
Background Jobs Check
Background Jobs Queue
Background Print (required for >25 documents)
Background Workers
Backup Encryption Key
Backup job is already queued. You will receive an email with the download link
Backups
Backups (MB)
Bad Cron Expression
Balance (Dr - Cr)
Balance ({0})
Balance Qty
Balance Qty (Stock)
Balance Serial No
Balance Sheet Closing Balance
Balance Sheet Summary
Balance Stock Qty
Balance Stock Value
Balance Type
Balance Value
Balance for Account {0} must always be {1}
Balance must be
Bank / Cash Account
Bank A/C No.
Bank Account Details
Bank Account Info
Bank Account No
Bank Account Subtype
Bank Account Type
Bank Account {} in Bank Transaction {} is not matching with Bank Account {}
Bank Accounts
Bank Balance
Bank Charges
Bank Clearance Detail
Bank Clearance Summary
Bank Credit Balance
Bank Details
Bank Entries
Bank Guarantee Type
Bank Overdraft Account
Bank Statement balance as per General Ledger
Bank Transaction Mapping
Bank Transaction Payments
Bank Transaction {0} Matched
Bank Transaction {0} added as Journal Entry
Bank Transaction {0} added as Payment Entry
Bank Transaction {0} is already fully reconciled
Bank Transaction {0} updated
Bank account cannot be named as {0}
Bank account {0} already exists and could not be created again
Bank accounts added
Bank transaction creation error
Bank/Cash Account
Bank/Cash Account {0} doesn't belong to company {1}
Banker's Rounding
Banker's Rounding (legacy)
Banking
Banner HTML
Banner Image
Banner is above the Top Menu Bar.
Bar
Barcode Type
Barcode {0} already used in Item {1}
Barcode {0} is not a valid {1} code
Barcodes
Base
Base Amount (Company Currency)
Base Change Amount (Company Currency)
Base Cost (Company Currency)
Base Cost Per Unit
Base Distinguished Name (DN)
Base Hour Rate(Company Currency)
Base Tax Withheld
Base Taxable Amount
Base Total Billable Amount
Base Total Billed Amount
Base Total Costing Amount
Base URL
Base, Variable & Leave Encashment
Based On
Based On Data ( in years )
Based On Document
Based On Payment Terms
Based On Value
Based on Field
Based on Permissions For User
Based on your HR Policy, select your leave allocation period's end date
Based on your HR Policy, select your leave allocation period's start date
Basic
Basic Amount
Basic Info
Basic Rate (Company Currency)
Basic Rate (as per Stock UOM)
Batch Description
Batch Details
Batch ID
Batch ID is mandatory
Batch Item Expiry Status
Batch No is mandatory
Batch No {0} does not exists
Batch No {0} is linked with Item {1} which has serial no. Please scan serial no instead.
Batch No {0} is not present in the original {1} {2}, hence you can't return it against the {1} {2}
Batch No.
Batch Nos
Batch Nos are created successfully
Batch Not Available for Return
Batch Number Series
Batch Qty
Batch Qty updated successfully
Batch Qty updated to {0}
Batch Quantity
Batch UOM
Batch and Serial No
Batch not created for item {} since it does not have a batch series.
Batch {0} and Warehouse
Batch {0} is not available in warehouse {1}
Batch {0} of Item {1} has expired.
Batch {0} of Item {1} is disabled.
Batch-Wise Balance History
Batchwise Valuation
Before
Before Discard
Before Print
Before Rename
Before Save (Submitted Document)
Before Validate
Before reconciliation
Begin On (Days)
Begin check-in before shift start time (in minutes)
Beginner
Beginning of the current subscription period
Beginning with
Below Subscription Plans are of different currency to the party default billing currency/Company currency: {0}
Below is the list of upcoming holidays for you:
Benefit Details
Benefit amount of component {0} exceeds {1}
Benefit amount of component {0} should be greater than 0
Benefit amount {0} for Salary Component {1} should not be greater than maximum benefit amount {2} set in {3}
Beta
Better add a few more letters or another word
Bill Amount
Bill for Rejected Quantity in Purchase Invoice
Billed Amount
Billed Hours
Billed Hours (B)
Billed Items To Be Received
Billed Qty
Billed, Received & Returned
Billing
Billing Address Details
Billing Address does not belong to the {0}
Billing Amount
Billing Contact
Billing Currency
Billing Details
Billing Email
Billing Interval Count cannot be less than 1
Billing Interval in Subscription Plan must be Month to follow calendar months
Billing currency must be equal to either default company's currency or party account currency
Bimonthly
Bin Qty Recalculated
Binary Logging
Bio
Bio / Cover Letter
Birth Date
Birthday Reminder
Birthday Reminder 🎂
Birthdays
Bisect Accounting Statements
Bisect Left
Bisect Nodes
Bisect Right
Bisecting From
Bisecting Left ...
Bisecting Right ...
Bisecting To
Biweekly
Blank Line
Blank Template
Blanket Order Allowance (%)
Block Date
Block Days
Block Holidays on important days.
Block Invoice
Block Module
Block Modules
Blog Subscriber
Body
Body Text
Body and Closing Text Help
Bold Text
Bold text for emphasis (totals, major headings)
Bonus Amount
Bonus Payment Date
Bonus Payment Date cannot be a past date
Book Advance Payments as Liability option is chosen. Paid From account changed from {0} to {1}.
Book Advance Payments in Separate Party Account
Book Appointment
Book Deferred Entries Based On
Book Deferred Entries Via Journal Entry
Book Tax Loss on Early Payment Discount
Book an appointment
Booked Fixed Asset
Booking stock value across multiple accounts will make it harder to track stock and account value.
Books have been closed till the period ending on {0}
Bot
Both DocType and Name required
Both Payable Account: {0} and Advance Account: {1} must be of same currency for company: {2}
Both Receivable Account: {0} and Advance Account: {1} must be of same currency for company: {2}
Both Trial Period Start Date and Trial Period End Date must be set
Both login and password required
Both {0} Account: {1} and Advance Account: {2} must be of same currency for company: {3}
Bottom
Bottom Center
Bottom Left
Bottom Right
Bounced
Branch: {0}
Brand Defaults
Brand Image
Brand Logo
Brand Name
Breadcrumbs
Breakdown
Browse BOM
Browser Version
Browser not supported
Brute Force Security
Bucket Size
Budget Against
Budget Amount can not be {0}.
Budget Detail
Budget Distribution Total
Budget End Date
Budget Limit Exceeded
Budget List
Budget Start Date
Budget cannot be assigned against Group Account {0}
Budget cannot be assigned against {0}, as it's not an Income or Expense account
Budgets
Buffer Time
Buffered Cursor
Bufferpool Size
Build All?
Build Tree
Build {0}
Buildable Qty
Buildings
Built on {0}
Bulk Actions
Bulk Assignments
Bulk Edit {0}
Bulk Leave Policy Assignment
Bulk Operation Failed
Bulk Operation Successful
Bulk PDF Export
Bulk Rename Jobs
Bulk Salary Structure Assignment
Bulk Transaction
Bulk Transaction Log
Bulk Transaction Log Detail
Bulk approval only support up to 500 documents.
Bulk attendance marking is already in progress for employee {0}. You can monitor the job status {1}
Bulk attendance marking is queued with a background job. It may take a while. You can monitor the job status {0}
Bulk operation is enqueued in background.
Bulk operations only support up to 500 documents.
Bulk {0} is enqueued in background.
Busy
Button
Button Color
Button Gradients
Button Rounded Corners
Button Shadows
Buy
Buyer of Goods and Services.
Buying & Selling Settings
Buying Amount
Buying Rate
Buying and Selling
Buying must be checked, if Applicable For is selected as {0}
By "Naming Series" field
By default the title is used as meta title, adding a value here will override it.
By default, the Final Score is calculated as the average of Goal Score, Feedback Score, and Self Appraisal Score. Enable this to set a different formula
By default, the Supplier Name is set as per the Supplier Name entered. If you want Suppliers to be named by a <a href='https://docs.erpnext.com/docs/user/manual/en/setting-up/settings/naming-series' target='_blank'>Naming Series</a> choose the 'Naming Series' option.
By fieldname
By script
By-Product
Bypass Credit Limit Check at Sales Order
Bypass Restricted IP Address Check If Two Factor Auth Enabled
Bypass Two Factor Auth for users who login from restricted IP Address
Bypass credit check at Sales Order
Bypass restricted IP Address check If Two Factor Auth Enabled
Bạn có chắc muốn phát hành hóa đơn điện tử cho {0}?
Bạn không có quyền hủy hóa đơn này
Bạn không có quyền phát hành hóa đơn này
C5E
CANCELLED
CBAL-.#####
CC To
CMD
CODE-39
COGS By Item Group
COGS Debit
COLOR PICKER
CRM
CRM Note
CRM-LEAD-.YYYY.-
CRM-OPP-.YYYY.-
CSS
CSS Class
CSS selector for the element you want to highlight.
CSV
CUST-.YYYY.-
CWIP Account
Cache Cleared
Calculate
Calculate Ageing With
Calculate Depreciation
Calculate Estimated Arrival Times
Calculate Final Score based on Formula
Calculate Gratuity Amount Based On
Calculate Payroll Working Days Based On
Calculate Product Bundle Price based on Child Items' Rates
Calculate but don't show on final report
Calculate daily depreciation using total days in depreciation period
Calculated Amount
Calculated Bank Statement balance
Calculated Discount Mismatch
Calculated in days
Calculations
Calendar Name
Calibration
Call
Call Again
Call Connected
Call Details
Call Duration in seconds
Call Ended
Call Handling Schedule
Call Log
Call Missed
Call Received By
Call Receiving Device
Call Routing
Call Schedule Row {0}: To time slot should always be ahead of From time slot.
Call Summary
Call Summary Saved
Call To Action
Call To Action URL
Call Type
Callback
Callback Message
Callback Title
Calls
Camera
Campaign Description (Optional)
Campaign Efficiency
Campaign Item
Campaign Naming By
Campaign Schedules
Campaign {0} not found
Can be approved by {0}
Can not close Work Order. Since {0} Job Cards are in Work In Progress state.
Can not filter based on Cashier, if grouped by Cashier
Can not filter based on Child Account, if grouped by Account
Can not filter based on Customer, if grouped by Customer
Can not filter based on POS Profile, if grouped by POS Profile
Can not filter based on Payment Method, if grouped by Payment Method
Can not filter based on Voucher No, if grouped by Voucher
Can not rename as column {0} is already present on DocType.
Can only change to/from Autoincrement naming rule when there is no data in the doctype
Can only list down the document types which has been linked to the User document type.
Can only make payment against unbilled {0}
Can refer row only if the charge type is 'On Previous Row Amount' or 'Previous Row Total'
Can't change the valuation method, as there are transactions against some items which do not have its own valuation method
Can't follow since changes are not tracked.
Can't rename {0} to {1} because {0} doesn't exist.
Cancel All Documents
Cancel At End Of Period
Cancel Import
Cancel Material Visit {0} before cancelling this Warranty Claim
Cancel Material Visits {0} before cancelling this Maintenance Visit
Cancel Prepared Report
Cancel Subscription After Grace Period
Cancel {0} documents?
Cancellation Queued
Cancelled Document restored as Draft
Cancelling
Cancelling documents
Cancelling {0}
Cannot Assign Cashier
Cannot Calculate Arrival Time as Driver Address is Missing.
Cannot Change Inventory Account Setting
Cannot Create Return
Cannot Download Report due to insufficient permissions
Cannot Fetch Values
Cannot Merge
Cannot Modify Time
Cannot Optimize Route as Driver Address is Missing.
Cannot Relieve Employee
Cannot Remove
Cannot Resubmit Ledger entries for vouchers in Closed fiscal year.
Cannot Update After Submit
Cannot access file path {0}
Cannot add child table {0} to deletion list. Child tables are automatically deleted with their parent DocTypes.
Cannot allocate leaves outside the allocation period {0} - {1}
Cannot allocate more leaves due to maximum leave allocation limit of {0} in leave policy assignment
Cannot allocate more leaves due to maximum leaves allowed limit of {0} in {1} leave type.
Cannot amend {0} {1}, please create a new one instead.
Cannot apply TDS against multiple parties in one entry
Cannot be a fixed asset item as Stock Ledger is created.
Cannot break shift after end date
Cannot break shift before start date
Cannot cancel Asset Depreciation Schedule {0} as it has a draft journal entry {1}.
Cannot cancel POS Closing Entry
Cannot cancel Shift Assignment: {0} as it is linked to Attendance: {1}
Cannot cancel Shift Assignment: {0} as it is linked to Employee Checkin: {1}
Cannot cancel Stock Reservation Entry {0}, as it has used in the work order {1}. Please cancel the work order first or unreserved the stock
Cannot cancel as processing of cancelled documents is pending.
Cannot cancel because submitted Stock Entry {0} exists
Cannot cancel before submitting while transitioning from <b>{0} State</b> to <b>{1} State</b>
Cannot cancel before submitting. See Transition {0}
Cannot cancel the transaction. Reposting of item valuation on submission is not completed yet.
Cannot cancel this Manufacturing Stock Entry as quantity of Finished Good produced cannot be less than quantity delivered in the linked Subcontracting Inward Order.
Cannot cancel this document as it is linked with the submitted Asset Value Adjustment <b>{0}</b>. Please cancel the Asset Value Adjustment to continue.
Cannot cancel this document as it is linked with the submitted asset {asset_link}. Please cancel the asset to continue.
Cannot cancel transaction for Completed Work Order.
Cannot cancel {0}.
Cannot change Attributes after stock transaction. Make a new Item and transfer stock to the new Item
Cannot change Reference Document Type.
Cannot change Service Stop Date for item in row {0}
Cannot change Variant properties after stock transaction. You will have to make a new Item to do this.
Cannot change company's default currency, because there are existing transactions. Transactions must be cancelled to change the default currency.
Cannot change docstatus from 0 (Draft) to 2 (Cancelled)
Cannot change docstatus from 1 (Submitted) to 0 (Draft)
Cannot change state of Cancelled Document <b>({0} State)</b>
Cannot change state of Cancelled Document. Transition row {0}
Cannot change to/from autoincrement autoname in Customize Form
Cannot complete task {0} as its dependant task {1} are not completed / cancelled.
Cannot convert Cost Center to ledger as it has child nodes
Cannot convert Task to non-group because the following child Tasks exist: {0}.
Cannot convert to Group because Account Type is selected.
Cannot covert to Group because Account Type is selected.
Cannot create Salary Slip for Employee joining after Payroll Period
Cannot create Salary Slip for Employee who has left before Payroll Period
Cannot create Stock Reservation Entries for future dated Purchase Receipts.
Cannot create a Job Applicant against a closed Job Opening
Cannot create a pick list for Sales Order {0} because it has reserved stock. Please unreserve the stock in order to create a pick list.
Cannot create a {0} against a child document: {1}
Cannot create accounting entries against disabled accounts: {0}
Cannot create or change transactions against an Appraisal Cycle with status {0}.
Cannot create private workspace of other users
Cannot create return for consolidated invoice {0}.
Cannot deactivate or cancel BOM as it is linked with other BOMs
Cannot declare as lost, because Quotation has been made.
Cannot deduct when category is for 'Valuation' or 'Valuation and Total'
Cannot delete Desktop Icon '{0}' as it is restricted
Cannot delete Exchange Gain/Loss row
Cannot delete Home and Attachments folders
Cannot delete Serial No {0}, as it is used in stock transactions
Cannot delete an item which has been ordered
Cannot delete or cancel because {0} {1} is linked with {2} {3} {4}
Cannot delete protected core DocType: {0}
Cannot delete standard action. You can hide it if you want
Cannot delete standard document state.
Cannot delete standard field <strong>{0}</strong>. You can hide it instead.
Cannot delete standard field. You can hide it if you want
Cannot delete standard link. You can hide it if you want
Cannot delete system generated field <strong>{0}</strong>. You can hide it instead.
Cannot delete virtual DocType: {0}. Virtual DocTypes do not have database tables.
Cannot delete {0}
Cannot delete {0} as it has child nodes
Cannot disable Serial and Batch No for Item, as there are existing records for serial / batch.
Cannot disable perpetual inventory, as there are existing Stock Ledger Entries for the company {0}. Please cancel the stock transactions first and try again.
Cannot disable {0} as it may lead to incorrect stock valuation.
Cannot disassemble more than produced quantity.
Cannot disassemble {0} qty against Stock Entry {1}. Only {2} qty available to disassemble.
Cannot edit Standard Dashboards
Cannot edit Standard Notification. To edit, please disable this and duplicate it
Cannot edit Standard charts
Cannot edit a standard report. Please duplicate and create a new report
Cannot edit cancelled document
Cannot edit filters for standard charts
Cannot edit filters for standard number cards
Cannot edit standard fields
Cannot enable Item-wise Inventory Account, as there are existing Stock Ledger Entries for the company {0} with Warehouse-wise Inventory Account. Please cancel the stock transactions first and try again.
Cannot enable {0} for a non-submittable doctype
Cannot ensure delivery by Serial No as Item {0} is added with and without Ensure Delivery by Serial No.
Cannot fetch selected rows for submitted Payment Request
Cannot find Item or Warehouse with this Barcode
Cannot find Item with this Barcode
Cannot find a default warehouse for item {0}. Please set one in the Item Master or in Stock Settings.
Cannot find active Leave Period
Cannot find file {} on disk
Cannot get file contents of a Folder
Cannot have multiple printers mapped to a single print format.
Cannot import table with more than 5000 rows.
Cannot link cancelled document: {0}
Cannot map because following condition fails:
Cannot mark attendance for an Inactive employee {0}
Cannot match column {0} with any field
Cannot merge {0} '{1}' into '{2}' as both have existing accounting entries in different currencies for company '{3}'.
Cannot move row
Cannot produce more Item {0} than Sales Order quantity {1} {2}
Cannot produce more item for {0}
Cannot produce more than {0} items for {1}
Cannot receive from customer against negative outstanding
Cannot reduce quantity than ordered or purchased quantity
Cannot refer row number greater than or equal to current row number for this Charge type
Cannot remove ID field
Cannot retrieve link token for update. Check Error Log for more information
Cannot retrieve link token. Check Error Log for more information
Cannot select a Group type Customer Group. Please select a non-group Customer Group.
Cannot select charge type as 'On Previous Row Amount' or 'On Previous Row Total' for first row
Cannot set 'Report' permission if 'Only If Creator' permission is set
Cannot set Notification with event {0} on Document Type {1}
Cannot set as Lost as Sales Order is made.
Cannot set authorization on basis of Discount for {0}
Cannot set multiple Item Defaults for a company.
Cannot set quantity less than delivered quantity
Cannot set quantity less than received quantity
Cannot set the field <b>{0}</b> for copying in variants
Cannot share {0} with submit permission as the doctype {1} is not submittable
Cannot start deletion. Another deletion {0} is already queued/running. Please wait for it to complete.
Cannot submit {0}.
Cannot submit. Attendance is not marked for some employees.
Cannot update allocation for {0} after submission
Cannot update rate as item {0} is already ordered or purchased against this quotation
Cannot update status of Goal groups
Cannot update {0}
Cannot use sub-query here.
Cannot use {0} in order/group by
Cannot {0} from {1} without any negative outstanding invoice
Cannot {0} {1}.
Canonical URI
Capacity (Stock UOM)
Capacity Planning Error, planned start time can not be same as end time
Capacity Planning For (Days)
Capacity in Stock UOM
Capacity must be greater than 0
Capital Equipment
Capital Stock
Capital Work in Progress
Capitalization doesn't help very much.
Capitalize Asset
Capitalize this asset before submitting.
Capitalized
Capture
Card Break
Card Label
Card Links
Cards
Carrier Service
Carry Forward Communication and Comments
Carry Forwarded Leaves
Cash Flow from Financing
Cash Flow from Investing
Cash Flow from Operations
Cash In Hand
Cash or Bank Account is mandatory for making payment entry
Cash/Bank Account
Cashier Closing
Cashier Closing Payments
Cashier is currently assigned to another POS.
Catch All
Categorize By
Categorize by
Categorize by Account
Categorize by Item
Categorize by Party
Categorize by Supplier
Categorize by Voucher
Categorize by Voucher (Consolidated)
Category Description
Category Details
Category Name
Category-wise Asset Value
Cause of Grievance
Caution
Caution: This might alter frozen accounts.
Cellphone Number
Center
Certificate Details
Certificate Limit
Certificate No
Change Image
Change Label (via Custom Translation)
Change Letter Head
Change Print Format
Change Release Date
Change in Stock Value
Change the account type to Receivable or select a different account.
Change the starting / current sequence number of an existing series. <br>||||||Warning: Incorrectly updating counters can prevent documents from getting created.
Change this date manually to setup the next synchronization start date
Changed at
Changed by
Changed customer name to '{}' as '{}' already exists.
Changed the status from {0} to {1} and Status for Other Half to {2} via Attendance Request
Changelog Feed
Changes
Changes in {0}
Changing '{0}' to {1}.
Changing Customer Group for the selected Customer is not allowed.
Changing KRA in this parent goal will align all the child goals to the same KRA, if any.
Changing any setting will reflect on all the email accounts associated with this domain.
Changing rounding method on site with data can result in unexpected behaviour.
Changing the valuation method to Moving Average will affect new transactions. If backdated entries are added, earlier FIFO-based entries will be reposted, which may change closing balances.
Charge of type 'Actual' in row {0} cannot be included in Item Rate or Paid Amount
Chargeable
Charges Incurred
Charges are updated in Purchase Receipt against each item
Charges will be distributed proportionately based on item qty or amount, as per your selection
Chart Configuration
Chart Of Accounts
Chart Of Accounts Template
Chart Tree
Chart of Cost Centers
Charts Based On
Chassis No
Chat
Check
Check <a href='/app/List/Error Log?reference_doctype={0}'>{1}</a> for more details
Check Availability in Warehouse
Check Error Log {0} for more details.
Check Request URL
Check Vacancies On Job Offer Creation
Check columns to select, drag to set order.
Check if it is a hydroponic unit
Check if material transfer entry is not required
Check row {0} for account {1}: Party Type is only allowed for Receivable or Payable accounts
Check row {0} for account {1}: Party is only allowed if Party Type is set
Check the Error Log for more information: {0}
Check this if the Update Value is a formula or expression (e.g. doc.amount * 2). Leave unchecked for plain text values.
Check this if you don't want users to sign up for an account on your site. Users won't get desk access unless you explicitly provide it.
Check this if you want to force the user to select a series before saving. There will be no default if you check this.
Check this to disallow fractions. (for Nos)
Check to display the full numeric value (e.g., 1,234,567 instead of 1.2M).
Check {0} for more details
Check-in Date
Check-out Date
Checked On
Checkin Radius
Checking one moment
Checking this will enable tracking page views for blogs, web pages, etc.
Checking this will hide custom doctypes and reports cards in Links section
Checking this will publish the page on your website and it'll be visible to everyone.
Checking this will round off the tax amount to the nearest integer
Checking this will show a text area where you can write custom javascript that will run on this page.
Checkout Order / Submit Order / New Order
Cheque Height
Cheque Number
Cheque Print Template
Cheque Size
Cheque Width
Cheque/Reference Date
Cheque/Reference No
Cheques Required
Cheques and Deposits Incorrectly cleared
Cheques and Deposits incorrectly cleared
Chi tiết người phụ thuộc
Child DocTypes
Child DocTypes are not allowed
Child Docname
Child Doctype
Child Item
Child Row Reference
Child Table Not Allowed
Child Table {0} for field {1} must be virtual
Child Tables are shown as a Grid in other DocTypes
Child Task exists for this Task. You can not delete this Task.
Child nodes can be only created under 'Group' type nodes
Child nodes can only be created under 'Group' type nodes
Child query fields for '{0}' must be a list or tuple.
Child tables that will also be deleted
Child warehouse exists for this warehouse. You can not delete this warehouse.
Choose Existing Card or create New Card
Choose a block or continue typing
Choose a color
Choose an icon
Choose authentication method to be used by all users
Choose how the hourly overtime amount is calculated:|||<ol style="padding-left:15px;"><li>Fixed Hourly Rate: A fixed, manually entered hourly rate.</li>|||<li>Salary Component-Based:||||||(Sum of selected component amounts) ÷ (Payment Days) ÷ (Standard Daily Hours)</li></ol>
Choose the date on which you want to create these components as arrears.
Chưa cấu hình nhà cung cấp hóa đơn điện tử
Chưa phát hành
Chế độ thử nghiệm (Sandbox)
Chứng thư số
Chứng từ
Circular Reference Error
City/Town
Claim Benefit For
Claim an Expense
Claimed
Claimed Amount
Claimed Landed Cost Amount (Company Currency)
Claimed amount of employee {0} exceeds maximum amount eligible for claim {1}
Claimed amount of employee {0} should be greater than 0
Claims
Class / Percentage
Classification of Customers by region
Clauses and Conditions
Clear & Add Template
Clear & Add template
Clear All
Clear Assignment
Clear Cache and Reload
Clear Filters
Clear Last Scanned Warehouse
Clear Link
Clear Logs After (days)
Clear Notifications
Clear Table
Clear User Permissions
Clear all filters
Clear the email message and add the template
Clearance Date not mentioned
Clearance Date updated
Clearance date changed from {0} to {1} via Bank Clearance Tool
Cleared
Clearing Demo Data...
Clearing end date, as it cannot be in the past for published pages.
Click On Customize to add your first widget
Click below to get started:
Click here
Click on 'Get Finished Goods for Manufacture' to fetch the items from the above Sales Orders. Items only for which a BOM is present will be fetched.
Click on Add to Holidays. This will populate the holidays table with all the dates that fall on the selected weekly off. Repeat the process for populating the dates for all your weekly holidays
Click on Get Sales Orders to fetch sales orders based on the above filters.
Click on Import Invoices button once the zip file has been attached to the document. Any errors related to processing will be shown in the Error Log.
Click on a file to select it.
Click on the button to log in to {0}
Click on the link below to approve the request
Click on the link below to complete your registration and set a new password
Click on the link below to download your data
Click on the link below to verify your email and confirm the appointment
Click on the link below to verify your request
Click on {0} to edit
Click on {0} to generate Refresh Token.
Click table to edit
Click this button if you encounter a negative stock error for a serial or batch item. The system will fetch the available serials or batches automatically.
Click to Set Dynamic Filters
Click to Set Filters
Click to add email / phone
Click to sort by {0}
Click {0} to change the configuration and then resave salary slip
Client
Client Code
Client Credentials
Client Id
Client Information
Client Metadata
Client Secret Basic
Client Secret Post
Client URI
Client URLs
Client script
Close Condition
Close Loan
Close Replied Opportunity After Days
Close properties
Close the POS
Closed Document
Closed Work Order can not be stopped or Re-opened
Closed order cannot be cancelled. Unclose to cancel.
Closes On
Closes on:
Closing (Cr)
Closing (Dr)
Closing (Opening + Total)
Closing Account Head
Closing Account {0} must be of type Liability / Equity
Closing Balance as per Bank Statement
Closing Balance as per ERP
Closing Date
Closing Notes
Closing Text
Closing [Opening + Total] 
Cmd+Enter to add comment
Co-Product
Code Challenge
Code Editor Type
Code List
Code challenge method
Code to reference this line in formulas (e.g., REV100, EXP200, ASSET100)
Collapsible
Collapsible Depends On
Collapsible Depends On (JS)
Collect Outstanding Amount
Collection Factor (=1 LP)
Collection Rules
Collection Tier
Color to highlight values (e.g., red for exceptions)
Colour
Column 1
Column 2
Column <b>{0}</b> already exist.
Column Break
Column Labels:
Column Name cannot be empty
Column in Bank File
Column width cannot be zero.
Column {0}
Columns / Fields
Columns are not according to template. Please compare the uploaded file with standard template
Columns based on
Combination of Grant Type (<code>{0}</code>) and Response Type (<code>{1}</code>) not allowed
Combined invoice portion must equal 100%
Comm10E
Comment can only be edited by the owner
Comment publicity can only be updated by the original author or a System Manager.
Comments
Comments and Communications will be associated with this linked document
Comments cannot have links or email addresses
Commercial
Commercial Rounding
Commission Rate %
Commission Rate (%)
Commission on Sales
Commit
Committed
Common Code
Common names and surnames are easy to guess.
Common words are easy to guess.
Communication Channel
Communication Link
Communication Medium Timeslot
Communication Medium Type
Communication secret not set
Companies
Company Abbreviation cannot have more than 5 characters
Company Account is mandatory
Company Address Display
Company Address Name
Company Address is missing. You don't have permission to update it. Please contact your System Manager.
Company Bank Account
Company Billing Address
Company Details
Company History
Company Introduction
Company Name
Company Name cannot be Company
Company Not Linked
Company Shipping Address
Company and Posting Date is mandatory
Company currencies of both the companies should match for Inter Company Transactions.
Company field is required
Company is mandatory
Company is mandatory for company account
Company is mandatory for generating an invoice. Please set a default company in Global Defaults.
Company link field name used for filtering (optional - leave empty to delete all records)
Company name not same
Company of asset {0} and purchase document {1} doesn't matches.
Company or Personal Email is mandatory when 'Create User Automatically' is enabled
Company registration numbers for your reference. Tax numbers etc.
Company which internal customer represents
Company which internal customer represents.
Company which internal supplier represents
Company {0} added multiple times
Company {0} does not exist
Company {0} is added more than once
Company {} does not exist yet. Taxes setup aborted.
Company {} does not match with POS Profile Company {}
Compare Versions
Competitor Detail
Competitor Name
Competitors
Compilation warning
Compiled Successfully
Complete
Complete By
Complete Order
Complete Registration
Completed By Role
Completed By User
Completed On cannot be greater than Today
Completed Operation
Completed Qty cannot be greater than 'Qty to Manufacture'
Completed Quantity
Completed Work Orders
Completing onboarding
Completion
Completion By
Completion Date
Completion Date can not be before Failure Date. Please adjust the dates accordingly.
Completion Status
Component
Component Expense Account
Component Name
Component properties and references 
Compose Email
Composite Asset
Composite Component
Comprehensive Insurance
Compressed
Computer
Condition
Condition & Formula
Condition JSON
Condition Type
Condition and Formula Help
Condition and formula
Condition description
Conditional Rule
Conditional Rule Examples
Conditions
Conditions and Formula variable and example
Conditions will be applied on all the selected items combined. 
Conference
Config
Configuration
Configure Chart
Configure Columns
Configure Product Assembly
Configure Recorder
Configure columns for {0}
Configure how amended documents will be named.<br>||||||Default behaviour is to follow an amend counter which adds a number to the end of the original name indicating the amended version. <br>||||||Default Naming will make the amended document to behave same as new documents.
Configure the action to stop the transaction or just warn if the same rate is not maintained.
Configure the default Price List when creating a new Purchase transaction. Item prices will be fetched from this Price List.
Configure various aspects of how document naming works like naming series, current counter.
Confirm Access
Confirm Deletion of Account
Confirm New Password
Confirm Request
Confirm before resetting posting date
Confirmation Email Template
Congratulations on completing the module setup. If you want to learn more you can refer to the documentation <a target="_blank" href="{0}">here</a>.
Connect to {}
Connected App
Connected User
Connected to QZ Tray!
Connection
Connection Success
Connection lost. Some features might not work.
Consider Accounting Dimensions
Consider Grace Period
Consider Marked Attendance on Holidays
Consider Minimum Order Qty
Consider Process Loss
Consider Projected Qty in Calculation
Consider Projected Qty in Calculation (RM)
Consider Rejected Warehouses
Consider Tax Exemption Declaration
Consider Tax or Charge for
Consider Unmarked Attendance As
Consider for Tax Withholding
Consider for Tax Withholding 
Considered In Paid Amount
Console
Console Log
Console Logs can not be deleted
Consolidate Leave Types
Consolidate Sales Order Items
Consolidate Sub Assembly Items
Consolidated
Consolidated Credit Note
Consolidated Sales Invoice
Consolidated Trial Balance
Consolidated Trial Balance can be generated for Companies having same root Company.
Consolidated Trial balance could not be generated as Exchange Rate from {0} to {1} is not available for {2}.
Constraints
Consumable
Consumables
Consumed
Consumed Amount
Consumed Asset Total Value
Consumed Assets
Consumed Items Cost
Consumed Qty cannot be greater than Reserved Qty for item {0}
Consumed Quantity
Consumed Stock Items
Consumed Stock Items, Consumed Asset Items or Consumed Service Items is mandatory for Capitalization
Consumed Stock Total Value
Consumed quantity of item {0} exceeds transferred quantity.
Consumption Rate
Contact / email not found. Did not add attendee for -<br>{0}
Contact Desc
Contact HTML
Contact Info
Contact Information
Contact List
Contact Mobile
Contact Mobile No
Contact No.
Contact Numbers
Contact Person does not belong to the {0}
Contact Phone
Contact Synced with Google Contacts.
Contact Us Settings
Contact options, like "Sales Query, Support Query" etc each on a new line or separated by commas.
Contact: 
Contacts
Contains {0} security fix
Contains {0} security fixes
Content Hash
Content Type
Content data shoud be a list
Content type for building the page
Context
Context Script
Contract Details
Contract End Date
Contract Fulfilment Checklist
Contract Period
Contract Template
Contract Template Fulfilment Terms
Contract Template Help
Contract Terms
Contract Terms and Conditions
Contributed
Contribution %
Contribution (%)
Contribution Amount
Contribution Document Name
Contribution Qty
Contribution Status
Contribution to Net Total
Control Action
Control Action for Cumulative Expense
Control Historical Stock Transactions
Controls whether new users can sign up using this Social Login Key. If unset, Website Settings is respected.
Conversion factor for default Unit of Measure must be 1 in row {0}
Conversion factor for item {0} has been reset to 1.0 as the uom {1} is same as stock uom {2}.
Conversion rate cannot be 0
Conversion rate is 1.00, but document currency is different from company currency
Conversion rate must be 1.00 if document currency is same as company currency
Convert Item Description to Clean HTML in Transactions
Convert to Group
Convert to Item Based Reposting
Convert to Ledger
Convert to Non-Group
Copied From
Copied to clipboard.
Copied {0} {1} to clipboard
Copy Apps Version
Copy Fields to Variant
Copy File URL
Copy embed code
Copy error to clipboard
Copy of Invitation/Announcement
Copy token to clipboard
Copyright
Core
Core DocTypes cannot be customized.
Core Modules {0} cannot be searched in Global Search.
Correct version :
Corrective
Corrective Job Card
Corrective Operation
Corrective Operation Cost
Corrective/Preventive
Cost Allocation %
Cost Center Allocation Percentages
Cost Center Name
Cost Center for Item rows has been updated to {0}
Cost Center is a part of Cost Center Allocation, hence cannot be converted to a group
Cost Center is required in row {0} in Taxes table for type {1}
Cost Center with Allocation records can not be converted to a group
Cost Center with existing transactions can not be converted to group
Cost Center with existing transactions can not be converted to ledger
Cost Center {0} cannot be used for allocation as it is used as main cost center in other allocation record.
Cost Center {} doesn't belong to Company {}
Cost Center {} is a group cost center and group cost centers cannot be used in transactions
Cost Center: {0} does not exist
Cost Centers
Cost Configuration
Cost allocation between finished goods and secondary items should equal 100%
Cost of Delivered Items
Cost of Goods Sold Account in Items Table
Cost of Issued Items
Cost of Poor Quality Report
Cost of Purchased Items
Cost of various activities
Cost to Company (CTC)
Costing Amount
Costing Details
Costing and Billing fields has been updated
Could Not Delete Demo Data
Could not auto create Customer due to the following missing mandatory field(s):
Could not connect to outgoing email server
Could not create Credit Note automatically, please uncheck 'Issue Credit Note' and submit again
Could not detect the Company for updating Bank Accounts
Could not find a suitable shift to match the difference: {0}
Could not find path for 
Could not find {0}
Could not map column {0} to field {1}
Could not parse field: {0}
Could not retrieve information for {0}.
Could not solve criteria score function for {0}. Make sure the formula is valid.
Could not solve weighted score function. Make sure the formula is valid.
Could not start Chromium. Check logs for details.
Could not start up:
Could not submit some Salary Slips: {}
Could not update Goal
Could not update goals
Couldn't save, please check the data you have entered
Count Customizations
Count Filter
Count of linked documents
Counter
Country Code Required
Country Code in File does not match with country code set up in the system
Country Fixture Deletion Failed
Country Name
Country Setup failed
County
Coupon Code Based
Coupon Name
Cr
Create
Create & Continue
Create Additional Salary
Create Address
Create Appraisals
Create Card
Create Chart
Create Chart Of Accounts Based On
Create Child Doctype
Create Contacts from Incoming Emails
Create Delivery Trip
Create Employee
Create Employee Records
Create Employee records.
Create Entry
Create Grouped Asset
Create Inter Company Journal Entry
Create Interview
Create Invoices
Create Job Applicant
Create Job Card
Create Job Card based on Batch Size
Create Job Opening
Create Journal Entries
Create Journal Entry
Create Lead
Create Leads
Create Letter Head
Create Link
Create Log
Create MPS
Create Multi-level BOM
Create New Contact
Create New Customer
Create New DocType
Create New Employee Id
Create New Kanban Board
Create New Lead
Create Opportunity
Create Overtime Slip For Eligible Employee(s)
Create Overtime Slips
Create POS Opening Entry
Create Payment Entry
Create Payment Entry for Consolidated POS Invoices.
Create Payment Request
Create Pick List
Create Print Format
Create Prospect
Create Purchase Order
Create Purchase Orders
Create Quotation
Create Receiver List
Create Reposting Entries
Create Reposting Entry
Create Salary Slip
Create Sales Invoice
Create Sales Order
Create Sales Orders to help you plan your work and deliver on-time
Create Saved Filter
Create Shifts After
Create Stock Entry
Create Supplier Quotation
Create Tax Template
Create Timesheet
Create User
Create User Automatically
Create User Email
Create User Permission
Create Users
Create Variant
Create Variants
Create Workstation
Create a New Format
Create a Reminder
Create a new ...
Create a new record
Create a new {0}
Create a variant with the template image.
Create a {0} Account
Create an incoming stock transaction for the Item.
Create customer quotes
Create in Draft Status
Create or Edit Print Format
Create or Edit Workflow
Create your first {0}
Create your workflow visually using the Workflow Builder.
Create {0} {1} ?
Created At
Created By Migration
Created By You
Created By {0}
Created Custom Field {0} in {1}
Created {0} scorecards for {1} between:
Creates a User account for this employee using the Preferred, Company, or Personal email.
Creating Accounts...
Creating Appraisals
Creating Delivery Note ...
Creating Delivery Schedule...
Creating Dimensions...
Creating Journal Entries...
Creating Packing Slip ...
Creating Payment Entries......
Creating Purchase Invoices ...
Creating Purchase Order ...
Creating Purchase Receipt ...
Creating Salary Slips...
Creating Sales Invoices ...
Creating Stock Entry
Creating Subcontracting Inward Order ...
Creating Subcontracting Order ...
Creating Subcontracting Receipt ...
Creating User...
Creating demo data
Creating {0}
Creating {0}...
Creating {} out of {} {}
Creation
Creation Date
Creation Failed
Creation of <b><a href='/app/{0}'>{1}(s)</a></b> successful
Creation of Salary Structure Assignments has been queued. It may take a few minutes.
Creation of this document is only permitted in developer mode.
Creation of {0} failed.|||				Check <b><a href="/app/bulk-transaction-log">Bulk Transaction Log</a></b>
Creation of {0} has been queued. It may take a few minutes.
Creation of {0} partially successful.|||				Check <b><a href="/app/bulk-transaction-log">Bulk Transaction Log</a></b>
Credit (Transaction)
Credit ({0})
Credit Account
Credit Amount in Account Currency
Credit Amount in Reporting Currency
Credit Amount in Transaction Currency
Credit Card Entry
Credit Limit Crossed
Credit Limit Settings
Credit Limit and Payment Terms
Credit Limit:
Credit Limits
Credit Note Amount
Credit Note Issued
Credit Note will update it's own outstanding amount, even if 'Return Against' is specified.
Credit Note {0} has been created automatically
Credit To
Credit in Company Currency
Credit limit has been crossed for customer {0} ({1}/{2})
Credit limit is already defined for the Company {0}
Credit limit reached for customer {0}
Creditor Turnover Ratio
Creditors
Criteria
Criteria Name
Criteria Setup
Criteria Weight
Criteria based on which employee should be rated in Performance Feedback and Self Appraisal
Criteria weights must add up to 100%
Cron Interval should be between 1 and 59 Min
Cron format is required for job types with Cron frequency.
Cross Listing of Item in multiple groups
Ctrl + Down
Ctrl + Up
Ctrl+Enter to add comment
Currency 
Currency Exchange Settings
Currency Exchange Settings Details
Currency Exchange Settings Result
Currency Exchange must be applicable for Buying or for Selling.
Currency Precision
Currency and Price List
Currency can not be changed after making entries using some other currency
Currency filters are currently unsupported in Custom Financial Report.
Currency for {0} must be {1}
Currency list stores the currency value, its symbol and fraction unit
Currency of selected Income Tax Slab should be {0} instead of {1}
Currency of the Closing Account must be {0}
Currency of the price list {0} must be {1} or {2}
Currency should be same as Price List Currency: {0}
Current
Current Address Is
Current Amount
Current Asset
Current Assets
Current BOM and New BOM can not be same
Current CTC
Current Employer 
Current Index
Current Invoice End Date
Current Invoice Start Date
Current Job ID
Current Job Title
Current Level
Current Liabilities
Current Liability
Current Month Income Tax
Current Node
Current Odometer Value should be greater than Last Odometer Value {0}
Current Odometer value 
Current Openings
Current Payroll Period
Current Qty
Current Serial / Batch Bundle
Current Slab
Current Status
Current Stock
Current status
Currently Viewing
Currently, there is no {0} leave period for this date to create/update leave allocation.
Curves
Custody
Custom API
Custom Base URL
Custom Block Name
Custom Blocks
Custom CSS
Custom Configuration
Custom Delimiters
Custom DocPerm
Custom Document Types (Select Permission)
Custom Document Types Limit Exceeded
Custom Documents
Custom Field
Custom Field {0} is created by the Administrator and can only be deleted through the Administrator account.
Custom Fields can only be added to a standard DocType.
Custom Fields cannot be added to core DocTypes.
Custom Financial Statement
Custom Footer
Custom Format
Custom Group Search
Custom Group Search if filled needs to contain the user placeholder {0}, eg uid={0},ou=users,dc=example,dc=com
Custom HTML
Custom HTML Block
Custom HTML Help
Custom LDAP Directoy Selected, please ensure 'LDAP Group Member attribute' and 'Group Object Class' are entered
Custom Label
Custom Menu Items
Custom Options
Custom Overrides
Custom Remarks
Custom Reports
Custom Role
Custom SCSS
Custom Sidebar Menu
Custom delimiters
Custom field renamed to {0} successfully.
Custom get_list method for {0} must return a QueryBuilder object or None, got {1}
Custom?
Customer 
Customer / Item / Item Group
Customer / Lead Address
Customer > Customer Group > Territory
Customer Acquisition and Loyalty
Customer Advances
Customer Contact
Customer Contact Email
Customer Credit Balance
Customer Currency
Customer Defaults
Customer Group Item
Customer Group Name
Customer Groups
Customer Item
Customer Items
Customer LPO
Customer LPO No.
Customer Mobile No
Customer Name: 
Customer Naming By
Customer Number
Customer Number At Supplier
Customer Numbers
Customer PO Details
Customer POS ID
Customer Provided
Customer Provided Item Cost
Customer Service
Customer Territory
Customer Warehouse
Customer Warehouse (Optional)
Customer Warehouse {0} does not belong to Customer {1}.
Customer contact updated successfully.
Customer is required
Customer isn't enrolled in any Loyalty Program
Customer or Item
Customer required for 'Customerwise Discount'
Customer {0} does not belong to project {1}
Customer's Item Code
Customer's Purchase Order
Customer's Purchase Order Date
Customer's Purchase Order No
Customer-wise Item Price
Customer/Lead Name
Customer: 
Customers
Customers Without Any Sales Transactions
Customers not selected.
Customerwise Discount
Customization
Customizations Discarded
Customizations Reset
Customizations for <b>{0}</b> exported to:<br>{1}
Customize
Customize Child Table
Customize Dashboard
Customize Form - {0}
Customize Quick Filters
Customs Tariff Number
Cut
Cyan
Cycle Name
Cycles
Có
Công ty
Cấu hình hóa đơn
D
D - E
DD
DELAY
DELETE
DESC
DFS
DLE
DRAFT
DT-
DUNN-.MM.-.YY.-
Daily Event Digest is sent for Calendar Events where reminders are set.
Daily Events should finish on the Same Day.
Daily Long
Daily Maintenance
Daily Project Summary for {0}
Daily Reminders
Daily Time to send
Daily Work Summary
Daily Work Summary Group
Daily Work Summary Group User
Daily Work Summary Replies
Daily Yield (%)
Danger
Danh sách người phụ thuộc
Dark
Dark Color
Dark Theme
Dashboard Chart Field
Dashboard Chart Link
Dashboard Chart Source
Dashboard Manager
Dashboards
Data
Data Based On
Data Clipped
Data Fetch Method
Data Import Configuration
Data Import Log
Data Import Template
Data Import is not allowed for {0}. Enable 'Allow Import' in DocType settings.
Data Too Long
Database Engine
Database Processes
Database Row Size Utilization
Database Storage Usage By Tables
Database Table Row Size Limit
Database Table Row Size Utilization: {0}%, this limits number of fields you can add.
Database Version
Date 
Date Based On
Date Of Retirement
Date Range Exceeded
Date Settings
Date and Number Format
Date is repeated
Date must be between {0} and {1}
Date of Birth cannot be greater than today.
Date of Commencement should be greater than Date of Incorporation
Date of Issue
Date of Transaction
Date {0} is repeated in Overtime Details
Date {0} must be in format: {1}
Date: {0} to {1}
Dates
Dates & Reason
Dates Based On
Dates are often easy to guess.
Dates to Process
Datetime
Day
Day Of Week
Day of Week
Day to Send
Day(s) after invoice date
Day(s) after the end of the invoice month
Days Before or After
Days Since Last Order
Days Since Last order
Days before the current subscription period
Days for which Holidays are blocked for this department.
Days to Reverse
Days to Reverse must be greater than zero.
DeLinked
Deadlock Occurred
Dear
Dear System Manager,
Dear User,
Dear {0}
Debit (Transaction)
Debit ({0})
Debit / Credit Note Posting Date
Debit A/C Number
Debit Account
Debit Amount in Account Currency
Debit Amount in Reporting Currency
Debit Amount in Transaction Currency
Debit Note Amount
Debit Note Issued
Debit Note will update it's own outstanding amount, even if 'Return Against' is specified.
Debit To
Debit To is required
Debit and Credit not equal for {0} #{1}. Difference is {2}.
Debit in Company Currency
Debit to
Debit-Credit Mismatch
Debit-Credit mismatch
Debt Equity Ratio
Debtor Turnover Ratio
Debtor/Creditor
Debtor/Creditor Advance
Debtors
Debug Log
Dec
Decimal Separator must be '.' when Quoting is set to Non-numeric
Decimal Separator must be a single character
Decision Pending
Declarations
Declare Lost
Declared Amount
Deduct
Deduct Tax For Unsubmitted Tax Exemption Proof
Deduct Tax On Basis
Deducted From
Deductee Details
Deduction Arrears
Deduction from Salary
Deductions
Deductions before tax calculation
Deductions or Loss
Default Account
Default Activity Cost exists for Activity Type - {0}
Default Address Template cannot be deleted
Default Advance Account
Default Advance Paid Account
Default Advance Received Account
Default Ageing Range
Default Amendment Naming
Default App
Default BOM ({0}) must be active for this item or its template
Default BOM for {0} not found
Default BOM not found for FG Item {0}
Default BOM not found for Item {0} and Project {1}
Default Bank / Cash account will be automatically updated in Salary Journal Entry when this mode is selected.
Default Base Pay
Default Billing Rate
Default Buying Price List
Default Buying Terms
Default COGS Account
Default Common Code
Default Company
Default Company Bank Account
Default Cost of Goods Sold Account
Default Costing Rate
Default Currency
Default Customer Group
Default Dimension
Default Discount Account
Default Distance Unit
Default Employee Advance Account
Default Expense Claim Payable Account
Default In-Transit Warehouse
Default Inbox
Default Item Manufacturer
Default Manufacturer Part No
Default Material Request Type
Default Naming
Default Operating Cost Account
Default Payment Discount Account
Default Payment Request Message
Default Payroll Payable Account
Default Print Language
Default Priority
Default Provisional Account
Default Provisional Account (Service)
Default Purchase Unit of Measure
Default Quotation Validity Days
Default Redirect URI
Default Role at Time of Signup
Default Sales Contact
Default Sales Unit of Measure
Default Selling Terms
Default Sending
Default Sending and Inbox
Default Service Level Agreement for {0} already exists.
Default Sort Field
Default Sort Order
Default Stock Valuation Method
Default Supplier Group
Default Template For Field
Default Territory
Default Theme
Default Unit of Measure
Default Unit of Measure for Item {0} cannot be changed directly because you have already made some transaction(s) with another UOM. You need to either cancel the linked documents or create a new Item.
Default Unit of Measure for Item {0} cannot be changed directly because you have already made some transaction(s) with another UOM. You will need to create a new Item to use a different Default UOM.
Default Unit of Measure for Variant '{0}' must be same as in Template '{1}'
Default User Role
Default User Type
Default Value
Default View
Default Warehouse for Sales Return
Default Workstation
Default account will be automatically updated in POS Invoice when this mode is selected.
Default display currency
Default for 'Check' type of field {0} must be either '0' or '1'
Default settings for your stock-related transactions
Default tax templates for sales, purchase and items are created.
Default value for {0} must be in the list of options.
Default {0}
Default: "Contact Us"
Default: 10 mins
DefaultValue
Defaults
Defaults Updated
Deferred Accounting
Deferred Accounting Defaults
Deferred Revenue and Expense
Deferred accounting failed for some invoices:
Define Project type.
Defines actions on states and the next step and allowed roles.
Defines how long exported reports sent via email are kept in the system. Older files will be automatically deleted.
Defines the date after which the item can no longer be used in transactions or manufacturing
Defines workflow states and rules for a document.
Delay (In Days)
Delay (in Days)
Delay between Delivery Stops
Delay in payment (Days)
Delayed Days
Delayed Tasks Summary
Delete Account
Delete Accounting and Stock Ledger Entries on deletion of Transaction
Delete Attachment
Delete Background Exported Reports After (Hours)
Delete Bins
Delete Cancelled Ledger Entries
Delete Column
Delete Data
Delete Demo Data
Delete Dimension
Delete Kanban Board
Delete Leads and Addresses
Delete Section
Delete Tab
Delete Transactions
Delete all
Delete all the Transactions for this Company
Delete all {0} rows
Delete and Generate New
Delete column
Delete comment?
Delete entire column with fields
Delete entire section with fields
Delete entire tab with fields
Delete row
Delete section
Delete tab
Delete this record to allow sending to this email address
Delete {0} item permanently?
Delete {0} items permanently?
Delete {0} rows
Deleted
Deleted DocType
Deleted Document
Deleted Name
Deleted all documents successfully
Deleted!
Deleting {0}
Deleting {0} and all associated Common Code documents...
Deleting {0} records...
Deleting {0}...
Deletion Steps
Deletion in Progress!
Deletion is not permitted for country {0}
Deletion of this document is only permitted in developer mode.
Deletion process restarted
Deletion will start automatically after submission.
Delimiter Options
Delimiter detection failed. Try to enable custom delimiters and adjust the delimiter options as per your data.
Delimiter must be a single character
Delimiter options
Deliver Secondary Items
Delivered Amount
Delivered Items To Be Billed
Delivered Qty
Delivered Qty (in Stock UOM)
Delivered Quantity
Delivered by Supplier (Drop Ship)
Delivered: {0}
Delivery
Delivery Details
Delivery From Date
Delivery Manager
Delivery Note No
Delivery Note Packed Item
Delivery Note Trends
Delivery Note {0} is not submitted
Delivery Notes
Delivery Notes should not be in draft state when submitting a Delivery Trip. The following Delivery Notes are still in draft state: {0}. Please submit them first.
Delivery Notes {0} updated
Delivery Schedule Item
Delivery Settings
Delivery Status Notification Type
Delivery Stop
Delivery Stops
Delivery To Date
Delivery User
Delivery to
Delivery warehouse required for stock item {0}
Demand Qty
Demand vs Supply
Demo Bank Account
Demo Company
Demo Data creation failed.
Demo data cleared
Demo data creation failed. Check notifications for more info.
Deny
Department {0} does not belong to company: {1}
Department: {0}
Departure Datetime
Departure Time
Dependant SLE Voucher Detail No
Dependencies & Licenses
Dependent Task
Dependent Task {0} is not a Template Task
Depends On Payment Days
Depreciate based on daily pro-rata
Depreciate based on shifts
Depreciated Amount
Depreciation Amount during the period
Depreciation Date
Depreciation Eliminated due to disposal of assets
Depreciation Entry Posting Status
Depreciation Entry against asset {0}
Depreciation Entry against {0} worth {1}
Depreciation Expense Account should be an Income or Expense Account.
Depreciation Options
Depreciation Posting Date
Depreciation Posting Date cannot be before Available-for-use Date
Depreciation Row {0}: Depreciation Posting Date cannot be before Available-for-use Date
Depreciation Row {0}: Expected value after useful life must be greater than or equal to {1}
Depreciation Schedule View
Depreciation cannot be calculated for fully depreciated assets
Depreciation eliminated via reversal
Descendants Of
Descendants Of (inclusive)
Description of Content
Description of a Job Opening
Description to inform the user about any action that is going to be performed
Descriptive name for your template (e.g., 'Standard P&L', 'Detailed Balance Sheet')
Designation Skill
Designation: {0}
Desk Access
Desk Settings
Desk Theme
Desk User
Desktop Icon
Desktop Layout
Desktop Settings
Detailed Reason
Details of Sponsor (Name, Location)
Detect CSV type
Determine Check-in and Check-out
Did not add
Did not remove
Diesel
Diff
Difference (Dr - Cr)
Difference Account
Difference Account in Items Table
Difference Account must be a Asset/Liability type account (Temporary Opening), since this Stock Entry is an Opening Entry
Difference Account must be a Asset/Liability type account, since this Stock Reconciliation is an Opening Entry
Difference Amount (Company Currency)
Difference Amount must be zero
Difference In
Difference Posting Date
Difference Qty
Difference Value
Different "States" this document can exist in. Like "Open", "Pending Approval" etc.
Different 'Source Warehouse' and 'Target Warehouse' can be set for each row.
Different UOM for items will lead to incorrect (Total) Net Weight value. Make sure that Net Weight of each item is in the same UOM.
Digits
Dimension Details
Dimension Filter Help
Dimension Name
Dimension-wise Accounts Balance Report
Dinars
Direct Expense
Direct Expenses
Direct Income
Direct return is not allowed for Timesheet.
Directory Server
Disable Auto Refresh
Disable Automatic Recency Filters
Disable Change Log Notification
Disable Comment Count
Disable Count
Disable Cumulative Threshold
Disable Document Sharing
Disable Last Purchase Rate
Disable Product Suggestion
Disable Report
Disable SMTP server authentication
Disable Scrolling
Disable Serial No And Batch Selector
Disable Sidebar Stats
Disable Signup for your site
Disable Standard Email Footer
Disable System Update Notification
Disable Transaction Threshold
Disable Username/Password Login
Disable signups
Disable template to prevent use in reports
Disable {0} for the {1} component, to prevent the amount from being deducted twice, as its formula already uses a payment-days-based component.
Disable {0} or {1} to proceed.
Disabled Account Selected
Disabled Auto Reply
Disabled Warehouse {0} cannot be used for this transaction.
Disabled pricing rules since this {} is an internal transfer
Disabled tax included prices since this {} is an internal transfer
Disabled template must not be default template
Disables auto-fetching of existing quantity
Disassemble
Disassemble Order
Disassemble Qty cannot be less than or equal to 0.
Disassemble Qty cannot be less than or equal to <b>0</b>.
Disassembled Qty
Disburse Loan
Discard Changes and Load New Invoice
Discard {0}
Discard?
Discarded
Disclaimer: These indexes are suggested based on data and queries performed during this recording. These suggestions may or may not help.
Discount (%)
Discount (%) on Price List Rate with Margin
Discount Amount
Discount Amount in Transaction
Discount Percentage can be applied either against a Price List or for all Price List.
Discount Percentage in Transaction
Discount Settings
Discount Validity
Discount Validity Based On
Discount and Margin
Discount cannot be greater than 100%
Discount cannot be greater than 100%.
Discount must be less than 100
Discount of {} applied as per Payment Term
Discount on Price List Rate (%)
Discounted Amount
Discounted Invoice
Discounts
Discounts to be applied in sequential ranges like buy 1 get 1, buy 2 get 2, buy 3 get 3 and so on
Discrepancy between General and Payment Ledger
Discretionary Reason
Discussion Reply
Discussion Topic
Dislikes
Dismiss
Dispatch
Dispatch Address Details
Dispatch Address Template
Dispatch Information
Dispatch Notification
Dispatch Notification Attachment
Dispatch Notification Template
Dispatch Settings
Display Depends On
Display Depends On (JS)
Display Name
Disposal date {0} cannot be before {1} date {2} of the asset.
Distance
Distance UOM
Distance from left edge
Distance from top edge
Distinct unit of an Item
Distribute Additional Costs Based On 
Distribute Equally
Distributed Discount Amount
Distribution Frequency
Dividends Paid
Diễn giải
Do Not Contact
Do Not Create New User
Do Not Include in Accounting Entries
Do Not Include in Total
Do Not Update Serial / Batch on Creation of Auto Bundle
Do Not Use Batch-wise Valuation
Do Not Use Batchwise Valuation
Do not create new user if user with email does not exist in the system
Do not edit headers which are preset in the template
Do not include in total
Do not show any symbol like $ etc next to currencies.
Do not update variants on save
Do not warn me again about {0}
Do you really want to restore this scrapped asset?
Do you still want to enable immutable ledger?
Do you still want to enable negative inventory?
Do you still want to proceed?
Do you want to cancel all linked documents?
Do you want to change valuation method?
Do you want to notify all the customers by email?
Do you want to submit the material request
Do you want to submit the stock entry?
Do you want to update the Job Applicant {0} as {1} based on this interview result?
Doc Event
Doc Events
Doc Status
DocField
DocPerm
DocShare
DocStatus of the following states have changed:<br><strong>{0}</strong><br>|||				Do you want to update the docstatus of existing documents in those states?<br>|||				This does not undo any effect bought in by the document's existing docstatus.|||				
DocType
DocType <b>{0}</b> provided for the field <b>{1}</b> must have atleast one Link field
DocType Action
DocType Event
DocType Layout
DocType Layout Field
DocType Link
DocType Missing
DocType View
DocType can not be merged
DocType can only be renamed by Administrator
DocType is a Table / Form in the application.
DocType must be Submittable for the selected Doc Event
DocType must have atleast one field
DocType not supported by Log Settings.
DocType on which this Workflow is applicable.
DocType required
DocType {0} does not exist
DocType {0} does not exist.
DocType {0} with company field '{1}' is already in the list
DocType {} not found
DocType's name should not start or end with whitespace
DocTypes To Delete
DocTypes cannot be modified, please use {0} instead
DocTypes that will NOT be deleted.
DocTypes with a company field:
DocTypes without a company field:
Docs Search
Doctype
Doctype name is limited to {0} characters ({1})
Doctype required
Document
Document Actions
Document Count
Document Follow
Document Follow Notification
Document Link
Document Linking
Document Links
Document Links Row #{0}: Could not find field {1} in {2} DocType
Document Links Row #{0}: Invalid doctype or fieldname.
Document Links Row #{0}: Parent DocType is mandatory for internal links
Document Links Row #{0}: Table Fieldname is mandatory for internal links
Document Name
Document Name must not be empty
Document Naming Rule
Document Naming Rule Condition
Document Naming Settings
Document No
Document Queued
Document Restoration Summary
Document Restored
Document Saved
Document Share
Document Share Key
Document Share Key Expiry (in Days)
Document Share Report
Document States
Document Title
Document Type 
Document Type already used as a dimension
Document Type and Function are required to create a number card
Document Type is not importable
Document Type is not submittable
Document Type to Track
Document Type {0} has been repeated.
Document Types
Document Types (Select Permissions Only)
Document Types and Permissions
Document Unlocked
Document cannot be used as a filter value
Document follow is not enabled for this user.
Document has been cancelled
Document has been submitted
Document is in draft state
Document is only editable by users with role
Document not Relinked
Document renamed from {0} to {1}
Document renaming from {0} to {1} has been queued
Document type is required to create a dashboard chart
Document {0} Already Restored
Document {0} has been set to state {1} by {2}
Documentation Link
Documents
Documents Processed on each trigger. Queue Size should be between 5 and 100
Documents restored successfully
Documents that failed to restore
Documents that were already restored
Documents: {0} have deferred revenue/expense enabled for them. Cannot repost.
Domain
Domain Name
Domain Settings
Domains
Domains HTML
Domestic
Don't Create Loyalty Points
Don't Enforce Free Item Qty
Don't HTML Encode HTML tags like &lt;script&gt; or just characters like &lt; or &gt;, as they could be intentionally used in this field
Don't Import
Don't Override Status
Don't Recompute Tax
Don't Reserve Sales Order Qty on Sales Return
Don't Send Emails
Don't encode HTML tags like &lt;script&gt; or just characters like &lt; or &gt;, as they could be intentionally used in this field
Don't have an account?
Done
Donut
Doors
Double Declining Balance
Double click to edit label
Download Backups
Download CSV Template
Download Data
Download Files Backup
Download Link
Download PDF
Download PDF for Supplier
Download Report
Download Required Materials
Download Your Data
Download as CSV
Download vCard
Download vCards
Downtime (In Hours)
Downtime Entry
Dr/Cr
Drag
Drag & Drop a section here from another tab
Drag and drop files here or upload from
Drag columns to set order. Column width is set in percentage. The total width should not be more than 100. Columns marked in red will be removed.
Drag elements from the sidebar to add. Drag them back to trash.
Drag to add state
Driver Address
Driver Email
Driver licence class
Driving License Categories
Driving License Category
Drop Procedures
Drop files here
Dropdowns
Drops existing SQL Procedures and Function setup by Accounts Receivable report
Due Date Based On
Due Date cannot be after {0}
Due Date cannot be before {0}
Due to stock closing entry {0}, you cannot repost item valuation before {1}
Dunning Amount (Company Currency)
Duplicate Assignment
Duplicate Attendance
Duplicate Claim Detected
Duplicate Customer Group
Duplicate DocType
Duplicate Entry. Please check Authorization Rule {0}
Duplicate Filter Name
Duplicate Finance Book
Duplicate Item Group
Duplicate Item Under Same Parent
Duplicate Job Requisition
Duplicate Leave Adjustment
Duplicate Operating Component {0} found in Operating Components
Duplicate Overwritten Salary
Duplicate POS Fields
Duplicate POS Invoices found
Duplicate Payment Schedule selected
Duplicate Salary Withholding
Duplicate Sales Invoices found
Duplicate Serial Number Error
Duplicate Stock Closing Entry
Duplicate current row
Duplicate customer group found in the customer group table
Duplicate entry against the item code {0} and manufacturer {1}
Duplicate entry: {0}{1}
Duplicate field
Duplicate item group found in the item group table
Duplicate project has been created
Duplicate row
Duplicate row {0} with same {1}
Duplicate rows
Duplicate {0} found in the table
Duplicate {0} rows
Duration (Days)
Duration in Days
Duties and Taxes
Dynamic
Dynamic Condition
Dynamic Filters
Dynamic Filters JSON
Dynamic Filters Section
Dynamic Report Filters
Dynamic Route
Dynamic Template
Dùng để xác định vùng lương tối thiểu
Dư cuối Có
Dư cuối Nợ
Dư đầu Có
Dư đầu Nợ
Dữ liệu kỹ thuật
E-Invoicing Information Missing
EAN
EAN-13
EAN-8
EDI
ERPNext Integrations
ERPNext User ID
ERPNext Vietnam
ERROR({0}): {1}
ESC
Each Transaction
Earliest
Earliest Age
Early Exit By
Early Exits
Earned Leave Schedule
Earned Leaves
Earned Leaves are allocated as per the configured frequency via scheduler.
Earned Leaves are auto-allocated via scheduler based on the annual allocation set in the Leave Policy: {0}
Earned Leaves are leaves earned by an Employee after working with the company for a certain amount of time. Enabling this will allocate leaves on pro-rata basis by automatically updating Leave Allocation for leaves of this type at intervals set by 'Earned Leave Frequency.
Earnest Money
Earning Arrears
Earning Component
Earning Salary Component is required for Employee Referral Bonus.
Earnings
Earnings & Deductions
Edit Address in Form
Edit Auto Email Report Settings
Edit BOM
Edit Capacity
Edit Chart
Edit Custom Block
Edit Custom HTML
Edit DocType
Edit Existing
Edit Filter
Edit Filters
Edit Footer
Edit Format
Edit Full Form
Edit Header
Edit Heading
Edit Letter Head
Edit Letter Head Footer
Edit Links
Edit Not Allowed
Edit Note
Edit Number Card
Edit Onboarding
Edit Posting Date and Time
Edit Print Format
Edit Profile
Edit Properties
Edit Quick List
Edit Receipt
Edit Shortcut
Edit Sidebar
Edit Tax Withholding Entries
Edit mode
Edit the {0} Doctype
Edit to add content
Edit your response
Edit your workflow visually using the Workflow Builder.
Edit {0}
Editable Grid
Editing Row
Editing {0}
Editing {0} is not allowed as per POS Profile settings
Educational Qualification
Effective To
Effective from
Eg. smsgateway.com/api/send_sms.cgi
Either 'Selling' or 'Buying' must be selected
Either Workstation or Workstation Type is mandatory
Either key or IP flag is required.
Either target qty or target amount is mandatory
Either target qty or target amount is mandatory.
Electric
Electrical
Electricity
Electricity down
Electronic Equipment
Electronic Invoice Register
Element Selector
Email Account Disabled.
Email Account added multiple times
Email Account not setup. Please create a new Email Account from Settings > Email Account
Email Account {0} Disabled
Email Address (required)
Email Address must be unique, it is already used in {0}
Email Address whose Google Contacts are to be synced.
Email Addresses
Email Campaign Error
Email Campaign For 
Email Campaign Send Error
Email Details
Email Digest
Email Digest Recipient
Email Digest Settings
Email Digest: {0}
Email Flag Queue
Email Footer Address
Email Header
Email ID
Email IDs
Email Id
Email Inbox
Email Queue Recipient
Email Queue flushing aborted due to too many failures.
Email Queue records.
Email Reply Help
Email Retry Limit
Email Rule
Email Salary Slip to Employee
Email Salary Slips
Email Sent At
Email Sent To
Email Sent to Supplier {0}
Email Signature
Email Status
Email Threads on Assigned Document
Email To
Email Unsubscribe
Email has been marked as spam
Email has been moved to trash
Email is mandatory to create User Email
Email is required to create a user
Email is required to create a user.
Email not sent to {0} (unsubscribed / disabled)
Email not verified with {0}
Email or Phone/Mobile of the Contact are mandatory to continue.
Email queue is currently suspended. Resume to automatically send other emails.
Email sending undone
Email sent successfully.
Email sent to
Email sent to {0}
Email size {0:.2f} MB exceeds the maximum allowed size of {1:.2f} MB
Email undo window is over. Cannot undo email.
Email verification failed.
Emails
Emails Pulled
Emails Queued
Emails are already being pulled from this account.
Emails are muted
Emails salary slip to employee based on preferred email selected in Employee
Emails will be sent with next possible workflow actions
Embed code copied
Employee 
Employee A/C Number
Employee Advance Account
Employee Advance Balance
Employee Advances
Employee Analytics
Employee Attendance Tool
Employee Benefit Application Detail
Employee Benefit Detail
Employee Benefit Ledger
Employee Benefits
Employee Benefits Obligation
Employee Boarding Activity
Employee Company
Employee Cost Center
Employee Detail
Employee Details
Employee Education
Employee Emails
Employee Exit
Employee Exit Settings
Employee Exits
Employee External Work History
Employee Feedback Criteria
Employee Feedback Rating
Employee Health Insurance
Employee Hours Utilization Based On Timesheet
Employee Image
Employee Incentive
Employee Info
Employee Information
Employee Internal Work History
Employee Naming By
Employee Onboarding Template
Employee Onboarding: {0} already exists for Job Applicant: {1}
Employee Other Income
Employee Performance Feedback
Employee Promotion Details
Employee Promotion cannot be submitted before Promotion Date
Employee Property History
Employee Referral
Employee Referral {0} already exists for email: {1}
Employee Referral {0} is not applicable for referral bonus.
Employee Referrals
Employee Responsible 
Employee Retained
Employee Self Service
Employee Separation Template
Employee Skill
Employee Skill Map
Employee Skills
Employee Tax Exemption Declaration Category
Employee Tax Exemption Proof Submission Detail
Employee Training
Employee Transfer Detail
Employee Transfer Details
Employee Transfer cannot be submitted before Transfer Date
Employee User Id
Employee advance account {0} should be of type {1}.
Employee can be named by Employee ID if you assign one, or via Naming Series. Select your preference here.
Employee cannot report to himself.
Employee is required
Employee is required while issuing Asset {0}
Employee name
Employee not found
Employee records are created using the selected option
Employee was marked Absent due to missing Employee Checkins.
Employee was marked Absent for not meeting the working hours threshold.
Employee was marked Absent for other half due to missing Employee Checkins.
Employee {0} : {1}
Employee {0} already has a linked user
Employee {0} already has an Attendance Request {1} that overlaps with this period
Employee {0} already has an active Shift {1}: {2} that overlaps within this period.
Employee {0} already submitted an application {1} for the payroll period {2}
Employee {0} does not belong to the company {1}
Employee {0} has already applied for Shift {1}: {2} that overlaps within this period
Employee {0} has already applied for {1} between {2} and {3} : {4}
Employee {0} has already claimed the benefit '{1}' for {2} ({3}).<br>To prevent overpayments, only one claim per benefit type is allowed in each payroll cycle.
Employee {0} is currently working on another workstation. Please assign another employee.
Employee {0} is not active or does not exist
Employee {0} is on Leave on {1}
Employee {0} not found
Employee {0} not found in Training Event Participants.
Employee {0} on Half day on {1}
Employee {0} relieved on {1} must be set as 'Left'
Employee: {0} have to complete minimum {1} years for gratuity
Employees
Employees HTML
Employees cannot give feedback to themselves. Use {0} instead: {1}
Employees on Half Day HTML
Employees will miss holiday reminders from {} until {}. <br> Do you want to proceed with this change?
Employees without Feedback: {0}
Employees without Goals: {0}
Employees working on a holiday
Employment Type
Empty To Delete List
Empty alias is not allowed
Empty column
Empty string arguments are not allowed
EmptyState
Enable Accounting Dimensions
Enable Action Confirmation
Enable Address Autocompletion
Enable Allow Auto Repeat for the doctype {0} in Customize Form
Enable Allow Partial Reservation in the Stock Settings to reserve partial stock.
Enable Appointment Scheduling
Enable Auto Attendance
Enable Auto Re-Order
Enable Auto Reply
Enable Automatic Linking in Documents
Enable Automatic Party Matching
Enable Comments
Enable Common Party Accounting
Enable Cut-Off Date on Bulk Delivery Note Creation
Enable Discount Accounting for Selling
Enable Discounts and Margin
Enable Dynamic Client Registration
Enable Early Exit Marking
Enable Email Notifications
Enable European Access
Enable Fuzzy Matching
Enable Google API in Google Settings.
Enable Google indexing
Enable Health Monitor
Enable Immutable Ledger
Enable Incoming
Enable Item-wise Inventory Account
Enable Late Entry Marking
Enable Loyalty Point Program
Enable Onboarding
Enable Outgoing
Enable Parallel Reposting
Enable Password Policy
Enable Perpetual Inventory
Enable Prepared Report
Enable Print Server
Enable Provisional Accounting For Non Stock Items
Enable Push Notification Relay
Enable Rate Limit
Enable Raw Printing
Enable Report
Enable Scheduled Jobs
Enable Scheduler
Enable Security
Enable Separate Reposting for GL
Enable Serial / Batch No for Item
Enable Social Login
Enable Stock Reservation
Enable Subscription
Enable Subscription tracking in invoice
Enable System Notification
Enable Tracking Page Views
Enable Two Factor Auth
Enable UTM
Enable Urchin Tracking Module parameters in Quotation, Sales Order, Sales Invoice, POS Invoice, Lead,  and Delivery Note.
Enable YouTube Tracking
Enable cost center, projects and other custom accounting dimensions
Enable developer mode to create a standard Print Template
Enable developer mode to create a standard Web Template
Enable if on click|||opens modal.
Enable in-app website tracking
Enable it if users want to consider rejected materials to dispatch.
Enable this checkbox even if you want to set the zero priority
Enable this option to calculate daily depreciation by considering the total number of days in the entire depreciation period, (including leap years) while using daily pro-rata based depreciation
Enable this to use a specific multiplier for public holidays. If unchecked, the standard multiplier will be used instead.
Enable this to use a specific multiplier for weekends. If unchecked, the standard multiplier will be used instead.
Enable to apply SLA on every {0}
Enable to reserve a small sample from each batch for any analysis arising ahead
Enable tracking sales commissions
Enabled Scheduler
Enabled email inbox for user {0}
Enabled only for Employee Benefit components from Salary Structure Assignment
Enables Calendar and Gantt views.
Enabling auto reply on an incoming email account will send automated replies to all the synchronized emails. Do you wish to continue?
Enabling the check box will fetch timesheet on select of a Project in Sales Invoice
Enabling this checkbox will force each Job Card Time Log to have From Time and To Time
Enabling this ensures each Purchase Invoice has a unique value in Supplier Invoice No. field within a particular fiscal year
Enabling this option will allow you to record - <br><br> 1. Advances Received in a <b>Liability Account</b> instead of the <b>Asset Account</b><br><br>2. Advances Paid in an <b>Asset Account</b> instead of the <b> Liability Account</b>
Enabling this will allow creation of multi-currency invoices against single party account in company currency
Enabling this will change the way how cancelled transactions are handled.
Enabling this will register your site on a central relay server to send push notifications for all installed apps through Firebase Cloud Messaging. This server only stores user tokens and error logs, and no messages are saved.
Enabling this will submit documents in background
Encashment
Encashment Date
Encashment Days
Encashment Days cannot exceed {0} {1} as per Leave Type settings
Encashment Limit Applied
Encrypt Backups
Encrypt Salary Slips in Emails
Encryption key is in invalid format!
Encryption key is invalid! Please check site_config.json
End Date Field
End Date cannot be before Start Date
End Date cannot be before Start Date!
End Date cannot be before Start Date.
End Date cannot be today.
End Transit
End Year
End Year cannot be before Start Year
End date cannot be before start date
End date of current invoice's period
End date: {0}
End of Life
End of the current subscription period
End time cannot be before start time
Ended At
Endpoints
Ends on
Energy Point
Enforce Time Logs
Enqueued By
Enqueued creation of indexes
Ensure Delivery Based on Produced Serial No
Ensure the user and group search paths are correct.
Enter API key in Google Settings.
Enter Client Id and Client Secret in Google Settings.
Enter Code displayed in OTP App.
Enter Company Details
Enter Email Recipient(s) in the To, CC, or BCC fields
Enter First and Last name of Employee, based on Which Full Name will be updated. IN transactions, it will be Full Name which will be fetched.
Enter Interview Round
Enter Manually
Enter Serial Nos
Enter Value
Enter Visit Details
Enter a name for Routing.
Enter a name for the Operation, for example, Cutting.
Enter a name for this Holiday List.
Enter a name for this {0}
Enter a non-zero value to adjust.
Enter amount to be redeemed.
Enter an Item Code, the name will be auto-filled the same as Item Code on clicking inside the Item Name field.
Enter customer's email
Enter customer's phone number
Enter date to scrap asset
Enter default value fields (keys) and values. If you add multiple values for a field, the first one will be picked. These defaults are also used to set "match" permission rules. To see list of fields, go to "Customize Form".
Enter depreciation details
Enter discount percentage.
Enter each serial no in a new line
Enter folder name
Enter list of Options, each on a new line.
Enter static url parameters here (Eg. sender=ERPNext, username=ERPNext, password=1234 etc.)
Enter the Bank Guarantee Number before submitting.
Enter the Operation, the table will fetch the Operation details like Hourly Rate, Workstation automatically.|||||| After that, set the Operation Time in minutes and the table will calculate the Operation Costs based on the Hourly Rate and Operation Time.
Enter the Operation, the table will fetch the Operation details like Hourly Rate, Workstation automatically.|||||||| After that, set the Operation Time in minutes and the table will calculate the Operation Costs based on the Hourly Rate and Operation Time.
Enter the Standard Working Hours for a normal work day. These hours will be used in calculations of reports such as Employee Hours Utilization and Project Profitability analysis.
Enter the fieldname of the currency field or a cached value (e.g. Company:company:default_currency).
Enter the name of the Beneficiary before submitting.
Enter the name of the bank or lending institution before submitting.
Enter the number of Leave Without Pay (LWP) days you want to reverse. This value cannot exceed the total LWP days recorded for the selected month
Enter the number of leaves you want to allocate for the period.
Enter the opening stock units.
Enter the quantity of the Item that will be manufactured from this Bill of Materials.
Enter the quantity to manufacture. Raw material Items will be fetched only when this is set.
Enter url parameter for message
Enter url parameter for receiver nos
Enter yearly benefit amounts
Enter your password
Enter {0} amount.
Entertainment Expenses
Entity Name
Entry Type
Equals
Equity/Liability Account
Error Description
Error Occurred
Error connecting to QZ Tray Application...<br><br> You need to have QZ Tray application installed and running, to use the Raw Print feature.<br><br><a target="_blank" href="https://qz.io/download/">Click here to Download and install QZ Tray</a>.<br> <a target="_blank" href="https://erpnext.com/docs/user/manual/en/setting-up/print/raw-printing">Click here to learn more about Raw Printing</a>.
Error connecting via IMAP/POP3: {e}
Error connecting via SMTP: {e}
Error downloading PDF
Error during caller information update
Error evaluating the criteria formula
Error getting details for {0}: {1}
Error has occurred in {0}
Error in Client Script
Error in Client Script.
Error in Header/Footer Script
Error in Notification
Error in formula or condition
Error in formula or condition: {0} in Income Tax Slab
Error in party matching for Bank Transaction {0}
Error in print format on line {0}: {1}
Error in some rows
Error in {0}.get_list: {1}
Error parsing nested filters: {0}. {1}
Error validating "Ignore User Permissions"
Error while connecting to email account {0}
Error while evaluating Notification {0}. Please fix your template.
Error while evaluating the {doctype} {doclink} at row {row_id}. <br><br> <b>Error:</b> {error} <br><br> <b>Hint:</b> {description}
Error while posting depreciation entries
Error while processing deferred accounting for {0}
Error while reposting item valuation
Error {0}: {1}
Error: Data missing in table {0}
Error: This asset already has {0} depreciation periods booked.|||					The `depreciation start` date must be at least {1} periods after the `available for use` date.|||					Please correct the dates accordingly.
Error: Value missing for {0}: {1}
Error: {0} Row #{1}: Value missing for: {2}
Error: {0} is mandatory field
Errors Notification
Estimated Arrival
Estimated Cost
Estimated Time and Cost
Evaluate as Expression
Evaluation Date
Evaluation Method cannot be changed as there are existing appraisals created for this cycle
Evaluation Period
Even if there are multiple Pricing Rules with highest priority, then following internal priorities are applied:
Event Category
Event Details
Event Frequency
Event Link
Event Notifications
Event Reminders
Event Status
Event Synced with Google Calendar.
Event Type
Events in Today's Calendar
Every 2 Weeks
Every 3 Weeks
Every 4 Weeks
Every Valid Check-in and Check-out
Everyone
Everyone, let’s congratulate them on their work anniversary!
Everyone, let’s congratulate {0} on their birthday.
Ex: "colors": ["#d1d8dd", "#ff5858"]
Exact Copies
Example URL
Example of a linked document: {0}
Example: "/desk"
Example: #Tree/Account
Example: 00001
Example: ABCD.#####|||If series is set and Serial No is not mentioned in transactions, then automatic serial number will be created based on this series. If you always want to explicitly mention Serial Nos for this item. leave this blank.
Example: ABCD.#####. If series is set and Batch No is not mentioned in transactions, then automatic batch number will be created based on this series. If you always want to explicitly mention Batch No for this item, leave this blank. Note: this setting will take priority over the Naming Series Prefix in Stock Settings.
Example: Serial No {0} reserved in {1}.
Example: Setting this to 24:00 will log out a user if they are not active for 24:00 hours.
Example: {{ subject }}
Excel
Exception Budget Approver Role
Excess Disassembly
Excess Materials Consumed
Excess Transfer
Excessive machine set up time
Exchange Gain / Loss
Exchange Gain / Loss Account
Exchange Gain Or Loss
Exchange Gain/Loss amount has been booked through {0}
Exchange Rate must be same as {0} {1} ({2})
Exchange rate of Payment Entry against Employee Advance
Excise Invoice
Excise Page Number
Exclude Holidays
Exclude Zero Balance Parties
Excluded DocTypes
Excluded Fee
Excluded {0} Non-Encashable Leaves for {1}
Execute
Execute Console script
Executing Code
Executing...
Execution
Execution Time: {0} sec
Exempt Supplies
Exempted Role
Exemption Proofs
Exemption Sub Category
Existing Asset
Existing Company
Existing Company 
Existing Record
Existing Role
Existing Shift Assignments
Exit
Exit Confirmed
Exit Details
Exit Interview Held On
Exit Interview Pending
Exit Interview Summary
Exit Interview {0} already exists for Employee: {1}
Exit Questionnaire
Exit Questionnaire Notification
Exit Questionnaire Notification Template
Exit Questionnaire Pending
Exit Questionnaire Web Form
Expected
Expected 'and' or 'or' operator, found: {0}
Expected Amount
Expected Arrival Date
Expected Average Rating
Expected Balance Qty
Expected By
Expected Compensation
Expected Delivery Date should be after Sales Order Date
Expected End Date should be less than or equal to parent task's Expected End Date {0}.
Expected Hrs
Expected Skill Set
Expected Skillset
Expected Stock Value
Expected Time (in hours)
Expected Time Required (In Mins)
Expense / Difference account ({0}) must be a 'Profit or Loss' account
Expense Account Missing
Expense Approver Mandatory In Expense Claim
Expense Claim Summary
Expense Claim for Vehicle Log {0}
Expense Claim {0} already exists for the Vehicle Log
Expense Claims
Expense Date
Expense Head
Expense Head Changed
Expense Proof
Expense Taxes and Charges
Expense account is mandatory for item {0}
Expenses
Expenses & Advances
Expenses Settings
Experimental
Expert
Expiration time
Expire Allocation
Expire Carry Forwarded Leaves (Days)
Expire Leaves
Expire Notification On
Expired Batches
Expired Leave(s)
Expired Leaves
Expires In
Expires On
Expires in a week or less
Expires today or already expired
Expiry
Expiry (In Days)
Expiry Date Mandatory
Expiry Duration (in days)
Expiry time of QR Code Image Page
Exploded Items
Exponential Smoothing Forecasting
Export 1 record
Export Custom Permissions
Export Customizations
Export E-Invoices
Export Errored Rows
Export From
Export Import Log
Export Report: {0}
Export all matching rows?
Export all {0} rows?
Export as zip
Export in Background
Export not allowed. You need {0} role to export.
Export only customizations assigned to the selected module.<br><span class='text-muted'><strong>Note:</strong> You must set the <em>Module (for export)</em> field on Custom Field and Property Setter records before applying this filter.</span><p class='alert alert-warning'> <strong>Warning:</strong> Customizations from other modules will be excluded.</p>
Export the data without any header notes and column descriptions
Export without main header
Export {0} records
Exported permissions will be force-synced on every migrate overriding any other customization.
Exporting...
Expression
Expression (old style)
Expression, Optional
Extended Bank Statement
External Work History
Extra Consumed Qty
Extra Job Card Quantity
Extra Large
Extra Material Transfer
Extra Parameters
Extra Small
FAILURE
FG / Semi FG Item
FG Items to Make
FIFO Queue
FIFO Queue vs Qty After Transaction Comparison
FIFO Stock Queue (qty, rate)
FIFO/LIFO Queue
FPT
Failed Entries
Failed Job Count
Failed Logins (Last 30 days)
Failed Transactions
Failed to Authenticate the API key.
Failed to aquire lock: {}. Lock may be held by another process.
Failed to change password.
Failed to complete setup
Failed to compute request body: {}
Failed to connect to server
Failed to create demo data
Failed to create/submit {0} for employees:
Failed to decode token, please provide a valid base64-encoded token.
Failed to decrypt key {0}
Failed to delete communication
Failed to delete defaults for country {0}.
Failed to delete {0} documents: {1}
Failed to download PDF: {0}
Failed to enable scheduler: {0}
Failed to erase demo data, please delete the demo company manually.
Failed to evaluate conditions: {}
Failed to export python type hints
Failed to generate names from the series
Failed to generate preview of series
Failed to get method for command {0} with {1}
Failed to get method {0} with {1}
Failed to import virtual doctype {}, is controller file present?
Failed to install presets
Failed to optimize image: {0}
Failed to parse MT940 format. Error: {0}
Failed to post depreciation entries
Failed to render message: {}
Failed to render subject: {}
Failed to request login to Frappe Cloud
Failed to retrieve the list of IMAP folders from the server. Please ensure the mailbox is accessible and the account has permission to list folders.
Failed to send email for campaign {0} to {1}
Failed to send email with subject:
Failed to send notification email
Failed to send the Interview Reschedule notification. Please configure your email account.
Failed to set defaults
Failed to setup Vietnam localization
Failed to setup company
Failed to setup company for Vietnam
Failed to setup defaults
Failed to setup defaults for country {0}.
Failed to setup defaults for country {0}. Please contact support.
Failed to submit some leave policy assignments:
Failed to update global settings
Failed to update the Job Applicant status
Failed to {0} {1} for employees:
Failed while calling API {0}
Failing Scheduled Jobs (last 7 days)
Failure
Failure Description
Failure Details
Failure Rate
Failure Reason
Failure of Automatic Allocation of Earned Leaves
Failure: {0}
Family Background
FavIcon
Feb
Feedback By
Feedback Count
Feedback HTML
Feedback Ratings
Feedback Reminder Notification Template
Feedback Score
Feedback Submitted
Feedback Summary
Feedback already submitted for the Interview {0}. Please cancel the previous Interview Feedback {1} to continue.
Feedback cannot be recorded for an absent Employee.
Feedback {0} added successfully
Fees
Fetch Based On
Fetch Customers
Fetch Geolocation
Fetch Images
Fetch Items from Warehouse
Fetch Latest Exchange Rate
Fetch Overdue Payments
Fetch Overtime Details
Fetch Payment Schedule In Payment Request
Fetch Shift
Fetch Shifts
Fetch Subscription Updates
Fetch Timesheet
Fetch Timesheet in Sales Invoice
Fetch Valuation Rate for Internal Transaction
Fetch Value From
Fetch attached images from document
Fetch exploded BOM (including sub-assemblies)
Fetch on Save if Empty
Fetched only {0} available serial numbers.
Fetching Employees
Fetching Error
Fetching Material Requests...
Fetching Sales Orders...
Fetching Shift
Fetching default Global Search documents.
Fetching exchange rates ...
Fetching fields from {0}...
Fetching your geolocation
Fetching...
Field "route" is mandatory for Web Views
Field "title" is mandatory if "Website Search Field" is set.
Field "value" is mandatory. Please specify value to be updated
Field '{0}' is not a valid Company link field for DocType {1}
Field <code>{0}</code> not found in {1}
Field Description
Field Mapping
Field Missing
Field Orientation (Left-Right)
Field Orientation (Top-Down)
Field Template
Field in Bank Transaction
Field not permitted in query
Field that represents the Workflow State of the transaction (if field is not present, a new hidden Custom Field will be created)
Field to Track
Field type cannot be changed for {0}
Field {0} does not exist on {1}
Field {0} is referring to non-existing doctype {1}.
Field {0} must be a virtual field to support virtual doctype.
Field {0} not found.
Field {0} on document {1} is neither a Mobile number field nor a Customer or User link
Fieldname
Fieldname '{0}' conflicting with a {1} of the name {2} in {3}
Fieldname called {0} must exist to enable autonaming
Fieldname is limited to 64 characters ({0})
Fieldname not set for Custom Field
Fieldname which will be the DocType for this link field.
Fieldname {0} appears multiple times
Fieldname {0} cannot have special characters like {1}
Fieldname {0} conflicting with meta object
Fieldname {0} is restricted
Fields
Fields Multicheck
Fields `file_name` or `file_url` must be set for File
Fields must be a list or tuple when as_list is enabled
Fields must be a string, list, tuple, pypika Field, or pypika Function
Fields separated by comma (,) will be included in the "Search By" list of Search dialog box
Fields will be copied over only at time of creation.
Fieldtype
Fieldtype cannot be changed from {0} to {1}
Fieldtype cannot be changed from {0} to {1} in row {2}
File
File "{0}" was skipped because of invalid file type
File "{0}" was skipped because only {1} uploads are allowed
File "{0}" was skipped because only {1} uploads are allowed for DocType "{2}"
File "{0}" was skipped because size exceeds {1} MB
File '{0}' not found
File Information
File PDF
File Preview
File Storage
File URL
File backup is ready
File chứng thư số (.pfx/.p12)
File does not belong to this Transaction Deletion Record
File name cannot have {0}
File not attached
File not found
File not found on server
File size exceeded the maximum allowed size of {0} MB
File to Rename
File too big
File type of {0} is not allowed
File upload failed.
File {0} does not exist
Fill the form and save it
Filled
Filter Area
Filter Based On
Filter Data
Filter Duration (Months)
Filter Employees
Filter List
Filter Meta
Filter Name
Filter Total Zero Qty
Filter Values
Filter by Reference Date
Filter by Shift
Filter by invoice status
Filter condition missing after operator: {0}
Filter fields have invalid backtick notation: {0}
Filter on Invoice
Filter on Payment
Filter...
Filtered By
Filtered Records
Filtered by "{0}"
Filtered by: {0}.
Filters
Filters Configuration
Filters Display
Filters Editor
Filters JSON
Filters Section
Filters for Material Requests
Filters for Sales Orders
Filters missing
Filters saved
Filters will be accessible via <code>filters</code>. <br><br>Send output as <code>result = [result]</code>, or for old style <code>data = [columns], [result]</code>
Filters {0}
Filters:
Final BOM
Final Decision
Final Product
Final Score
Final Score Formula
Finance Book Detail
Finance Book Id
Finance Books
Financial Ratios
Financial Report Row
Financial Report Template
Financial Report Template {0} is disabled
Financial Report Template {0} not found
Financial reports will be generated using GL Entry doctypes (should be enabled if Period Closing Voucher is not posted for all years sequentially or missing) 
Find '{0}' in ...
Find {0} in {1}
Finished At
Finished Good BOM
Finished Good Item
Finished Good Item Code
Finished Good Item Qty
Finished Good Item Quantity
Finished Good Item is not specified for service item {0}
Finished Good Item {0} Qty can not be zero
Finished Good Item {0} must be a sub-contracted item
Finished Good Qty
Finished Good Quantity 
Finished Good Serial / Batch
Finished Good UOM
Finished Good {0} does not have a default BOM.
Finished Good {0} is disabled.
Finished Good {0} must be a stock item.
Finished Good {0} must be a sub-contracted item.
Finished Goods
Finished Goods Based Operating Cost
Finished Goods Reference
Finished Goods Return
Finished Goods Value
Finished Goods based Operating Cost
Finished Item {0} does not match with Work Order {1}
First Check-in and Last Check-out
First Day of the Week
First Delivery Date
First Email
First Name 
First Response Due
First Response SLA Failed by {}
First Response Time for Issues
First Response Time for Opportunity
First Success Message
First data column must be blank.
First set the name and save the record.
Fiscal Regime is mandatory, kindly set the fiscal regime in the company {0}
Fiscal Year Details
Fiscal Year End Date should be one year after Fiscal Year Start Date
Fiscal Year {0} Does Not Exist
Fiscal Year {0} does not exist
Fiscal Year {0} is not available for Company {1}.
Fiscal Year {0} is required
Fiscal Year {0} not found
Fit
Fix SABB Entry
Fixed
Fixed Asset Defaults
Fixed Asset Item must be a non-stock item.
Fixed Asset Register
Fixed Asset Turnover Ratio
Fixed Asset item {0} cannot be used in BOMs.
Fixed Assets
Fixed Hourly Rate
Fixed Outgoing Email Account
Fixed Rate
Fixed Time
Flag
Fleet Manager
Flexible Component
Flight
Floor
Floor Name
FnF Pending
Focus on Item Group filter
Focus on search input
Fold
Fold can not be at the end of the form
Fold must come before a Section Break
Folder Name
Folder name should not include '/' (slash)
Folder {0} is not empty
Folio
Folio no.
Follow Calendar Months
Follow via Email
Followed by
Following Material Requests have been raised automatically based on Item's re-order level
Following Report Filters have missing values:
Following document {0}
Following documents are linked with {0}
Following fields are mandatory to create address:
Following fields are missing:
Following fields have invalid values:
Following fields have missing values
Following fields have missing values:
Font Properties
Fonts
Food
Footer "Powered By"
Footer Based On
Footer Details
Footer HTML
Footer HTML set from attachment {0}
Footer Logo
Footer Script
Footer Template
Footer Template Values
Footer might not be visible as {0} option is disabled</div>
Footer will display correctly only in PDF
For
For 'Product Bundle' items, Warehouse, Serial No and Batch No will be considered from the 'Packing List' table. If Warehouse and Batch No are same for all packing items for any 'Product Bundle' item, those values can be entered in the main Item table, values will be copied to 'Packing List' table.
For All Stock Asset Accounts
For Buying
For Company
For Designation 
For DocType
For DocType Link / DocType Action
For Document
For Document Type
For Employee
For Example: {} Open
For Item
For Item {0} cannot be received more than {1} qty against the {2} {3}
For Job Card
For Operation
For Price List
For Production
For Quantity (Manufactured Qty) is mandatory
For Raw Materials
For Return Invoices with Stock effect, '0' qty Items are not allowed. Following rows are affected: {0}
For Selling
For Supplier
For Value
For Work Order
For a day of leave taken, if you still pay (say) 50% of the daily salary, then enter 0.50 in this field.
For a dynamic subject, use Jinja tags like this: <code>{{ doc.name }} Delivered</code>
For an item {0}, quantity must be negative number
For an item {0}, quantity must be positive number
For comparison, use >5, <10 or =324.|||For ranges, use 5:10 (for values between 5 & 10).
For comparison, use >5, <10 or =324. For ranges, use 5:10 (for values between 5 & 10).
For comparison, use >5, <10 or =324.||||For ranges, use 5:10 (for values between 5 & 10).
For dunning fee and interest
For e.g. 2012, 2012-13
For example:
For example: If you want to include the document ID, use {0}
For example: {} Open
For help see <a href="https://frappeframework.com/docs/user/en/guides/portal-development/web-forms" target="_blank">Client Script API and Examples</a>
For how much spent = 1 Loyalty Point
For individual supplier
For item <b>{0}</b>, only <b>{1}</b> asset have been created or linked to <b>{2}</b>. Please create or link <b>{3}</b> more asset with the respective document.
For item {0}, rate must be a positive number. To Allow negative rates, enable {1} in {2}
For more information, {0}.
For multiple addresses, enter the address on different line. e.g. test@test.com ⏎ test1@test.com
For operation {0} at row {1}, please add raw materials or set a BOM against it.
For operation {0}: Quantity ({1}) can not be greater than pending quantity({2})
For project - {0}, update your status
For projected and forecast quantities, the system will consider all child warehouses under the selected parent warehouse.
For quantity {0} should not be greater than allowed quantity {1}
For reference
For row {0} in {1}. To include {2} in Item rate, rows {3} must also be included
For row {0}: Enter Planned Qty
For service item
For the 'Apply Rule On Other' condition the field {0} is mandatory
For the convenience of customers, these codes can be used in print formats like Invoices and Delivery Notes
For the item {0}, the consumed quantity should be {1} according to the BOM {2}.
For the new {0} to take effect, would you like to clear the current {1}?
For the {0}, no stock is available for the return in the warehouse {1}.
For the {0}, the quantity is required to make the return entry
For updating, you can update only selective columns.
For {0} at level {1} in {2} in row {3}
Force
Force Re-route to Default View
Force Stop job
Force User to Reset Password
Force Web Capture Mode for Uploads
Force-Fetch Subscription Updates
Forecast Demand
Forecast Qty
Foreign Currency Translation Reserve
Foreign Trade Details
Forgot Password?
Form Builder
Form Dict
Form Settings
Form Tour
Form Tour Step
Form URL-Encoded
Format
Format Data
Formula Based Criteria
Formula or Account Filter
Fortnightly
Forum Activity
Forum Posts
Forum URL
Forward Query Parameters
Forward To Email Address
Fraction
Fraction Units
Fraction of Applicable Earnings 
Fraction of Daily Salary for Half Day
Fraction of Daily Salary per Leave
Fractional Cost
Frappe
Frappe Blog
Frappe Forum
Frappe Framework
Frappe HR
Frappe Light
Frappe Mail
Frappe Mail OAuth Error
Frappe Mail Site
Frappe School
Frappe Support
Frappe page builder using components
Free
Free item code is not selected
Free item not set in the pricing rule {0}
Freeze Stocks Older Than (Days)
Freight and Forwarding Charges
Frequency To Collect Progress
Frequency of Depreciation (Months)
Frequently Read Articles
From Amount
From Attach Field
From BOM No
From Company
From Corrective Job Card
From Currency and To Currency cannot be same
From Customer
From Date
From Date and To Date are Mandatory
From Date and To Date are mandatory
From Date and To Date are required
From Date and To Date lie in different Fiscal Year
From Date cannot be greater than To Date
From Date is mandatory
From Date must be before To Date
From Date must come before To Date
From Date should be within the Fiscal Year. Assuming From Date = {0}
From Date {0} cannot be after Payroll Period end date {1}
From Date {0} cannot be after employee's relieving Date {1}
From Date {0} cannot be before Payroll Period start date {1}
From Date {0} cannot be before employee's joining Date {1}
From Date: {0} cannot be greater than To date: {1}
From Datetime
From Delivery Date
From Delivery Note
From Doctype
From Document Type
From Due Date
From Employee is required while issuing Asset {0}
From External Ecomm Platform
From Field
From Fiscal Year
From Fiscal Year cannot be greater than To Fiscal Year
From Folio No
From Full Name
From Invoice Date
From No
From Package No.
From Payment Date
From Posting Date
From Range
From Range has to be less than To Range
From Reference Date
From Shareholder
From Time 
From Time Should Be Less Than To Time
From User
From Voucher Detail No
From Voucher No
From Voucher Type
From and To Dates are required.
From and To dates are required
From and to dates are mandatory for recurring type additional salaries.
From date can not be less than employee's joining date
From date can not be less than employee's joining date.
From date cannot be greater than To date
From here, you can enable encashment for the balance leaves.
From value must be less than to value in row {0}
From version
From {0} to {1}
From(Year)
Fuchsia
Fuel Expenses
Fuel Price
Fuel Type
Fuel UOM
Fulfilled
Fulfillment
Fulfillment User
Fulfilment Deadline
Fulfilment Details
Fulfilment Status
Fulfilment Terms
Fulfilment Terms and Conditions
Full
Full Name, Email or Phone/Mobile of the user are mandatory to continue.
Full Page
Full Width
Full and Final Asset
Full and Final Outstanding Statement
Full-time
Fully Completed
Fully Depreciated
Fully Sponsored
Function
Function Based On
Function {0} is not whitelisted.
Function {0} requires arguments but none were provided
Funded Amount
Furniture and Fixtures
Further accounts can be made under Groups, but entries can be made against non-Groups
Further cost centers can be made under Groups but entries can be made against non-Groups
Further nodes can be only created under 'Group' type nodes
Further sub-groups can only be created under records marked as 'Group'
Future Income Tax
Future Payment Amount
Future Payment Ref
Future Payments
Future date is not allowed
Future dates not allowed
Fw: {0}
G - D
GENERAL LEDGER
GET
GL Balance
GL Entry
GL Entry Processing Status
GL reposting index
GMail
GNU Affero General Public License
GNU General Public License
GS1
GTIN
GTIN-14
Gain Loss Account
Gain/Loss
Gain/Loss Account on Asset Disposal
Gain/Loss accumulated in foreign currency account. Accounts with '0' balance in either Base or Account currency
Gain/Loss already booked
Gain/Loss from Revaluation
Gain/Loss on Asset Disposal
Gantt Chart
Gantt chart of all tasks.
Genderqueer
General
General Settings
General and Payment Ledger Comparison
General and Payment Ledger mismatch
Generate Demand
Generate Demo Data for Exploration
Generate E-Invoice
Generate Invoice At
Generate Keys
Generate New Report
Generate Random Password
Generate Schedule
Generate Separate Documents For Each Assignee
Generate Stock Closing Entry
Generate To Delete List
Generate To Delete list first
Generate Tracking URL
Generate packing slips for packages to be delivered. Used to notify package number, package contents and its weight.
Generated
Generating Master Production Schedule...
Generating Preview
Geo
Geoapify
Geolocation
Geolocation Error
Geolocation Settings
Geolocation is not supported by your current browser
Get Actual Demand
Get Advances Paid
Get Advances Received
Get Alerts for Today
Get Allocations
Get Backup Encryption Key
Get Balance
Get Contacts
Get Current Stock
Get Customer Group Details
Get Delivery Schedule
Get Details From Declaration
Get Employees
Get Fields
Get Finished Goods
Get Header and Footer wkhtmltopdf variables
Get Invoices
Get Invoices based on Filters
Get Item Locations
Get Items
Get Items for Purchase / Transfer
Get Items for Purchase Only
Get Items from Material Requests against this Supplier
Get Job Requisitions
Get Material Requests
Get OpenID Configuration
Get Outstanding Orders
Get PDF
Get Payment Entries
Get Payments from
Get Raw Materials Cost from Consumption Entry
Get Secondary Items
Get Started Sections
Get Stock
Get Suppliers
Get Suppliers By
Get Template
Get Timesheets
Get a preview of generated names with a series.
Get notified when an email is received on any of the documents assigned to you.
Get stops from
Get the app on your device for easy access & a better experience!
Get the app on your iPhone for easy access & a better experience
Get your globally recognized avatar from Gravatar.com
Getting Secondary Items
Getting Started
Git Branch
GitHub
Github flavoured markdown syntax
Give free item for every N quantity
Giá trị trước thuế
Giảm trừ
Giảm trừ bản thân
Giảm trừ người phụ thuộc
Global Search DocType
Global Search Document Types Reset.
Global Search Settings
Global Shortcuts
Global Unsubscribe
Go back
Go to Login
Go to Login Required field
Go to Notification Settings List
Go to Workflow
Go to Workspace
Go to next record
Go to previous record
Go to the document
Go to this URL after completing the form
Go to {0}
Go to {0} List
Go to {0} Page
Goal Completion (%)
Goal Score
Goal Score (%)
Goal Score (weighted)
Goal progress percentage cannot be more than 100.
Goal should be aligned with the same KRA as its parent goal.
Goal should be owned by the same employee as its parent goal.
Goal should belong to the same Appraisal Cycle as its parent goal.
Goal updated successfully
Goals
Goals updated successfully
Goods
Goods In Transit
Goods Transferred
Goods are already received against the outward entry {0}
Google
Google Analytics ID
Google Analytics anonymise IP
Google Calendar
Google Calendar - Could not create Calendar for {0}, error code {1}.
Google Calendar - Could not delete Event {0} from Google Calendar, error code {1}.
Google Calendar - Could not fetch event from Google Calendar, error code {0}.
Google Calendar - Could not find Calendar for {0}, error code {1}.
Google Calendar - Could not insert contact in Google Contacts {0}, error code {1}.
Google Calendar - Could not insert event in Google Calendar {0}, error code {1}.
Google Calendar - Could not update Event {0} in Google Calendar, error code {1}.
Google Calendar has been configured.
Google Contacts
Google Contacts - Could not sync contacts from Google Contacts {0}, error code {1}.
Google Contacts - Could not update contact in Google Contacts {0}, error code {1}.
Google Contacts Id
Google Drive
Google Drive Picker
Google Drive Picker Enabled
Google Font
Google Settings
Google Sheets URL is invalid or not publicly accessible.
Google Sheets URL must end with "gid={number}". Copy and paste the URL from the browser address bar and try again.
Government
Graduate
Grand Total (Company Currency
Grand Total (Company Currency)
Grand Total (Transaction Currency)
Grand Total must match sum of Payment References
Grant Commission
Grant Type
Graph
Gratuity Applicable Component
Gray
Greater Than Amount
Greater Than Or Equal To
Greeting Message
Greeting Subtitle
Greeting Title
Greetings Section
Grid Empty State
Grid Page Length
Grid Shortcuts
Grievance Against
Grievance Against Party
Grievance Details
Grievance Type
Gross Earnings
Gross Margin %
Gross Pay (Company Currency)
Gross Profit / Loss
Gross Profit Percent
Gross Profit Ratio
Gross Total
Gross Weight UOM
Gross Year To Date
Gross Year To Date(Company Currency)
Gross and Net Profit Report
Group By Based On
Group By Customer
Group By Supplier
Group By field is required to create a dashboard chart
Group By must be a string
Group Name
Group Node
Group Object Class
Group Same Items
Group Warehouses cannot be used in transactions. Please change the value of {0}
Group by
Group by Material Request
Group by Party
Group by Purchase Order
Group by Sales Order
Group by Voucher
Group goal's progress is auto-calculated based on the child goals.
Group node warehouse is not allowed to select for transactions
Group same items
Grouped by <span style='font-weight:600;'>{0}</b>
Groups
Growth View
H - F
HEAD
HERE
HH:mm
HH:mm:ss
HR
HR & Payroll
HR & Payroll Settings
HR-ADS-.YY.-.MM.-
HR-APR-.YYYY.-
HR-ATT-.YYYY.-
HR-DRI-.YYYY.-
HR-EAD-.YYYY.-
HR-EMP-
HR-EXIT-INT-
HR-EXP-.YYYY.-
HR-HIREQ-
HR-HLA-.YYYY.-
HR-LAD-.YYYY.-
HR-LAL-.YYYY.-
HR-LAP-.YYYY.-
HR-VLOG-.YYYY.-
HRMS
HTML
HTML Editor
HTML Message
HTML Page
HTML for header section. Optional
HTML with jinja support
Half
Half Day Date
Half Day Date is mandatory
Half Day Date should be between From Date and To Date
Half Day Date should be in between Work From Date and Work End Date
Half Day Marked Employee Header
Half Day Records
Half Yearly
Half day date should be in between from date and to date
Half-Yearly
Half-yearly
Handle Employee Advances
Handled Emails
Hardware
Has  Attachment
Has Alternative Item
Has Attachments
Has Certificate
Has Certificate 
Has Corrective Cost
Has Domain
Has Expiry Date
Has Item Scanned
Has Next Condition
Has Operating Cost
Has Print Format
Has Priority
Has Role
Has Setup Wizard
Has Subcontracted
Has Unit Price Items
Has Web View
Have Default Naming Series for Batch ID?
Have an account? Login
Header HTML
Header HTML set from attachment {0}
Header Icon
Header Script
Header and Breadcrumbs
Header, Robots
Header/Footer scripts can be used to add dynamic behaviours.
Headers
Headers must be a dictionary
Heading
Heads (or groups) against which Accounting Entries are made and balances are maintained.
Health Details
Health Insurance Name
Health Insurance No
Health Insurance Provider
Height (cm)
Hello
Help Article
Help Articles
Help Category
Help Dropdown
Help HTML
Help Results for
Help Section
Help: To link to another record in the system, use "/desk/note/[Note Name]" as the Link URL. (don't use "http://")
Helps you distribute the Budget/Target across months if you have seasonality in your business.
Helvetica
Helvetica Neue
Here are the error logs for the aforementioned failed depreciation entries: {0}
Here are the options to proceed:
Here you can maintain family details like name and occupation of parent, spouse and children
Here you can maintain height, weight, allergies, medical concerns etc
Here's your tracking URL
Here, you can select a senior of this Employee. Based on this, Organization Chart will be populated.
Here, your weekly offs are pre-populated based on the previous selections. You can add more rows to also add public and national holidays individually.
Hey {}! This email is to remind you about the upcoming holidays.
Hi {0}
Hi,
Hidden Fields
Hidden Line (Internal Use Only)
Hidden columns include: <br> {0}
Hidden list maintaining the list of contacts linked to Shareholder
Hide Block
Hide Border
Hide Buttons
Hide Copy
Hide Currency Symbol
Hide Custom DocTypes and Reports
Hide Customer's Tax ID from Sales Transactions
Hide Days
Hide Descendants
Hide Empty Read-Only Fields
Hide Error
Hide If Zero
Hide Images
Hide Label
Hide Login
Hide Preview
Hide Previous, Next and Close button on highlight dialog.
Hide Recent Orders
Hide Seconds
Hide Sidebar, Menu, and Comments
Hide Standard Menu
Hide Unavailable Items
Hide Weekends
Hide descendant records of <b>For Value</b>.
Hide details
Hide footer
Hide footer in auto email reports
Hide footer signup
Hide navbar
Hide this line if amount is zero
Hide timesheets
Higher priority rule will be applied first
Higher the number, higher the priority
Hint: Include symbols, numbers and capital letters in the password
Hiring Count
Hiring Settings
History In Company
Hold
Hold Type
Holiday Date {0} added multiple times
Holiday List Assignment
Holiday List Assignment for {0} already exists for date {1}: {2}
Holiday List End
Holiday List Name
Holiday List Start
Holiday List for Optional Leave
Holidays
Holidays this Month.
Holidays this Week.
Home Settings
Home/Test Folder 1
Home/Test Folder 1/Test Folder 3
Home/Test Folder 2
Horizontal Break
Hour Rate (Company Currency)
Hourly
Hourly Long
Hourly Maintenance
Hourly Rate
Hourly rate limit for generating password reset links
Hours Spent
House rent paid days overlapping with {0}
House rented dates required for exemption calculation
House rented dates should be atleast 15 days apart
How Pricing Rule is applied?
How frequently?
How often should Project and Company be updated based on Sales Transactions?
How often should Project be updated of Total Purchase Cost ?
How should this currency be formatted? If not set, will use system defaults
How this line gets its data
How to format and present values in the financial report (only if different from column fieldtype)
Hrs
Human Resources
Human-readable name intended for display to the end user.
Hóa đơn bán hàng
Hóa đơn chưa có số hóa đơn điện tử
Hóa đơn điện tử
Hệ số trần BHTN
Hệ số trần BHXH/BHYT
Hệ thống tài khoản
Họ tên
Hủy HĐĐT
Hủy hóa đơn điện tử
I
I - J
I - K
ID (name)
ID (name) of the entity whose property is to be set
IDs must contain only alphanumeric characters, not contain spaces, and should be unique.
IFSC
II
III
IMAP Details
IMAP Folder
IMAP Folder Not Found
IMAP Folder Validation Failed
IMAP Folder name cannot be empty.
IMPORTANT: Create a backup before proceeding!
IN
IP Address
IRS 1099
ISBN
ISBN-10
ISBN-13
ISS-.YYYY.-
ISSN
IV
Icon Image
Icon Style
Icon Type
Icon is not correctly configured please check the workspace sidebar to it
Icon will appear on the button
Id
Identification Document Number
Identification Document Type
Identification of the package for the delivery (for print)
Identifying Decision Makers
Identity Details
Idle
Idx
If "Months" is selected, a fixed amount will be booked as deferred revenue or expense for each month irrespective of the number of days in a month. It will be prorated if deferred revenue or expense is not booked for an entire month
If <b>Enabled</b> - Reconciliation happens on the <b>Advance Payment posting date</b><br>|||If <b>Disabled</b> - Reconciliation happens on oldest of 2 Dates: <b>Invoice Date</b> or the <b>Advance Payment posting date</b><br>|||
If Apply Strict User Permission is checked and User Permission is defined for a DocType for a User, then all the documents where value of the link is blank, will not be shown to that User
If Auto Opt In is checked, then the customers will be automatically linked with the concerned Loyalty Program (on save)
If Checked workflow status will not override status in list view
If Income or Expense
If a Role does not have access at Level 0, then higher levels are meaningless.
If an operation is divided into sub operations, they can be added here.
If blank, parent Warehouse Account or company default will be considered in transactions
If checked, Payroll Payable will be booked against each employee
If checked, Rejected Quantity will be included while making Purchase Invoice from Purchase Receipt.
If checked, Stock will be reserved on <b>Submit</b>
If checked, a confirmation will be required before performing workflow actions.
If checked, all other workflows become inactive.
If checked, flexible benefits are considered only if benefit application exists
If checked, hides and disables Rounded Total field in Salary Slips
If checked, negative numeric values of Currency, Quantity or Count would be shown as positive
If checked, overtime slip creation can be handled as part of payroll processing
If checked, picked qty won't automatically be fulfilled on submit of pick list.
If checked, the full amount will be deducted from taxable income before calculating income tax without any declaration or proof submission.
If checked, the tax amount will be considered as already included in the Paid Amount in Payment Entry
If checked, the tax amount will be considered as already included in the Print Rate / Print Amount
If checked, users will not see the Confirm Access dialog.
If checked, we will create demo data for you to explore the system. This demo data can be erased later.
If different than customer address
If disable, 'In Words' field will not be visible in any transaction
If disable, 'Rounded Total' field will not be visible in any transaction
If disabled, this role will be removed from all users.
If enabled then system won't apply the pricing rule on the delivery note which will be create from the pick list
If enabled then system won't override the picked qty / batches / serial numbers / warehouse.
If enabled,  user can login from any IP Address using Two Factor Auth, this can also be set for all users in System Settings
If enabled, Tax Exemption Declaration will be considered for income tax calculation.
If enabled, a print of this document will be attached to each email
If enabled, additional ledger entries will be made for discounts in a separate Discount Account
If enabled, all files attached to this document will be attached to each email
If enabled, all responses on the web form will be submitted anonymously
If enabled, all users can login from any IP Address using Two Factor Auth. This can also be set only for specific user(s) in User Page
If enabled, auto attendance will be marked on holidays if Employee Checkins exist
If enabled, changes to the document are tracked and shown in timeline
If enabled, deducts payment days for absent attendance on holidays. By default, holidays are considered as paid
If enabled, do not update serial / batch values in the stock transactions on creation of auto Serial ||| / Batch Bundle. 
If enabled, document views are tracked, this can happen multiple times
If enabled, formula for <b>Qty to Order</b>: <br>|||Required Qty (BOM) - <a href="https://docs.frappe.io/erpnext/user/manual/en/projected-quantity">Projected Qty</a>. <br> This helps avoid over-ordering.
If enabled, formula for <b>Required Qty</b>: <br>|||Required Qty (BOM) - <a href="https://docs.frappe.io/erpnext/user/manual/en/projected-quantity">Projected Qty</a>. <br> This helps avoid over-ordering.
If enabled, ledger entries will be posted for change amount in POS transactions
If enabled, only System Managers can upload public files. Other users can't see the checkbox <i>Is Private</i> in the upload dialog.
If enabled, system will allow user to deliver the entire quantity of the finished goods produced against the Subcontracting Inward Order. If disabled, system will allow delivery of only the ordered quantity.
If enabled, system will set incoming rate as zero for stand-alone credit notes with expired batch item.
If enabled, the Secondary Items generated against a Finished Good will also be added in the Stock Entry when delivering that Finished Good.
If enabled, the amount will be excluded from accounting entries during Journal Entry creation.
If enabled, the component will be considered as a tax component and the amount will be auto-calculated as per the configured income tax slabs
If enabled, the component will be considered in the Income Tax Deductions report
If enabled, the component will not be displayed in the salary slip if the amount is zero
If enabled, the consolidated invoices will have rounded total disabled
If enabled, the document is marked as seen, the first time a user opens it
If enabled, the item rate won't adjust to the valuation rate during internal transfers, but accounting will still use the valuation rate. This will allow the user to specify a different rate for printing or taxation purposes.
If enabled, the notification will show up in the notifications dropdown on the top right corner of the navigation bar.
If enabled, the password strength will be enforced based on the Minimum Password Score value. A value of 1 being very weak and 4 being very strong.
If enabled, the source and target warehouse in the Material Transfer Stock Entry must be different else an error will be thrown. If inventory dimensions are present, same source and target warehouse can be allowed but atleast any one of the inventory dimension fields must be different.
If enabled, the system will allow negative stock entries for the batch. But, this may lead to incorrect valuation rates, so it is recommended to avoid using this option. The system will permit negative stock only when it is caused by backdated entries and will validate and block negative stock in all other cases.
If enabled, the system will allow selecting UOMs in sales and purchase transactions only if the conversion rate is set in the item master.
If enabled, the system will allow users to edit the raw materials and their quantities in the Work Order. The system will not reset the quantities as per the BOM, if the user has changed them.
If enabled, the system will generate an accounting entry for materials rejected in the Purchase Receipt.
If enabled, the system will use the inventory account set in the Item Master or Item Group or Brand. Otherwise, it will use the inventory account set in the Warehouse.
If enabled, the system will use the moving average valuation method to calculate the valuation rate for the batched items and will not consider the individual batch-wise incoming rate.
If enabled, the total no. of applications received for this opening will be displayed on the website
If enabled, the value specified or calculated in this component will not contribute to the earnings or deductions. However, it's value can be referenced by other components that can be added or deducted. 
If enabled, then system will only validate the pricing rule and not apply automatically. User has to manually set the discount percentage / margin / free items to validate the pricing rule
If enabled, this component allows to accrue amounts without adding them to earnings. The accrued balance is tracked in the Employee Benefit Ledger and can be paid out later as needed.
If enabled, this component will be included in arrear calculations
If enabled, this row's values will be displayed on financial charts
If enabled, total no. of working days will include holidays, and this will reduce the value of Salary Per Day
If enabled, user will be alerted before resetting posting date to current date in relevant transactions
If enabled, users who login from Restricted IP Address, won't be prompted for Two Factor Auth
If enabled, users will be notified every time they login. If not enabled, users will only be notified once.
If greater than zero, this sets the maximum benefit amount assignable to any employee
If item is a variant of another item then description, image, pricing, taxes etc will be set from the template unless explicitly specified
If items in stock, proceed with Material Transfer or Purchase.
If left empty, the default workspace will be the last visited workspace
If mentioned, the system will allow only the users with this Role to create or modify any stock transaction earlier than the latest stock transaction for a specific item and warehouse. If set as blank, it allows all users to create/edit back-dated transactions.
If more than one package of the same type (for print)
If multiple Pricing Rules continue to prevail, users are asked to set Priority manually to resolve conflict.
If no taxes are set, and Taxes and Charges Template is selected, the system will automatically apply the taxes from the chosen template.
If non standard port (e.g. 587)
If non standard port (e.g. 587). If on Google Cloud, try port 2525.
If non-standard port (e.g. POP3: 995/110, IMAP: 993/143)
If not checked, the list will have to be added to each Department where it has to be applied.
If not set, the currency precision will depend on number format
If not, you can Cancel / Submit this entry
If party does not exist, create it using the Customer Name field.
If party does not exist, create it using the Supplier Name field.
If rate is zero then item will be treated as "Free Item"
If selected Pricing Rule is made for 'Rate', it will overwrite Price List. Pricing Rule rate is the final rate, so no further discount should be applied. Hence, in transactions like Sales Order, Purchase Order etc, it will be fetched in 'Rate' field, rather than 'Price List Rate' field.
If selected, the value specified or calculated in this component will not contribute to the earnings or deductions. However, it's value can be referenced by other components that can be added or deducted. 
If set, only user with these roles can access this chart. If not set, DocType or Report permissions will be used.
If set, the job opening will be closed automatically after this date
If set, the system does not use the user's Email or the standard outgoing Email account for sending request for quotations.
If the BOM results in Scrap material, the Scrap Warehouse needs to be selected.
If the account is frozen, entries are allowed to restricted users.
If the item is transacting as a Zero Valuation Rate item in this entry, please enable 'Allow Zero Valuation Rate' in the {0} Item table.
If the reorder check is set at the Group warehouse level, the available quantity becomes the sum of the projected quantities of all its child warehouses.
If the selected BOM has Operations mentioned in it, the system will fetch all Operations from BOM, these values can be changed.
If the user enables the mask property for the phone number field, the value will be displayed in a masked format (e.g., 811XXXXXXX).
If the user has access to Employee and Report is enabled, they can view Employee-based reports.
If the user has any role checked, then the user becomes a "System User". "System User" has access to the desktop
If there is no assigned timeslot, then communication will be handled by this group
If there is no title column, use the code column for the title.
If these instructions where not helpful, please add in your suggestions on GitHub Issues.
If this checkbox is checked, paid amount will be splitted and allocated as per the amounts in payment schedule against each payment term
If this is checked subsequent new invoices will be created on calendar  month and quarter start dates irrespective of current invoice start date
If this is unchecked Journal Entries will be saved in a Draft state and will have to be submitted manually
If this is unchecked, direct GL entries will be created to book deferred revenue or expense
If this is undesirable please cancel the corresponding Payment Entry.
If this item has variants, then it cannot be selected in sales orders etc.
If this option is configured 'Yes', ERPNext will prevent you from creating a Purchase Invoice or Receipt without creating a Purchase Order first. This configuration can be overridden for a particular supplier by enabling the 'Allow Purchase Invoice Creation Without Purchase Order' checkbox in the Supplier master.
If this option is configured 'Yes', ERPNext will prevent you from creating a Purchase Invoice without creating a Purchase Receipt first. This configuration can be overridden for a particular supplier by enabling the 'Allow Purchase Invoice Creation Without Purchase Receipt' checkbox in the Supplier master.
If this was a mistake or you need access again, please reach out to your team.
If ticked, multiple materials can be used for a single Work Order. This is useful if one or more time consuming products are being manufactured.
If ticked, the BOM cost will be automatically updated based on Valuation Rate / Price List Rate / last purchase rate of raw materials.
If two or more Pricing Rules are found based on the above conditions, Priority is applied. Priority is a number between 0 to 20 while default value is zero (blank). Higher number means it will take precedence if there are multiple Pricing Rules with same conditions.
If unchecked, the value will always be re-fetched on save.
If unlimited expiry for the Loyalty Points, keep the Expiry Duration empty or 0.
If user is the owner
If yes, then this warehouse will be used to store rejected materials
If you are maintaining stock of this Item in your Inventory, ERPNext will make a stock ledger entry for each transaction of this item.
If you are updating, please select "Overwrite" else existing rows will not be deleted.
If you are uploading new records, "Naming Series" becomes mandatory, if present.
If you are uploading new records, leave the "name" (ID) column blank.
If you are using loans in salary slips, please install the {0} app from Frappe Cloud Marketplace or GitHub to continue using loan integration with payroll.
If you have any questions, reach out to your system administrator.
If you have recently restored the site, you may need to copy the site_config.json containing the original encryption key.
If you need to reconcile particular transactions against each other, then please select accordingly. If not, all the transactions will be allocated in FIFO order.
If you set this, this Item will come in a drop-down under the selected parent.
If you still want to proceed, please disable 'Skip Available Sub Assembly Items' checkbox.
If you still want to proceed, please enable {0}.
If you think this is unauthorized, please change the Administrator password.
If you want to run operations in parallel, keep the same sequence ID for them.
If you {0} {1} quantities of the item {2}, the scheme {3} will be applied on the item.
If you {0} {1} worth item {2}, the scheme {3} will be applied on the item.
If your CSV uses a different delimiter, add that character here, ensuring no spaces or additional characters are included.
If your data is in HTML, please copy paste the exact HTML code with the tags.
Ignore
Ignore Account Closing Balance
Ignore Closing Balance
Ignore Default Payment Terms Template
Ignore Empty Stock
Ignore Exchange Rate Revaluation and Gain / Loss Journals
Ignore Existing Ordered Qty
Ignore Existing Projected Quantity
Ignore Is Opening check for reporting
Ignore Pricing Rule
Ignore Pricing Rule is enabled. Cannot apply coupon code.
Ignore System Generated Credit / Debit Notes
Ignore Tax Withholding Threshold
Ignore User Permissions
Ignore User Time Overlap
Ignore Voucher Type filter and Select Vouchers Manually
Ignore XSS Filter
Ignore attachments over this size
Ignored Apps
Ignores legacy Is Opening field in GL Entry that allows adding opening balance post the system is in use while generating reports
Illegal Document Status for {0}
Illegal SQL Query
Illegal template
Image Height (px)
Image Link
Image Width (px)
Image field must be a valid fieldname
Image field must be of type Attach Image
Image in the description has been removed. To disable this behavior, uncheck "{0}" in {1}.
Image link '{0}' is not valid
Image optimized
Image: Corrupted Data Stream
Images
Impairment
Impersonate
Impersonate as {0}
Impersonated by {0}
Impersonating {0}
Implement `clear_old_logs` method to enable auto error clearing.
Implicit
Import Attendance
Import Chart of Accounts from a csv file
Import Email From
Import Employees
Import File Errors and Warnings
Import Genericode File
Import Invoices
Import Log Preview
Import MT940 Fromat
Import Preview
Import Progress
Import Successful
Import Summary
Import Supplier Invoice
Import Using CSV file
Import Zip
Import completed. {0} common codes created.
Import from Google Sheets
Import in Bulk
Import template should be of type .csv, .xlsx or .xls
Import template should contain a Header and atleast one row.
Import timed out, please re-try.
Imported {0} DocTypes
Importing Common Codes
Importing {0} is not allowed.
Importing {0} of {1}
Importing {0} of {1}, {2}
In Days
In Filter
In Grid View
In List Filter
In Maintenance
In Mins
In Minutes
In Party Currency
In Percentage
In Preview
In Production
In Qty
In Read Only Mode
In Reply To
In Time
In Transit Transfer
In Value
In Words (Company Currency)
In Words (Export) will be visible once you save the Delivery Note.
In Words will be visible once you save the Delivery Note.
In Words will be visible once you save the Sales Invoice.
In Words will be visible once you save the Sales Order.
In case of any error during this background process, the system will add a comment about the error on this Payroll Entry and revert to the Submitted status
In mins
In minutes
In points. Default is 9.
In row {0} of Appointment Booking Slots: "To Time" must be later than "From Time".
In seconds
In stock
In the case of multi-tier program, Customers will be auto assigned to the concerned tier as per their spent
In this section, you can define Company-wide transaction-related defaults for this Item. Eg. Default Warehouse, Default Price List, Supplier, etc.
Inactive Customers
Inactive Sales Items
Inactive Status
Inbox User
Inbox View
Include Account Currency
Include Ageing Summary
Include Closed Orders
Include Company Descendants
Include Default FB Assets
Include Default FB Entries
Include Disabled
Include Expired
Include Expired Batches
Include Item In Manufacturing
Include Name Field
Include POS Transactions
Include Payment (POS)
Include Reconciled Entries
Include Returned Invoices (Stand-alone)
Include Safety Stock in Required Qty Calculation
Include Search in Top Bar
Include Shift Attendance Without Checkins
Include Sub-assembly Raw Materials
Include Theme from Apps
Include Timesheets in Draft Status
Include UOM
Include Web View Link in Email
Include Zero Stock Items
Include filters
Include hidden columns
Include holidays in Total no. of Working Days
Include holidays within leaves as leaves
Include in Charts
Include in gross
Include indentation
Include symbols, numbers and capital letters in the password
Included Fee
Included fee is bigger than the withdrawal itself.
Included in Gross Profit
Including items for sub assemblies
Income Account
Income Source
Income Tax Amount
Income Tax Breakup
Income Tax Component
Income Tax Computation
Income Tax Deducted Till Date
Income Tax Deductions
Income Tax Slab
Income Tax Slab Other Charges
Income Tax Slab is mandatory since the Salary Structure {0} has a tax component {1}
Income Tax Slab must be effective on or before Payroll Period Start Date: {0}
Income Tax Slab not set in Salary Structure Assignment: {0}
Income Tax Slab: {0} is disabled
Income from Other Sources
Incoming (POP/IMAP) Settings
Incoming Call Handling Schedule
Incoming Call Settings
Incoming Emails (Last 7 days)
Incoming Rate (Costing)
Incoming Server
Incoming Settings
Incoming call from {0}
Incoming email account not correct
Incompatible Setting Detected
Incomplete Virtual Doctype Implementation
Incomplete login details
Incorrect Account
Incorrect Balance Qty After Transaction
Incorrect Batch Consumed
Incorrect Check in (group) Warehouse for Reorder
Incorrect Company
Incorrect Component Quantity
Incorrect Configuration
Incorrect Date
Incorrect Invoice
Incorrect Payment Type
Incorrect Reference Document (Purchase Receipt Item)
Incorrect Serial No Valuation
Incorrect Serial Number Consumed
Incorrect Serial and Batch Bundle
Incorrect Stock Value Report
Incorrect Type of Transaction
Incorrect URL
Incorrect User or Password
Incorrect Verification code
Incorrect Warehouse
Incorrect Weightage Allocation
Incorrect number of General Ledger Entries found. You might have selected a wrong Account in the transaction.
Incorrect value in row {0}:
Incorrect value:
Incoterm
Increase In Asset Life (Months)
Increase In Asset Life(Months)
Increment
Increment cannot be 0
Increment for Attribute {0} cannot be 0
Indent Level
Indentation level: 0 = Main heading, 1 = Sub-category, 2 = Individual accounts, etc.
Index Web Pages for Search
Index created successfully on column {0} of doctype {1}
Indexing authorization code
Indexing refresh token
Indicates that the package is a part of this delivery (Only Draft)
Indicates the number of leaves that cannot be encashed from the leave balance. E.g. with a leave balance of 10 and 4 Non-Encashable Leaves, you can encash 6, while the remaining 4 can be carried forward or expired
Indicator
Indicator Color
Indicator color
Indirect Expense
Indirect Expenses
Indirect Income
Individual GL Entry cannot be cancelled.
Individual Stock Ledger Entry cannot be cancelled.
Industry Type
Info:
Initial Email Notification Sent
Initial Sync Count
Initialize Summary Table
Initiated
InnoDB
Input existing role name if you would like to extend it with access of another role.
Insert
Insert Above
Insert After
Insert After cannot be set as {0}
Insert After field '{0}' mentioned in Custom Field '{1}', with label '{2}', does not exist
Insert Below
Insert Column Before {0}
Insert Image in Markdown
Insert Style
Inspected By
Inspection Rejected
Inspection Submission
Install Frappe HR
Install {0} from Marketplace
Installation Note Item
Installation Note {0} has already been submitted
Installation Time
Installation date cannot be before delivery date for Item {0}
Installed Application
Installing presets
Instruction
Instructions
Instructions Emailed
Insufficient Balance
Insufficient Capacity
Insufficient Permission Level for {0}
Insufficient Permission for {0}
Insufficient Permissions
Insufficient Permissions for deleting Report
Insufficient Permissions for editing Report
Insufficient Stock for Batch
Insufficient Stock for Product Bundle Items
Insufficient attachment limit
Insufficient leave balance for Leave Type {0}
Insurance Details
Insurance End Date
Insurance Start Date
Insurance Start date should be less than Insurance End date
Insured value
Insurer
Int
Integration Details
Integration ID
Integration Request
Integrations
Integrations can use this field to set email delivery status
Inter
Inter Company Invoice Reference
Inter Company Journal Entry
Inter Company Journal Entry Reference
Inter Company Order Reference
Inter Company Purchase Order
Inter Company Reference
Inter Company Sales Order
Inter Transfer Reference
Interest Expense
Interest Income
Interest Income Account
Interest and/or dunning fee
Interest on Fixed Deposits
Interests
Intermediate
Internal Customer Accounting
Internal Customer for company {0} already exists
Internal Purchase Order
Internal Sale or Delivery Reference missing.
Internal Sales Order
Internal Sales Reference Missing
Internal Server Error
Internal Supplier Accounting
Internal Supplier for company {0} already exists
Internal Transfer Reference Missing
Internal Transfers
Internal Work History
Internal record of document shares
Internal transfers can only be done in company's default currency
International
Internet
Interval
Interval should be between 1 to 59 MInutes
Interview Detail
Interview Details
Interview Feedback Reminder
Interview Feedback {0} submitted successfully
Interview Not Rescheduled
Interview Reminder
Interview Reminder Notification Template
Interview Rescheduled successfully
Interview Round {0} is only applicable for the Designation {1}
Interview Round {0} is only for Designation {1}. Job Applicant has applied for the role {2}
Interview Scheduled Date
Interview Status
Interview Summary
Interview: {0} Rescheduled
Interviewers
Intro Video URL
Introduce your company to the website visitor.
Introduction
Introductory information for the Contact Us Page
Introspection URI
Invalid "depends_on" expression
Invalid "depends_on" expression set in filter {0}
Invalid "mandatory_depends_on" expression
Invalid Account
Invalid Accounting Dimension
Invalid Accrual Component
Invalid Action
Invalid Additional Salary
Invalid Allocated Amount
Invalid Amount
Invalid Arrear Component
Invalid Attribute
Invalid Auto Repeat Date
Invalid Barcode. There is no Item attached to this barcode.
Invalid Benefit Amounts
Invalid Blanket Order for the selected Customer and Item
Invalid CSV Format
Invalid CSV format. Expected column: doctype_name
Invalid Child Procedure
Invalid Code. Please try again.
Invalid Company Field
Invalid Company for Inter Company Transaction.
Invalid Condition: {}
Invalid Cost Center
Invalid Credentials
Invalid Credentials for Email Account: {0}
Invalid Customer Group
Invalid Date
Invalid Dates
Invalid Delivery Date
Invalid Discount
Invalid Discount Amount
Invalid DocType
Invalid DocType: {0}
Invalid Doctype
Invalid Document
Invalid Document Type
Invalid Fieldname
Invalid File URL
Invalid Filter
Invalid Filter Format for field {0} of type {1}. Try using filter icon on the field to set it correctly
Invalid Filter Value
Invalid Formula
Invalid Group By
Invalid Home Page
Invalid Item
Invalid Item Defaults
Invalid LWP Days Reversed
Invalid Leave Ledger Entry
Invalid Ledger Entries
Invalid Link
Invalid Login Token
Invalid Login. Try again.
Invalid Mail Server. Please rectify and try again.
Invalid Naming Series: {}
Invalid Net Purchase Amount
Invalid Opening Entry
Invalid Operation
Invalid Option
Invalid Outgoing Mail Server or Port: {0}
Invalid Output Format
Invalid Override
Invalid POS Invoices
Invalid Parameters.
Invalid Parent Account
Invalid Part Number
Invalid Password
Invalid Payroll Payable Account. The account currency must be {0} or {1}
Invalid Phone Number
Invalid Posting Time
Invalid Primary Role
Invalid Print Format
Invalid Priority
Invalid Process Loss Configuration
Invalid Purchase Invoice
Invalid Qty
Invalid Quantity
Invalid Query
Invalid Request
Invalid Return
Invalid Sales Invoices
Invalid Schedule
Invalid Search Field {0}
Invalid Selling Price
Invalid Serial and Batch Bundle
Invalid Shift Times
Invalid Source and Target Warehouse
Invalid Table Fieldname
Invalid Transition
Invalid URL
Invalid User Name or Support Password. Please rectify and try again.
Invalid Values
Invalid Warehouse
Invalid Webhook Secret
Invalid aggregate function
Invalid alias format: {0}. Alias must be a simple identifier.
Invalid amount in accounting entries of {} {} for Account {}: {}
Invalid app
Invalid argument format: {0}. Only quoted string literals or simple field names are allowed.
Invalid argument type: {0}. Only strings, numbers, dicts, and None are allowed.
Invalid characters in fieldname: {0}. Only letters, numbers, and underscores are allowed.
Invalid column
Invalid condition expression
Invalid condition type in nested filters: {0}
Invalid direction in Order By: {0}. Must be 'ASC' or 'DESC'.
Invalid docstatus
Invalid expression in Workflow Update Value: {0}
Invalid expression set in filter {0}
Invalid expression set in filter {0} ({1})
Invalid field format for SELECT: {0}. Field names must be simple, backticked, table-qualified, aliased, or '*'.
Invalid field format in {0}: {1}. Use 'field', 'link_field.field', or 'child_table.field'.
Invalid field name {0}
Invalid field type: {0}
Invalid fieldname '{0}' in autoname
Invalid file URL
Invalid file path: {0}
Invalid filter condition: {0}. Expected a list or tuple.
Invalid filter field format: {0}. Use 'fieldname' or 'link_fieldname.target_fieldname'.
Invalid filter formula. Please check the syntax.
Invalid filter: {0}
Invalid function argument type: {0}. Only strings, numbers, lists, and None are allowed.
Invalid input
Invalid json added in the custom options: {0}
Invalid key
Invalid lost reason {0}, please create a new lost reason
Invalid name type (integer) for varchar name column
Invalid naming series (. missing) for {0}
Invalid naming series {}: dot (.) missing
Invalid naming series {}: dot (.) missing before the numeric placeholders. Kindly use a format like <b>ABCD.#####</b>.
Invalid nested expression: dictionary must represent a function or operator
Invalid or corrupted content for import
Invalid parameter. 'dn' should be of type str
Invalid parameters provided. Please pass the required arguments.
Invalid redirect regex in row #{}: {}
Invalid reference {0} {1}
Invalid request arguments
Invalid request body
Invalid result key. Response:
Invalid role
Invalid search query
Invalid simple filter format: {0}
Invalid start for filter condition: {0}. Expected a list or tuple.
Invalid template file for import
Invalid token state! Check if the token has been created by the OAuth user.
Invalid username or password
Invalid value specified for UUID: {}
Invalid value {0} for {1} against account {2}
Invalid values for fields:
Invalid wkhtmltopdf version
Invalid {0}
Invalid {0} condition
Invalid {0} dictionary format
Invalid {0} for Inter Company Transaction.
Invalid {0}: {1}
Inventory
Inventory Account Currency
Inventory Dimension
Inventory Dimension Negative Stock
Inventory Dimension key
Inventory Settings
Inverse
Investigated
Investigation Details
Invitation already accepted
Invitation already exists
Invitation cannot be cancelled
Invitation is cancelled
Invitation is expired
Invitation not found
Invitation to join {0} cancelled
Invitation to join {0} expired
Invite as User
Invited
Invited By
Invoice Document Type Selection Error
Invoice Grand Total
Invoice ID
Invoice Limit
Invoice Paid
Invoice Portion (%)
Invoice Posting Date
Invoice Ref
Invoice Status
Invoice Type
Invoice Type Created via POS Screen
Invoice already created for all billing hours
Invoice and Billing
Invoice can't be made for zero billing hour
Invoiced Amount
Invoiced Amount (Excl. Tax)
Invoiced Qty
Invoices
Invoices and Payments have been Fetched and Allocated
Invoicing Features
Inward
Is
Is Account Payable
Is Additional Item
Is Additional Transfer Entry
Is Adjustment Entry
Is Advance
Is Allocated
Is Alternative
Is Applicable for Referral Bonus
Is Attachments Folder
Is Billable
Is Calendar and Gantt
Is Carry Forward
Is Cash or Non Trade Discount
Is Company
Is Company Account
Is Compensatory
Is Completed
Is Container
Is Corrective Job Card
Is Corrective Operation
Is Current
Is Custom Field
Is Customer Provided Item
Is Default
Is Default Account
Is Default Language
Is Delivery Note Required for Sales Invoice Creation?
Is Discounted
Is Dynamic URL?
Is Exchange Gain / Loss?
Is Expandable
Is Expired
Is Final Finished Good
Is Finished Item
Is Flexible Benefit
Is Folder
Is Free Item
Is Frozen
Is Fully Depreciated
Is Global
Is Group Warehouse
Is Half Day
Is Home Folder
Is Income Tax Component
Is Legacy
Is Legacy Scrap Item
Is Mandatory Field
Is Old Subcontracting Flow
Is Outward
Is Packed
Is Paid
Is Paused
Is Period Closing Voucher Entry
Is Phantom BOM
Is Phantom Item
Is Primary
Is Primary Mobile
Is Primary Phone
Is Private
Is Public
Is Published Field
Is Published Field must be a valid fieldname
Is Purchase Order Required for Purchase Invoice & Receipt Creation?
Is Purchase Receipt Required for Purchase Invoice Creation?
Is Query Report
Is Rate Adjustment Entry (Debit Note)
Is Recurring Additional Salary
Is Recursive
Is Rejected
Is Rejected Warehouse
Is Remote Request?
Is Return (Credit Note)
Is Return (Debit Note)
Is Salary Released
Is Salary Withheld
Is Sales Order Required for Sales Invoice & Delivery Note Creation?
Is Setup Complete?
Is Short/Long Year
Is Spam
Is Sub Assembly Item
Is Subcontracted Item
Is System Generated
Is Table
Is Table Field
Is Tax Withholding Account
Is Template
Is Transporter
Is Unique
Is Your Company Address
Is a Subscription
Is created using POS
Is standard
Is this Tax included in Basic Rate?
Issue Analytics
Issue Date
Issue Material
Issue a debit note with 0 qty against an existing Sales Invoice
Issued
Issued Items Against Work Order
Issues
Issuing Date
It can take upto few hours for accurate stock values to be visible after merging items.
It is needed to fetch Item Details.
It is risky to delete this file: {0}. Please contact your System Manager.
It is too late to undo this email. It is already being sent.
It's not possible to distribute charges equally when total amount is zero, please set 'Distribute Charges Based On' as 'Quantity'
Italic Text
Italic text for subtotals or notes
Item 1
Item 2
Item 3
Item 4
Item 5
Item Attribute Values
Item Balance (Simple)
Item Barcode
Item Cart
Item Code (Final Product)
Item Code > Item Group > Brand
Item Code cannot be changed for Serial No.
Item Code required at Row No {0}
Item Code: {0} is not available under warehouse {1}.
Item Customer Detail
Item Default
Item Group Defaults
Item Group Name
Item Group not mentioned in item master for item {0}
Item Group wise Discount
Item Groups
Item Image (if not slideshow)
Item Information
Item Label
Item Lead Time
Item Locations
Item Manager
Item Out of Stock
Item Price Added for {0} in Price List {1}
Item Price Settings
Item Price Stock
Item Price added for {0} in Price List {1}
Item Price appears multiple times based on Price List, Supplier/Customer, Currency, Item, Batch, UOM, Qty, and Dates.
Item Price updated for {0} in Price List {1}
Item Prices
Item Quality Inspection Parameter
Item Reference
Item Row
Item Row {0}: {1} {2} does not exist in above '{1}' table
Item Serial No
Item Tax Amount Included in Value
Item Tax Row {0} must have account of type Tax or Income or Expense or Chargeable
Item Tax Row {0}: Account must belong to Company - {1}
Item To Manufacture
Item Type
Item UOM
Item Variant Attribute
Item Variant Details
Item Variant {0} already exists with same attributes
Item Variants updated
Item Warehouse based reposting has been enabled.
Item Weight Details
Item Wise Tax Details
Item Wise Tax Details do not match with Taxes and Charges at the following rows:
Item and Warehouse
Item and Warranty Details
Item cannot be added to its own descendants
Item for row {0} does not match Material Request
Item has variants.
Item is mandatory in Raw Materials table.
Item is removed since no serial / batch no selected.
Item must be added using 'Get Items from Purchase Receipts' button
Item name
Item operation
Item qty can not be updated as raw materials are already processed.
Item rate has been updated to zero as Allow Zero Valuation Rate is checked for item {0}
Item to be manufactured or repacked
Item valuation rate is recalculated considering landed cost voucher amount
Item valuation reposting in progress. Report might show incorrect item valuation.
Item variant {0} exists with same attributes
Item {0} added multiple times under the same parent item {1} at rows {2} and {3}
Item {0} cannot be added as a sub-assembly of itself
Item {0} cannot be ordered more than {1} against Blanket Order {2}.
Item {0} does not exist
Item {0} does not exist in the system or has expired
Item {0} does not exist.
Item {0} entered multiple times.
Item {0} has already been returned
Item {0} has been disabled
Item {0} has no Serial No. Only serialized items can have delivery based on Serial No
Item {0} has reached its end of life on {1}
Item {0} ignored since it is not a stock item
Item {0} is already reserved/delivered against Sales Order {1}.
Item {0} is cancelled
Item {0} is disabled
Item {0} is not a serialized Item
Item {0} is not a stock Item
Item {0} is not a subcontracted item
Item {0} is not active or end of life has been reached
Item {0} must be a Fixed Asset Item
Item {0} must be a Non-Stock Item
Item {0} must be a Sub-contracted Item
Item {0} must be a non-stock item
Item {0} not found in 'Raw Materials Supplied' table in {1} {2}
Item {0} not found.
Item {0}: Ordered qty {1} cannot be less than minimum order qty {2} (defined in Item).
Item {0}: {1} qty produced. 
Item {} does not exist.
Item-wise Price List Rate
Item-wise Purchase History
Item-wise Purchase Register
Item-wise Sales History
Item-wise Sales Register
Item/Item Code required to get Item Tax Template.
Item: {0} does not exist in the system
Items
Items Filter
Items Required
Items To Be Requested
Items cannot be updated as Subcontracting Inward Order(s) exist against this Subcontracted Sales Order.
Items cannot be updated as Subcontracting Order is created against the Purchase Order {0}.
Items for Raw Material Request
Items not found.
Items rate has been updated to zero as Allow Zero Valuation Rate is checked for the following items: {0}
Items to Be Repost
Items to Manufacture are required to pull the Raw Materials associated with it.
Items to Reserve
Items under this warehouse will be suggested
Items {0} do not exist in the Item master.
Itemwise Discount
Itemwise Recommended Reorder Level
JAN
JS
JS Message
JSON
JSON Request Body
Jan
Jane Doe
JavaScript
JavaScript Format: frappe.query_reports['REPORTNAME'] = {}
Javascript
Javascript is disabled on your browser
Jinja
Job Applicant {0} created successfully.
Job Applicants are not allowed to appear twice for the same Interview round. Interview {0} already scheduled for Job Applicant {1}
Job Application Route
Job Capacity
Job Card Analysis
Job Card Scheduled Time
Job Card Secondary Item
Job Card and Capacity Planning
Job Card {0} has been completed
Job Cards
Job ID
Job Id
Job Info
Job Name
Job Offer Term
Job Offer Term Template
Job Offer Terms
Job Offer status
Job Offer: {0} is already for Job Applicant: {1}
Job Opening Associated
Job Opening Template
Job Openings
Job Openings for the designation {0} are already open or the hiring is complete as per the Staffing Plan {1}
Job Paused
Job Requisition
Job Requisition {0} has been associated with Job Opening {1}
Job Status
Job Stopped Successfully
Job Worker
Job Worker Address
Job Worker Address Details
Job Worker Contact
Job Worker Currency
Job Worker Delivery Note
Job Worker Name
Job Worker Warehouse
Job card {0} created
Job is in {0} state and can't be cancelled
Job is not running.
Job profile, qualifications required etc.
Job stopped successfully
Job: {0} has been triggered for processing failed transactions
Join video conference with {0}
Joining
Journal Entries
Journal Entries {0} are un-linked
Journal Entry Account
Journal Entry Template
Journal Entry Template Account
Journal Entry for Asset scrapping cannot be cancelled. Please restore the Asset.
Journal Entry type should be set as Depreciation Entry for asset depreciation
Journal Entry {0} does not have account {1} or already matched against other voucher
Journal entries have been created
Journals
Jump to field
K
KPCĐ (DN)
KRA
KRA Evaluation Method
KRA updated for all child goals.
KRA vs Goals
KRAs
Kanban Board Name
Kanban Settings
Keep Closed
Keep Track of Sales Campaigns. Keep track of Leads, Quotations, Sales Order etc from Campaigns to gauge Return on Investment. 
Keep track of all update feeds
Keeps track of all communications
Key
Key Performance Area
Key Responsibility Area
Key Result Area
Kh
Khách hàng / NCC
Không xác định thời hạn
Kindly cancel the Manufacturing Entries first against the work order {0}.
Kindly select the company first
Knowledge Base Contributor
Knowledge Base Editor
Ký hiệu
Ký hiệu hóa đơn
Kết nối API
LDAP Auth
LDAP Custom Settings
LDAP Email Field
LDAP First Name Field
LDAP Group
LDAP Group Field
LDAP Group Mapping
LDAP Group Mappings
LDAP Group Member attribute
LDAP Last Name Field
LDAP Middle Name Field
LDAP Mobile Field
LDAP Not Installed
LDAP Phone Field
LDAP Search String
LDAP Search String must be enclosed in '()' and needs to contian the user placeholder {0}, eg sAMAccountName={0}
LDAP Search and Paths
LDAP Security
LDAP Server Settings
LDAP Server Url
LDAP Settings
LDAP User Creation and Mapping
LDAP Username Field
LDAP is not enabled.
LDAP search path for Groups
LDAP search path for Users
LDAP settings incorrect. validation response was: {0}
LWP Days Reversed ({0}) does not match actual Payroll Corrections total ({1}) for employee {2} from {3} to {4}
Label Help
Label and Type
Label is mandatory
Landed Cost Help
Landed Cost Id
Landed Cost Report
Landed Cost Vendor Invoice
Landscape
Language Name
Lapsed
Large
Last 10 active users
Last 14 Days
Last 6 Months
Last Active
Last Carbon Check
Last Communication
Last Communication Date
Last Day
Last Edited by You
Last Edited by {0}
Last GL Entry update was done {}. This operation is not allowed while system is actively being used. Please wait for 5 minutes before retrying.
Last Heartbeat
Last IP
Last Integration Date
Last Known Successful Sync of Employee Checkin. Reset this only if you are sure that all Logs are synced from all the locations. Please don't modify this if you are unsure.
Last Known Versions
Last Modified Date
Last Modified On
Last Month Downtime Analysis
Last Odometer Value 
Last Order Amount
Last Password Reset Date
Last Received At
Last Reset Password Key Generated On
Last Run
Last Scanned Warehouse
Last Stock Transaction for item {0} under warehouse {1} was on {2}.
Last Sync On
Last Synced On
Last Updated
Last Updated By
Last User
Last carbon check date cannot be a future date
Last synced {0}
Last transacted
Late Entries
Late Entry & Early Exit Settings for Auto Attendance
Late Entry By
Latest
Latest Age
Latitude and longitude values are required for checking in.
Layout
Layout Reset
Layout will be reset to standard layout, are you sure you want to do this?
Lead -> Prospect
Lead Count
Lead Owner Efficiency
Lead Owner cannot be same as the Lead Email Address
Lead Time (Days)
Lead Time (in mins)
Lead Time Date
Lead Time in days
Lead Type
Lead {0} has been added to prospect {1}.
Leads
Leads help you get business, add all your contacts and more as your leads
Learn about <a href="https://docs.frappe.io/erpnext/user/manual/en/common_party_accounting" rel="noopener noreferrer">Common Party</a>
Learn more
Leave Adjustment
Leave Adjustment for this allocation already exists: {0}. Please amend existing adjustment.
Leave Allocation Exists
Leave Allocations
Leave Application period cannot be across two non-consecutive leave allocations {0} and {1}.
Leave Approval Notification
Leave Approver Mandatory In Leave Application
Leave Approver Name
Leave Balance Before Application
Leave Block List
Leave Block List Allow
Leave Block List Allowed
Leave Block List Date
Leave Block List Dates
Leave Block List Name
Leave Blocked
Leave Control Panel
Leave Details
Leave Encashed?
Leave Encashment Amount Per Day
Leave Ledger
Leave Ledger Entry's To date needs to be after From date. Currently, From Date is {0} and To Date is {1}
Leave Policy Assignment Overlap
Leave Policy Details
Leave Policy: {0} already assigned for Employee {1} for period {2} to {3}
Leave Settings
Leave Status Notification
Leave Type Name
Leave Type can either be compensatory or earned leave.
Leave Type can either be without pay or partial pay
Leave Type is mandatory
Leave Type {0} cannot be allocated since it is leave without pay
Leave Type {0} cannot be carry-forwarded
Leave Type {0} is not encashable
Leave Without Pay does not match with approved {} records
Leave allocation is skipped for {0}, because number of leaves to be allocated is 0.
Leave allocation {0} is linked with the Leave Application {1}
Leave already have been assigned for this Leave Policy Assignment
Leave application is linked with leave allocations {0}. Leave application cannot be set as leave without pay
Leave blank for home.|||This is relative to site URL, for example "about" will redirect to "https://yoursitename.com/about"
Leave blank if the Supplier is blocked indefinitely
Leave blank to repeat always
Leave blank to use the standard Delivery Note format
Leave cannot be allocated before {0}, as leave balance has already been carry-forwarded in the future leave allocation record {1}
Leave cannot be applied/cancelled before {0}, as leave balance has already been carry-forwarded in the future leave allocation record {1}
Leave of type {0} cannot be longer than {1}.
Leave this conversation
Leave(s) Expired
Leave(s) Pending Approval
Leave(s) Taken
Leaves
Leaves & Holidays
Leaves After Adjustment
Leaves Pending Approval
Leaves for the Leave Type {0} won't be carry-forwarded since carry-forwarding is disabled.
Leaves per Year
Leaves to Adjust
Leaves you can avail against a holiday you worked on. You can claim Compensatory Off Leave using Compensatory Leave Request. Click {0} to know more
Ledger Health
Ledger Health Monitor
Ledger Health Monitor Company
Ledger Merge
Ledger Merge Accounts
Ledger Type
Ledgers Posted
Left Bottom
Left Center
Left Child
Left Index
Left this conversation
Legacy Fields
Legal Entity / Subsidiary with a separate Chart of Accounts belonging to the Organization.
Legal Expenses
Legend
Length (cm)
Length of passed data array is greater than value of maximum allowed label points!
Length of {0} should be between 1 and 1000
Less Than Amount
Less Than Or Equal To
Let us continue with the onboarding
Let's Get Started
Let's avoid repeated words and characters
Let's set up your account
Let's take you back to onboarding
Letter Head Based On
Letter Head Image
Letter Head Scripts
Letter Head cannot be both disabled and default
Letter Head in HTML
Letter or Email Body Text
Letter or Email Closing Text
Level
Level (BOM)
Level 0 is for document level permissions, higher levels for field level permissions.
Lft
Liabilities
Library
License
License Details
License Number
License Plate
License Type
Lifecycle
Light
Light Blue
Light Color
Light Theme
Liked
Liked by me
Liked by {0} people
Likes
Lime
Limit
Limit Crossed
Limit must be a non-negative integer
Limit timeslot for Stock Reposting
Limited to 12 characters
Limits don't apply on
Line Reference
Line spacing for amount in words
Link
Link Cards
Link Count
Link Details
Link Document Type
Link Expired
Link Field Results Limit
Link Fieldname
Link Filters
Link Name
Link Options
Link Title
Link To
Link To in Row
Link Type
Link Type in Row
Link a new bank account
Link existing Quality Procedure.
Link for About Us Page is "/about".
Link that is the website home page. Standard Links (home, login, products, blog, about, contact)
Link the cycle and tag KRA to your goal to update the appraisal's goal score based on the goal progress
Link to Material Requests
Link to the page you want to open. Leave blank if you want to make it a group parent.
Link with Customer
Link with Supplier
Linked
Linked Invoices
Linked Location
Linked Project {} and Tasks deleted.
Linked with submitted documents
Linked with {0}
Linking Failed
Linking to Customer Failed. Please try again.
Linking to Supplier Failed. Please try again.
Liquidity Ratios
List / Search Settings
List Columns
List Filter
List Settings
List View Settings
List a document type
List as [{"label": _("Jobs"), "route":"jobs"}]
List items that form the package.
List of email addresses, separated by comma or new line.
List of patches executed
List setting message
Lists
Load All Criteria
Load Balancing
Load More Communications
Load more
Loading Filters...
Loading Invoices! Please Wait...
Loading import file...
Loading versions...
Loading...
Loan Account
Loan End Date
Loan Period (Days)
Loan Repayment
Loan Start Date
Loan Start Date and Loan Period are mandatory to save the Invoice Discounting
Loan cannot be repayed from salary for Employee {0} because salary is processed in currency {1}
Loans (Liabilities)
Loans and Advances (Assets)
Local
Location / Device ID
Location Details
Location Name
Lodging Required
Log
Log API Requests
Log Data
Log DocType
Log Entries
Log In To {0}
Log Index
Log Setting User
Log Settings
Log Type is required for check-ins falling in the shift: {0}.
Log in to access this page.
Log out
Log the selling and buying rate of an Item
Logged Out
Login Failed
Login Failed please try again
Login Id is required
Login Methods
Login To {0}
Login Verification Code from {}
Login and view in Browser
Login is required to see web form list view. Enable {0} to see list settings
Login link sent to your email
Login not allowed at this time
Login required
Login session expired, refresh page to retry
Login to comment
Login to start a new discussion
Login to view
Login to {0}
Login token required
Login with Email Link
Login with Frappe Cloud
Login with LDAP
Login with email link
Login with email link expiry (in minutes)
Login with username and password is not allowed.
Login with {0}
Logo URI
Logo URL
Logout All Sessions
Logout All Sessions on Password Reset
Logout From All Devices After Changing Password
Logs To Clear
Logs to Clear
Long Text
Long-term Provisions
Looks like you didn't change the value
Looks like you haven\u2019t received any notifications.
Looks like you haven’t added any third party apps.
Looks like you haven’t received any notifications.
Lost Opportunity
Lost Quotation
Lost Quotations
Lost Quotations %
Lost Reason
Lost Reason Detail
Lost Reasons
Lost Reasons are required in case opportunity is Lost.
Lost Value %
Lower Income
Lower Range
Loyalty Point Entry Redemption
Loyalty Points will be calculated from the spent done (via the Sales Invoice), based on collection factor mentioned.
Loyalty Points: {0}
Loyalty Program Help
Loyalty Program Name
Loyalty Program Type
Loại CT
Loại hóa đơn
Loại hợp đồng lao động
Lý do hủy
Lưu ý: Hóa đơn điện tử {0} cần được hủy riêng trên hệ thống HĐĐT.
Lương CB
Lương cơ sở
Lương cơ sở & Giảm trừ
Lương cơ sở theo NĐ hiện hành (dùng tính trần BH)
Lỗi phát hành HĐĐT: {0}. Bạn có thể phát hành thủ công sau.
MAT-DN-.YYYY.-
MAT-DN-RET-.YYYY.-
MAT-DT-.YYYY.-
MAT-INS-.YYYY.-
MAT-LCV-.YYYY.-
MAT-MR-.YYYY.-
MAT-MSH-.YYYY.-
MAT-MVS-.YYYY.-
MAT-PAC-.YYYY.-
MAT-PR-RET-.YYYY.-
MAT-PRE-.YYYY.-
MAT-QA-.YYYY.-
MAT-RECO-.YYYY.-
MAT-SCR-.YYYY.-
MAT-SCR-RET-.YYYY.-
MAT-STE-.YYYY.-
MFG-BLR-.YYYY.-
MFG-PP-.YYYY.-
MFG-WO-.YYYY.-
MICR
MISA
MIT License
MM
MPS Generated
MPS.YY.-.######
MRP Log documents are being created in the background.
MST
MST cá nhân
MT940 file detected. Please enable 'Import MT940 Format' to proceed.
Machine Type
Machine malfunction
Machine operator errors
Madam
Main
Main Cost Center {0} cannot be entered in the child table
Main Item Code
Main Section (HTML)
Main Section (Markdown)
Maintain Asset
Maintain Same Rate Throughout Internal Transaction
Maintain Same Rate Throughout Sales Cycle
Maintain Same Rate Throughout the Purchase Cycle
Maintenance Details
Maintenance Manager Name
Maintenance Role
Maintenance Schedule Item
Maintenance Schedule is not generated for all the items. Please click on 'Generate Schedule'
Maintenance Schedule {0} exists against {1}
Maintenance Schedules
Maintenance Status
Maintenance Status has to be Cancelled or Completed to Submit
Maintenance Tasks
Maintenance Team Members
Maintenance Team Name
Maintenance Time
Maintenance Visit Purpose
Maintenance start date can not be before delivery date for Serial No {0}
Major/Optional Subjects
Make
Make "name" searchable in Global Search
Make Asset Movement
Make Attachment Public (by default)
Make Attachments Public by Default
Make Difference Entry
Make Lead Time
Make Purchase / Work Order
Make Purchase Invoice
Make Return Entry
Make Sales Invoice
Make Serial No / Batch from Work Order
Make Subcontracting PO
Make Transfer Entry
Make a call
Make project from a template.
Make sure to configure a Social Login Key before disabling to prevent lockout
Make use of longer keyboard patterns
Make {0}
Make {0} Variant
Make {0} Variants
Makes the page public
Making Journal Entries against advance accounts: {0} is not recommended. These Journals won't be available for Reconciliation.
Manage
Manage 3rd party apps
Manage Billing
Manage cost of operations
Manage sales partner's and sales team's commissions
Manage your orders
Management
Mandatory Accounting Dimension
Mandatory Benefit Application
Mandatory Depends On (JS)
Mandatory Information missing:
Mandatory Missing
Mandatory Purchase Order
Mandatory Purchase Receipt
Mandatory Section
Mandatory field: set role for
Mandatory field: {0}
Mandatory fields required for this action:
Mandatory fields required in table {0}, Row {1}
Mandatory fields required in {0}
Mandatory fields required:
Mandatory:
Manual Rating
Manual entry cannot be created! Disable automatic entry for deferred accounting in accounts settings and try again
Manually
Manufacture against Material Request
Manufacturer Part Number <b>{0}</b> is invalid
Manufacturers used in Items
Manufacturing
Manufacturing BOM
Manufacturing Date
Manufacturing Quantity is mandatory
Manufacturing Section
Manufacturing Time
Manufacturing Type
Map Columns
Map columns from {0} to fields in {1}
Map route parameters into form variables. Example <code>/project/&lt;name&gt;</code>
Mapping Subcontracting Inward Order ...
Mapping Subcontracting Order ...
Mapping column {0} to field {1}
Mapping {0} ...
Mar
Margin Bottom
Margin Left
Margin Right
Margin Top
Margin View
MariaDB Variables
Mark As Closed
Mark Attendance
Mark Auto Attendance on Holidays
Mark all as read
Mark as Completed
Mark as In Progress
Mark as Spam
Mark as {0}
Mark attendance as {0} for {1} on selected dates?
Mark attendance based on 'Employee Checkin' for Employees assigned to this shift.
Mark attendance for existing check-in/out logs before changing shift settings
Mark {0} as Completed?
Mark {0} {1} as {2}?
Markdown Editor
Marked As Spam
Marked Attendance
Marked Attendance HTML
Marketing Expenses
Marketing Manager
Marking Attendance
Mask
Master
Master Production Schedule
Master Production Schedule Item
Material Consumption is not set in Manufacturing Settings.
Material Request Date
Material Request Detail
Material Request Item
Material Request No
Material Request already created for the ordered quantity
Material Request not created, as quantity for Raw Materials already available.
Material Request of maximum {0} can be made for Item {1} against Sales Order {2}
Material Request used to make this Stock Entry
Material Request {0} is cancelled or stopped
Material Request {0} submitted.
Material Requested
Material Requests
Material Requests Required
Material Requirements Planning Report
Material Returned from WIP
Material Transfer (In Transit)
Material Transferred for Manufacture
Material Transferred for Manufacturing
Material Transferred for Subcontract
Material from Customer
Material to Supplier
Materials are already received against the {0} {1}
Materials needs to be transferred to the work in progress warehouse for the job card {0}
Max 500 records at a time
Max Amount Eligible For Claim
Max Amt
Max Benefit Amount
Max Benefit Amount (Yearly)
Max Benefits (Amount)
Max Benefits (Yearly)
Max Discount (%)
Max Exemption Amount
Max Exemption Amount cannot be greater than maximum exemption amount {0} of Tax Exemption Category {1}
Max File Size (MB)
Max Height
Max Length
Max Producible Qty
Max Qty (As Per Stock UOM)
Max Report Rows
Max Sample Quantity
Max Taxable Income
Max Value
Max attachment size
Max auto email report per user
Max discount allowed for item: {0} is {1}%
Max signups allowed per hour
Max width for type Currency is 100px in row {0}
Max working hours against Timesheet
Max: {0}
Maximum Attachment Limit of {0} has been reached for {1} {2}.
Maximum Benefit Amount
Maximum Consecutive Leaves Allowed
Maximum Consecutive Leaves Exceeded
Maximum Encashable Leaves
Maximum Exempted Amount
Maximum Exemption Amount
Maximum Invoice Amount
Maximum Leave Allocation Allowed per Leave Period
Maximum Net Rate
Maximum Overtime Hours Allowed
Maximum Overtime Hours Allowed Per Day
Maximum Payment Amount
Maximum Producible Items
Maximum Samples - {0} can be retained for Batch {1} and Item {2}.
Maximum Samples - {0} have already been retained for Batch {1} and Item {2} in Batch {3}.
Maximum annual taxable income eligible for full tax relief. No tax is applied if income does not exceed this limit
Maximum attachment limit of {0} has been reached.
Maximum discount for Item {0} is {1}%
Maximum encashable leaves for {0} are {1}
Maximum leave allowed in the leave type {0} is {1}
Maximum quantity scanned for item {0}.
Maximum sample quantity that can be retained
Maximum {0} rows allowed
Maybe
Me
Meal Preference
Meaning of Different Permission Types
Medical
Meeting
Meets Condition?
Memory Usage in MB
Mention Valuation Rate in the Item master.
Mention if non-standard Receivable account
Mention if non-standard payable account
Mention if non-standard receivable account applicable
Mentions
Merge Account
Merge Invoices Based On
Merge Progress
Merge taxes from multiple documents
Merge with Existing Account
Merge with existing
Merged
Merging is only possible between Group-to-Group or Leaf Node-to-Leaf Node
Merging is only possible if following properties are same in both records. Is Group, Root Type, Company and Account Currency
Merging {0} of {1}
Message Examples
Message ID
Message Parameter
Message Sent
Message Type
Message clipped
Message for Supplier
Message from server: {0}
Message not setup
Message to be displayed on successful completion
Message to show
Message will be sent to the users to get their status on the Project
Message-id
Messages greater than 160 characters will be split into multiple messages
Messaging CRM Campaign
Meta
Meta Image
Meta Tags
Meta description
Meta image
Meta title
Meta title for SEO
Metadata
Method
Method Not Allowed
Method is required to create a number card
Mid Center
Middle Income
Mileage
Milestone Tracker
Min Amt
Min Amt can not be greater than Max Amt
Min Qty (As Per Stock UOM)
Min Qty can not be greater than Max Qty
Min Qty should be greater than Recurse Over Qty
Min Taxable Income
Min Value: {0}, Max Value: {1}, in Increments of: {2}
Minimum Invoice Amount
Minimum Lead Age (Days)
Minimum Net Rate
Minimum Order Qty
Minimum Password Score
Minimum Payment Amount
Minimum Qty
Minimum Total Spent
Minimum Year for Gratuity
Minimum quantity should be as per Stock UOM
Minimum working days required since Date of Joining to apply for this leave
Minute
Minutes After
Minutes Before
Minutes Offset
Miscellaneous Expenses
Misconfigured
Miss
Missing
Missing Account
Missing Advance Account
Missing Asset
Missing Cost Center
Missing Default in Company
Missing DocType
Missing Field
Missing Fields
Missing Filters
Missing Filters Required
Missing Finance Book
Missing Finished Good
Missing Formula
Missing Item
Missing Mandatory Field
Missing Opening Entries
Missing Parameter
Missing Payments App
Missing Permission
Missing Relieving Date
Missing Salary Components
Missing Serial No Bundle
Missing Tax Slab
Missing Value
Missing Values Required
Missing Warehouse
Missing email template for dispatch. Please set one in Delivery Settings.
Missing required filter: {0}
Missing value
Mobile No
Mobile: 
Modal Trigger
Mode Of Payment
Mode of Payments
Mode of Travel
Mode of payment is required to make a payment
Model
Modes of Payment
Modified On
Module (for Export)
Module (for export)
Module HTML
Module Profile
Module Profile Name
Module onboarding progress reset
Module to Export
Module {} not found
Modules HTML
Monitor for Last 'X' days
Monitoring Frequency
Monospace
Month To Date
Month To Date(Company Currency)
Month(s) after the end of the invoice month
Monthly Completed Work Orders
Monthly Distribution Percentages
Monthly Long
Monthly Quality Inspections
Monthly Rate
Monthly Sales Target
Monthly Total Work Orders
More Info
More Information
More Options
More articles on {0}
More content for the bottom of the page.
More than one selection for {0} not allowed
More/Less than 12 months.
Most Used
Most probably your password is too long.
Move
Move Item
Move Stock
Move To
Move To Trash
Move current and all subsequent sections to a new tab
Move cursor to above row
Move cursor to below row
Move cursor to next column
Move cursor to previous column
Move sections to new tab
Move the current field and the following fields to a new column
Move to Cart
Move to Row Number
Move to next step when clicked inside highlighted area.
Movement
Moving up in tree ...
Mozilla doesn't support :has() so you can pass parent selector here as workaround
Multi-level BOM Creator
Multiple Additional Salaries with overwrite property exist for Salary Component {0} between {1} and {2}.
Multiple Loyalty Programs found for Customer {}. Please select manually.
Multiple POS Opening Entry
Multiple Price Rules exists with same criteria, please resolve conflict by assigning priority. Price Rules: {0}
Multiple Shift Assignments
Multiple Tier Program
Multiple Variants
Multiple Warehouse Accounts
Multiple company fields available: {0}. Please select manually.
Multiple fiscal years exist for the date {0}. Please set company in Fiscal Year
Multiple items cannot be marked as finished item
Multiple root nodes not allowed.
Multipliers that adjust the hourly overtime amount for specific scenarios||||||
Must be Whole Number
Must be a publicly accessible Google Sheets URL
Must be a publicly accessible Google Sheets URL and adding Bank Account column is necessary for importing via Google Sheets
Must be enclosed in '()' and include '{0}', which is a placeholder for the user/login name. i.e. (&(objectclass=user)(uid={0}))
Must be of type "Attach Image"
Must have report permission to access this report.
Must specify a Query to run
Mute Email
Mute Sounds
Mx
My Device
My Filter
MyISAM
Mã NV
Mã cơ quan thuế
Mã giao dịch
Mã mẫu hóa đơn
Mã số thuế cá nhân
Mã tra cứu
Mã tỉnh
Mật khẩu
Mật khẩu chứng thư
Mức lương làm căn cứ đóng BHXH/BHYT/BHTN
Mức lương đóng BH
Mức miễn thuế phụ cấp ăn
NEVER
NOTE: If you add states or transitions in the table, it will be reflected in the Workflow Builder but you will have to position them manually. Also Workflow Builder is currently in <b>BETA</b>.
NOTE: This box is due for depreciation. Please re-setup LDAP to work with the newer settings
Name (Doc Name)
Name already taken, please set a new name
Name and Employee ID
Name cannot contain special characters like {0}
Name error
Name of Beneficiary
Name of Organizer
Name of new Account. Note: Please don't create accounts for Customers and Suppliers
Name of the Document Type (DocType) you want this field to be linked to. e.g. Customer
Name of the Monthly Distribution
Name of the new Print Format
Name of {0} cannot be {1}
Named Place
Names and surnames by themselves are easy to guess.
Naming
Naming Options:|||<ol><li><b>field:[fieldname]</b> - By Field</li><li><b>naming_series:</b> - By Naming Series (field called naming_series must be present)</li><li><b>Prompt</b> - Prompt user for a name</li><li><b>[series]</b> - Series by prefix (separated by a dot); for example PRE.#####</li>|||<li><b>format:EXAMPLE-{MM}morewords{fieldname1}-{fieldname2}-{#####}</b> - Replace all braced words (fieldnames, date words (DD, MM, YY), series) with their value. Outside braces, any characters can be used.</li></ol>
Naming Series Prefix
Naming Series and Price Defaults
Naming Series is mandatory
Naming Series mandatory
Naming series '{0}' for DocType '{1}' does not contain standard '.' or '{{' separator. Using fallback extraction.
Natural Gas
Navbar Item
Navbar Template
Navbar Template Values
Navigate list down
Navigate list up
Navigate to main content
Navigation Buttons
Navigation Settings
Need Help?
Need Workspace Manager role to edit private workspace of other users
Negative Batch Report
Negative Quantity is not allowed
Negative Stock Error
Negative Valuation Rate is not allowed
Negative Value
Negotiation/Review
Nested filters must be provided as a list or tuple.
Nested set error. Please contact the Administrator.
Net Amount (Company Currency)
Net Asset value as on
Net Cash from Financing
Net Cash from Investing
Net Cash from Operations
Net Change in Accounts Payable
Net Change in Accounts Receivable
Net Change in Cash
Net Change in Equity
Net Change in Fixed Asset
Net Change in Inventory
Net Pay (Company Currency)
Net Pay Info
Net Pay cannot be less than 0
Net Profit Ratio
Net Profit/Loss
Net Purchase Amount
Net Purchase Amount is mandatory
Net Purchase Amount should be <b>equal</b> to purchase amount of one single Asset.
Net Purchase Amount {0} cannot be depreciated over {1} cycles.
Net Rate (Company Currency)
Net Salary Amount
Net Total (Company Currency)
Net Weight UOM
Net pay cannot be negative
Net total calculation precision loss
Network Printer Settings
New Account Name
New Activity
New Assets (This Year)
New Batch ID (Optional)
New Batch Qty
New Chart
New Company
New Cost Center Name
New Custom Block
New Custom Print Format
New Customer Revenue
New Document Form
New Document Shared {0}
New Email
New Email Account
New Employee ID
New Event
New Expenses
New Feedback
New Fiscal Year - {0}
New Folder
New Income
New Journal Entry will be posted for the difference amount. The Posting Date can be modified.
New Kanban Board
New Leave(s) Allocated
New Leaves Allocated
New Leaves Allocated (In Days)
New Links
New Location
New Mention on {0}
New Message from Website Contact Page
New Name
New Note
New Notification
New Number Card
New Onboarding
New Print Format Name
New Purchase Orders
New Quality Procedure
New Quick List
New Quotations
New Report name
New Role
New Sales Orders
New Sales Person Name
New Serial No cannot have Warehouse. Warehouse must be set by Stock Entry or Purchase Receipt
New Shortcut
New Users (Last 30 days)
New Version
New Warehouse Name
New Workflow Name
New Workplace
New Workspace
New credit limit is less than current outstanding amount for the customer. Credit limit has to be atleast {0}
New invoices will be generated as per schedule even if current invoices are unpaid or past due date
New line separated list of allowed public client URLs (eg <code>https://frappe.io</code>), or <code>*</code> to accept all.|||<br>|||Public clients are restricted by default.
New line separated list of scope values.
New lines separated list of strings representing ways to contact people responsible for this client, typically email addresses.
New password cannot be same as old password
New release date should be in the future
New revised budget created successfully
New shift assignments will be created after this date.
New task
New updates are available
New users will have to be manually registered by system managers.
New value to be set
New {0}
New {0} Created
New {0} pricing rules are created
New {0} {1} added to Dashboard {2}
New {0} {1} created
New {0}: {1}
New {} releases for the following apps are available
Newly created user {0} has no roles enabled.
Newsletter Manager
Next 14 Days
Next 30 Days
Next 6 Months
Next 7 Days
Next Action Email Template
Next Actions
Next Actions HTML
Next Document
Next Due Date
Next Execution
Next Form Tour
Next Quarter
Next Scheduled Date
Next Step Condition
Next Sync Token
Next Year
Next actions
Next email will be sent on:
Next on Click
Ngày
Ngày HĐ
Ngày công
Ngày hiệu lực
Ngày hóa đơn
Nhà cung cấp
Nhân viên
No <strong>Account Data</strong> row found
No Account matched these filters: {}
No Action
No Active Sessions
No Answer
No Bank/Cash Account found for currency {0}. Please create one under company {1}.
No Customer found for Inter Company Transactions which represents company {0}
No Customers found with selected options.
No Data...
No Delivery Note selected for Customer {}
No DocTypes in To Delete list. Please generate or import the list before submitting.
No Email Account
No Email Accounts Assigned
No Email field found in {0}
No Emails
No Employee Found
No Employee found for the given employee field value. '{}': {}
No Employees Selected
No Entry for the User {0} found within LDAP!
No Filters Set
No Google Calendar Event to sync.
No Holiday List was found for Employee {0} or their company {1} for date {2}. Please assign through {3}
No IMAP folders were found on the server. Please verify the email account settings and ensure the mailbox contains folders.
No Images
No Impact on Accounting Ledger
No Interview has been scheduled.
No Item with Barcode {0}
No Item with Serial No {0}
No Items selected for transfer.
No Items with Bill of Materials to Manufacture or all items already manufactured
No Items with Bill of Materials.
No LDAP User found for email: {0}
No Label
No Leave Period Found
No Leaves Allocated to Employee: {0} for Leave Type: {1}
No Matching Bank Transactions Found
No Matching Vouchers Found
No Name Specified for {0}
No New notifications
No Notes
No Outstanding Invoices found for this party
No POS Profile found. Please create a New POS Profile first
No Permission
No Permissions Specified
No Permissions set for this criteria.
No Permitted Charts
No Permitted Charts on this Dashboard
No Preview
No Preview Available
No Printer is Available.
No Purchase Orders were created
No RQ Workers connected. Try restarting the bench.
No Records for these settings.
No Remarks
No Results
No Results found
No Roles Specified
No Salary Slip found for Employee: {0}
No Salary Slips with {0} found for employee {1} for payroll period {2}.
No Salary Structure Assignment found for employee {0} on date {1}
No Salary Structure Assignment found for employee {0} on or before {1}
No Salary Structure assigned to Employee {0} on the given date {1}
No Salary Structures
No Select Field Found
No Selection
No Serial / Batches are available for return
No Shift Requests Selected
No Staffing Plans found for this Designation
No Stock Available Currently
No Suggestions
No Summary
No Supplier found for Inter Company Transactions which represents company {0}
No Tags
No Tax Withholding data found for the current posting date.
No Tax withholding account set for Company {0} in Tax Withholding Category {1}.
No Terms
No Unreconciled Invoices and Payments found for this party and account
No Unreconciled Payments found for this party
No Upcoming Events
No Work Orders were created
No accounting entries for the following warehouses
No active BOM found for item {0}. Delivery by Serial No cannot be ensured
No active Salary Structure Assignment found for employee {0} with salary structure {1} on or after arrear start date {2}
No active employee found associated with the email ID {0}. Try logging in with your employee email ID or contact your HR manager for access.
No active or default Salary Structure found for employee {0} for the given dates
No additional expenses has been added
No additional fields available
No address added yet.
No alerts for today
No applicable Earning component found in last salary slip for Gratuity Rule: {0}
No applicable Earning components found for Gratuity Rule: {0}
No applicable slab found for the calculation of gratuity amount as per the Gratuity Rule: {0}
No arrear components found in the existing salary slips.
No arrear components found in the salary slip. Ensure Arrear Component is checked in the Salary Component master.
No arrear details found
No attendance records found for employee {0} between {1} and {2}
No attendance records found for this criteria.
No attendance records found.
No attendance records to create due to following reasons
No automatic optimization suggestions available.
No available quantity to reserve for item {0} in warehouse {1}
No billing email found for customer: {0}
No changes found in timings.
No changes in document
No changes made
No changes made because old and new name are the same.
No changes to sync
No changes to update
No contacts added yet.
No contacts linked to document
No contacts with email IDs found.
No currency fields in {0}
No data for this period
No data found. Seems like you uploaded a blank file
No data to export
No default Address Template found. Please create a new one from Setup > Printing and Branding > Address Template.
No description given
No difference found for stock account {0}
No documents found tagged with {0}
No email account associated with the User. Please add an account under User > Email Inbox.
No email addresses to invite
No email found for {0} {1}
No employee was scheduled for call popup
No employees found
No employees found for the mentioned criteria:<br>Company: {0}<br> Currency: {1}<br>Payroll Payable Account: {2}
No employees found for the selected criteria
No employees found with selected filters and active salary structure
No failed logs
No feedback has been received yet
No fields found that can be used as a Kanban Column. Use the Customize Form to add a Custom Field of type "Select".
No file attached
No filters found
No filters selected
No further records
No item available for transfer.
No items are available in sales orders {0} for production
No items are available in the sales order {0} for production
No items found. Scan barcode again.
No items in cart
No items selected
No leave allocation found for {0} for {1} on given date.
No leave record found for employee {0} on {1}
No leaves have been allocated.
No matches occurred via auto reconciliation
No matching entries in the current results
No matching records. Search something new
No material request created
No more children on Left
No more children on Right
No more items to display
No more updates
No need for symbols, digits, or uppercase letters.
No new Google Contacts synced.
No of Columns
No of Deliveries
No of Docs
No of Interactions
No of Items to Repost
No of Months (Expense)
No of Months (Revenue)
No of Parallel Reposting (Per Item)
No of Rows (Max 500)
No of Sent SMS
No of Shares
No of Shift
No of Units Produced
No of Visits
No of Workstations
No of. Positions
No open Material Requests found for the given criteria.
No open POS Opening Entry found for POS Profile {0}.
No open event
No open task
No outstanding invoices found
No outstanding invoices require exchange rate revaluation
No outstanding {0} found for the {1} {2} which qualify the filters you have specified.
No pending Material Requests found to link for the given items.
No pending payment schedules available.
No permission for {0}
No permission to '{0}' {1}
No permission to read {0}
No permission to {0} {1} {2}
No primary email found for customer: {0}
No products found.
No recent transactions found
No recipients found for campaign {0}
No record found
No records deleted
No records found in Allocation table
No records found in the Invoices table
No records found in the Payments table
No records present in {0}
No records tagged.
No records will be exported
No replies from
No reserved stock to unreserve.
No rows
No rows selected
No rows with zero document count found
No salary slip found to submit for the above selected criteria OR salary slip already submitted
No salary slips found for the selected employee from {0}
No stock ledger entries were created. Please set the quantity or valuation rate for the items properly and try again.
No stock transactions can be created or modified before this date.
No subject
No template found at path: {0}
No user has the role <strong>{0}</strong>
No valid shift found for log time
No values
No values to show
No {0}
No {0} Selected
No {0} found
No {0} found for Inter Company Transactions.
No {0} found with matching filters. Clear filters to see all {0}.
No {0} mail
No.
No. of Employees
No. of parallel job cards which can be allowed on this workstation. Example: 2 would mean this workstation can process production for two Work Orders at a time.
Nomatim
Non Depreciable Category
Non Diary
Non Negative
Non Taxable Earnings
Non stock items
Non-Billed Hours
Non-Billed Hours (NB)
Non-Conforming
Non-Current Liabilities
Non-Encashable Leaves
Non-Vegetarian
Non-Zeros
None of the items have any change in quantity or value.
None: End of Workflow
Normalized Copies
Normalized Query
Nos
Not Allowed
Not Allowed: Disabled User
Not Ancestors Of
Not Applicable
Not Billed
Not Descendants Of
Not Equals
Not Initiated
Not Like
Not Linked to any record
Not Nullable
Not Permitted
Not Permitted to read {0}
Not Requested
Not Saved
Not Seen
Not Sent
Not a valid Comma Separated Value (CSV File)
Not a valid User Image.
Not a valid Workflow Action
Not a valid user
Not able to find the earliest Fiscal Year for the given company.
Not active
Not allow to set alternative item for the item {0}
Not allowed for {0}: {1}
Not allowed to attach {0} document, please enable Allow Print For {0} in Print Settings
Not allowed to create accounting dimension for {0}
Not allowed to create custom Virtual DocType.
Not allowed to print cancelled documents
Not allowed to print draft documents
Not allowed to update stock transactions older than {0}
Not allowed via controller permission check
Not authorized since {0} exceeds limits
Not authorized to edit frozen Account {0}
Not found
Not in Developer Mode
Not in Developer Mode! Set in site_config.json or make 'Custom' DocType.
Not in Stock
Not in stock
Not permitted
Not permitted to make Purchase Orders
Not permitted to view {0}
Not permitted. {0}.
Note
Note Seen By
Note:
Note: Automatic log deletion only applies to logs of type <i>Update Cost</i>
Note: Changing the Page Name will break previous URL to this page.
Note: Due Date exceeds allowed {0} credit days by {1} day(s)
Note: Email will not be sent to disabled users
Note: Etc timezones have their signs reversed.
Note: For best results,  images must be of the same size and width must be greater than height.
Note: If you want to use the finished good {0} as a raw material, then enable the 'Do Not Explode' checkbox in the Items table against the same raw material.
Note: Item {0} added multiple times
Note: Multiple sessions will be allowed in case of mobile device
Note: On checking Is Mandatory the accounting dimension will become mandatory against that specific account for all accounting transactions
Note: Payment Entry will not be created since 'Cash or Bank Account' was not specified
Note: Shift will not be overwritten in existing attendance records
Note: This Cost Center is a Group. Cannot make accounting entries against groups.
Note: This will be shared with user.
Note: To merge the items, create a separate Stock Reconciliation for the old item {0}
Note: Total allocated leaves {0} shouldn't be less than already approved leaves {1} for the period
Note: Your request for account deletion will be fulfilled within {0} hours.
Note: Your salary slip is password protected, the password to unlock the PDF is of the format {0}.
Note: {0}
Notes HTML
Notes:
Notes: 
Nothing New
Nothing is included in gross
Nothing left to redo
Nothing left to undo
Nothing more to show.
Nothing to change
Nothing to show
Nothing to update
Notice (days)
Notification Log
Notification Subscribed Document
Notification Template
Notification sent to
Notification: customer {0} has no Mobile number set
Notification: document {0} has no {1} number set (field: {2})
Notification: user {0} has no Mobile number set
Notifications Disabled
Notifications and bulk mails will be sent from this outgoing server.
Notify Customers via Email
Notify Employee
Notify Other
Notify Reposting Error to Role
Notify Users On Every Login
Notify Via Email
Notify by email
Notify customer and agent via email on the day of the appointment.
Notify if unreplied
Notify if unreplied for (in mins)
Notify users by email
Notify users with a popup when they log in
Nov
Now
Number Card Link
Number Of Employees
Number Of Positions
Number of Backups
Number of Concurrent Appointments
Number of Groups
Number of Interaction
Number of Leaves
Number of Order
Number of Queries
Number of Weeks / Months
Number of Withholding Cycles
Number of attachment fields are more than {}, limit updated to {}.
Number of backups must be greater than zero.
Number of columns for a field in a Grid (Total Columns in a grid should be less than 11)
Number of columns for a field in a List View or a Grid (Total Columns should be less than 11)
Number of days after invoice date has elapsed before canceling subscription or marking subscription as unpaid
Number of days after which the document Web View link shared on email will be expired
Number of days appointments can be booked in advance
Number of days that the subscriber has to pay invoices generated by this subscription
Number of intervals for the interval field e.g if Interval is 'Days' and Billing Interval Count is 3, invoices will be generated every 3 days
Number of keys
Number of leaves eligible for encashment based on leave type settings
Number of new Account, it will be included in the account name as a prefix
Number of new Cost Center, it will be included in the cost center name as a prefix
Number of onsite backups
Numeric
Numeric Values
Numero has not set in the XML file
Năm
Nợ
O+
O-
OAuth Authorization Code
OAuth Bearer Token
OAuth Client ID
OAuth Client Role
OAuth Error
OAuth Provider Settings
OAuth Scope
OAuth has been enabled but not authorised. Please use "Authorise API Access" button to do the same.
OPTIONS
OR
OTP App
OTP Issuer Name
OTP SMS Template
OTP SMS Template must contain <code>{0}</code> placeholder to insert the OTP.
OTP Secret Reset - {0}
OTP Secret has been reset. Re-registration will be required on next login.
OTP placeholder should be defined as <code>{{ otp }}</code> 
OTP setup using OTP App was not completed. Please contact Administrator.
OUT
Objective
Objectives
Obtained Average Rating
Occurrences
Oct
Odometer Reading
Odometer Value
Odometer Value (Last)
Off
Off-Shift
Off-shift
Offer Term
Offer Terms
Office
Office 365
Office Maintenance Expenses
Office Rent
Official Documentation
Offset X
Offset Y
Offset must be a non-negative integer
Offsetting Account
Offsetting for Accounting Dimension
Old Parent
Old and new fieldnames are same.
Older backups will be automatically deleted
Oldest Of Invoice Or Advance
Oldest Unscheduled Job
On Date
On Hand
On Paid Amount
On Payment Authorization
On Payment Charge Processed
On Payment Failed
On Payment Mandate Acquisition Processed
On Payment Mandate Charge Processed
On Payment Paid
On This Date
On checking this option, URL will be treated like a jinja template string
On enabling this cancellation entries will be posted on the actual cancellation date and reports will consider cancelled entries as well
On expanding a row in the Items to Manufacture table, you'll see an option to 'Include Exploded Items'. Ticking this includes raw materials of the sub-assembly items in the production process.
On or After
On or Before
On save, the Excluded Fee will be converted to an Included Fee.
On submission of the stock transaction, system will auto create the Serial and Batch Bundle based on the Serial No / Batch fields.
On {0}, {1} wrote:
On-machine press checks
Onboard
Onboarding Activities
Onboarding Begins On
Onboarding Name
Onboarding Permission
Onboarding Status
Onboarding Step Map
Onboarding complete
Once set, this invoice will be on hold till the set date
Once submitted, submittable documents cannot be changed. They can only be Cancelled and Amended.
Once the Work Order is Closed. It can't be resumed.
Once you have set this, the users will only be able access documents (eg. Blog Post) where the link exists (eg. Blogger).
One Last Step
One Time Password (OTP) Registration Code from {}
One customer can be part of only single Loyalty Program.
One of
Ongoing
Ongoing Job Cards
Only 'Payment Entries' made against this advance account are supported.
Only 200 inserts allowed in one request
Only Administrator can delete Email Queue
Only Administrator can edit
Only Administrator can save a standard report. Please rename and save.
Only Administrator is allowed to use Recorder
Only Allow Edit For
Only Approvers can Approve this Request.
Only CSV and Excel files can be used to for importing data. Please check the file format you are trying to upload
Only CSV files are allowed
Only Completed documents can be submitted
Only Custom Modules can be renamed.
Only Deduct Tax On Excess Amount 
Only Employee Grievance with status {0} or {1} can be submitted
Only Interviewer Are allowed to submit Interview Feedback
Only Interviews with Cleared or Rejected status can be submitted.
Only Leave Applications with status 'Approved' and 'Rejected' can be submitted
Only Options allowed for Data field are:
Only Parent can be of type {0}
Only Send Records Updated in Last X Hours
Only Shift Request with status 'Approved' and 'Rejected' can be submitted
Only System Managers can make this file public.
Only Value available for Payment Entry
Only Workspace Manager can edit public workspaces
Only allow System Managers to upload public files
Only allowed to export customizations in developer mode
Only applies for Normal Payments
Only draft documents can be discarded
Only existing assets
Only expired allocation can be cancelled
Only for
Only interviewers can submit feedback
Only leaf nodes are allowed in transaction
Only mandatory fields are necessary for new records. You can delete non-mandatory columns if you wish.
Only one of Deposit or Withdrawal should be non-zero when applying an Excluded Fee.
Only one operation can have 'Is Final Finished Good' checked when 'Track Semi Finished Goods' is enabled.
Only one {0} can be set as primary.
Only one {0} entry can be created against the Work Order {1}
Only records belonging to {0} will be deleted
Only reports of type Report Builder can be deleted
Only reports of type Report Builder can be edited
Only show Customer of these Customer Groups
Only show Items from these Item Groups
Only standard DocTypes are allowed to be customized from Customize Form.
Only the Administrator can delete a standard DocType.
Only the assignee can complete this to-do.
Only to be used for Subcontracting Inward.
Only users with the {0} role can create backdated leave applications
Only values between [0,1) are allowed. Like {0.00, 0.04, 0.09, ...}|||Ex: If allowance is set at 0.07, accounts that have balance of 0.07 in either of the currencies will be considered as zero balance account
Only {0} Goals can be {1}
Only {0} are supported
Only {0} emailed reports are allowed per user.
Oops! Something went wrong.
Open & Approved
Open Activities HTML
Open Awesomebar
Open BOM {0}
Open Call Log
Open Contact
Open Document
Open Documents
Open Event
Open Events
Open Feedback
Open Form View
Open Help
Open Issues
Open Issues 
Open Item {0}
Open Link
Open Notifications
Open Now
Open Orders
Open Projects
Open Projects 
Open Quotations
Open Reference Document
Open Sales Orders
Open Settings
Open Source Applications for the Web
Open Task
Open To Do
Open To Do 
Open Translation
Open URL in a New Tab
Open Work Order {0}
Open Work Orders
Open a dialog with mandatory fields to create a new record quickly. There must be at least one mandatory field to show in dialog.
Open a module or tool
Open a new ticket
Open console
Open in a new tab
Open in new tab
Open list item
Open reference document
Open your authentication app on your mobile phone.
Open {0}
OpenID Configuration
OpenID Configuration fetched successfully!
OpenLDAP
Opened
Opening (Cr)
Opening (Dr)
Opening Balance = Start of period, Closing Balance = End of period, Period Movement = Net change during period
Opening Balance Details
Opening Balance Equity
Opening Balances
Opening Entry can not be created after Period Closing Voucher is created.
Opening Invoice Creation In Progress
Opening Invoice Creation Tool Item
Opening Invoice Item
Opening Invoice has rounding adjustment of {0}.<br><br> '{1}' account is required to post these values. Please set it in Company: {2}.<br><br> Or, '{3}' can be enabled to not post any rounding adjustment.
Opening Invoices
Opening Invoices Summary
Opening Number of Booked Depreciations
Opening Purchase Invoices have been created.
Opening Qty
Opening Sales Invoices have been created.
Opening Value
Opening closed.
Operating Component
Operating Components Cost
Operating Cost
Operating Cost (Company Currency)
Operating Cost Per BOM Quantity
Operating Cost as per Work Order / BOM
Operating Cost(Company Currency)
Operating Costs
Operating Costs (Per Hour)
Operation & Materials
Operation ID
Operation Id
Operation Row ID
Operation Row Id
Operation Time must be greater than 0 for Operation {0}
Operation completed for how many finished goods?
Operation time does not depend on quantity to produce
Operation {0} added multiple times in the work order {1}
Operation {0} does not belong to the work order {1}
Operation {0} longer than any available working hours in workstation {1}, break down the operation into multiple operations
Operations
Operations Routing
Operations cannot be left blank
Operator must be one of {0}
Operator {0} requires exactly 2 arguments (left and right operands)
Opp Count
Opp/Lead %
Opportunities
Opportunities by Campaign
Opportunities by Medium
Opportunities by Source
Opportunity Amount (Company Currency)
Opportunity Item
Opportunity Lost Reason
Opportunity Summary by Sales Stage
Opportunity {0} created
Optimize
Optimize Route
Optimizing image...
Option 1
Option 2
Option 3
Option {0} for field {1} is not a child table
Optional Holiday List not set for leave period {0}
Optional Leaves are holidays that Employees can choose to avail from a list of holidays published by the company.
Optional. Select a specific manufacture entry to reverse.
Optional. Sets company's default currency, if not specified.
Optional. This setting will be used to filter in various transactions.
Optional. Used with Financial Report Template
Optional: Always send to these ids. Each Email Address on a new row
Optional: The alert will be sent if this expression is true
Options
Options 'Dynamic Link' type of field must point to another Link Field with options as 'DocType'
Options Help
Options for Rating field can range from 3 to 10
Options for select. Each option on a new line.
Options for {0} must be set before setting the default value.
Options is required for field {0} of type {1}
Options not set for link field {0}
Order
Order Amount
Order By
Order By must be a string
Order Confirmation Date
Order Confirmation No
Order Count
Order Date
Order Information
Order No
Order Qty
Order Status
Order Value
Order/Quot %
Ordered
Ordered Qty: Quantity ordered for purchase, but not received.
Ordered Quantity
Orders
Org History
Org History Heading
Organization
Organization Name
Organizational Chart
Original
Original Item
Original Value
Other Details
Other Info
Other Settings
Other Taxes and Charges
Others
Out Qty
Out Time
Out Value
Out of AMC
Out of Order
Out of stock
Outdated POS Opening Entry
Outgoing (SMTP) Settings
Outgoing Emails (Last 7 days)
Outgoing Server
Outgoing Settings
Outgoing email account not correct
Outlook.com
Output
Outstanding
Outstanding (Company Currency)
Outstanding Amt
Outstanding Cheques and Deposits to clear
Outstanding for {0} cannot be less than zero ({1})
Outward
Over Allocation
Over Billing Allowance (%)
Over Billing Allowance exceeded for Purchase Receipt Item {0} ({1}) by {2}%
Over Delivery/Receipt Allowance (%)
Over Picking Allowance
Over Receipt
Over Receipt/Delivery of {0} {1} ignored for item {2} because you have {3} role.
Over Transfer Allowance
Over Transfer Allowance (%)
Over Withheld
Overall Average Rating
Overbilling of {0} {1} ignored for item {2} because you have {3} role.
Overbilling of {} ignored because you have {} role.
Overdue Payment
Overdue Payments
Overdue and Discounted
Overlap in scoring between {0} and {1}
Overlapping Attendance Request
Overlapping Shift Attendance
Overlapping Shift Requests
Overlapping Shifts
Overlapping conditions found between:
Overproduction Percentage For Sales Order
Overproduction Percentage For Work Order
Overproduction for Sales and Work Order
Overtime Amount Calculation
Overtime Details
Overtime Duration
Overtime Duration for {0} is greater than Maximum Overtime Hours Allowed
Overtime Salary Component
Overtime Slip
Overtime Slip Creation Error for {0}
Overtime Slip Creation Failed
Overtime Slip Step
Overtime Slip Submission Error for {0}
Overtime Slip Submission Failed
Overtime Slip Submitted
Overtime Slip created for {0} employee(s)
Overtime Slip creation is queued. It may take a few minutes
Overtime Slip submission is queued. It may take a few minutes
Overtime Slip:{0} has been created between {1} and {2}
Overtime Slips Created
Overtime Slips submitted for {0} employee(s)
Overtime Type
Overtime earnings will be booked under this salary component for payout.
Overview
Overwrite Salary Structure Amount is disabled as the Salary Component: {0} not part of the Salary Structure: {1}
Owned
Ownership
P&L Closing Balance
PAN No
PATCH
PCV
PCV Paused
PCV Resumed
PDF
PDF Generation in Progress
PDF Generator
PDF Name
PDF Page Height (in mm)
PDF Page Width (in mm)
PDF Settings
PDF generation failed
PDF generation failed because of broken image links
PDF generation may not work as expected.
PDF printing via "Raw Print" is not supported.
PF Account
PF Amount
PF Loan
PID
PIN
PMO-
PO Supplied Item
PO-JOB.#####
POP3 OAuth authentication failed for Email Account {0}
POS Additional Fields
POS Closed
POS Closing Failed
POS Closing failed while running in a background process. You can resolve the {0} and retry the process again.
POS Invoice Item
POS Invoice is already consolidated
POS Invoice is not submitted
POS Invoice isn't created by user {}
POS Invoice should have the field {0} checked.
POS Invoices
POS Invoices can't be added when Sales Invoice is enabled
POS Invoices will be consolidated in a background process
POS Invoices will be unconsolidated in a background process
POS Opening Entry - {0} is outdated. Please close the POS and create a new POS Opening Entry.
POS Opening Entry Cancellation Error
POS Opening Entry Cancelled
POS Opening Entry Detail
POS Opening Entry Exists
POS Opening Entry Missing
POS Opening Entry cannot be cancelled as unconsolidated Invoices exists.
POS Opening Entry has been cancelled. Please refresh the page.
POS Profile - {0} has multiple open POS Opening Entries. Please close or cancel the existing entries before proceeding.
POS Profile - {0} is currently open. Please close the POS or cancel the existing POS Opening Entry before cancelling this POS Closing Entry.
POS Profile User
POS Profile doesn't match {}
POS Profile is mandatory to mark this invoice as POS Transaction.
POS Profile required to make POS Entry
POS Profile {0} cannot be disabled as there are ongoing POS sessions.
POS Profile {} contains Mode of Payment {}. Please remove them to disable this mode.
POS Profile {} does not belong to company {}
POS Profile {} does not exist.
POS Profile {} is disabled.
POS Register
POS Transactions
POS has been closed at {0}. Please refresh the page.
POS invoice {0} created successfully
POS-CLO-
POST
PRLE-.####
PROJ-.####
PSOA Cost Center
PSOA Project
PU-SSP-.YYYY.-
PUR-ORD-.YYYY.-
PUR-RFQ-.YYYY.-
PUR-SQTN-.YYYY.-
PUT
PWA Notification
PZN
Package Import
Package Name
Package No(s) already in use. Try from Package No {0}
Package Release
Package Weight Details
Packaging Slip From Delivery Note
Packed Items
Packed Items cannot be transferred internally
Packing Slip Item
Packing Slip(s) cancelled
Packing Unit
Page Break
Page Break After Each SoA
Page Builder
Page Building Blocks
Page HTML
Page Height (in mm)
Page Margins
Page Number
Page Route
Page Settings
Page Shortcuts
Page Size
Page Width (in mm)
Page has expired!
Page height and width cannot be zero
Page not found
Page to show on the website|||
Page {0} of {1}
Paid Amount (Company Currency)
Paid Amount After Tax
Paid Amount After Tax (Company Currency)
Paid Amount cannot be greater than total negative outstanding amount {0}
Paid From Account Type
Paid To Account Type
Paid amount + Write Off Amount can not be greater than Grand Total
Paid via Salary Slip
Pallets
Parameter
Parameter Group
Parameter Group Name
Parameter Name
Parameters
Parcel Template
Parcel Template Name
Parcel weight cannot be 0
Parcels
Parent Account Missing
Parent Batch
Parent Company must be a group company
Parent Customer Group
Parent Department
Parent Detail docname
Parent DocType
Parent Document
Parent Document Type
Parent Document Type is required to create a number card
Parent Element Selector
Parent Field
Parent Field (Tree)
Parent Field must be a valid fieldname
Parent Goal
Parent Icon
Parent Item Group
Parent Item {0} must not be a Fixed Asset
Parent Item {0} must not be a Stock Item
Parent Label
Parent Location
Parent Missing
Parent Page
Parent Procedure
Parent Row No
Parent Row No not found for {0}
Parent Sales Person
Parent Supplier Group
Parent Table
Parent Task {0} is not a Template Task
Parent Task {0} must be a Group Task
Parent Territory
Parent document type is required to create a dashboard chart
Parent is the name of the document to which the data will get added to.
Parent-to-child or child-to-different-child grouping is not allowed.
Parentfield not specified in {0}: {1}
Parenttype, Parent and Parentfield are required to insert a child record
Parsed file is not in valid MT940 format or contains no transactions.
Parsing Error
Part-time
Partial Material Transferred
Partial Payment in POS Transactions are not allowed.
Partial Stock Reservation
Partial Success
Partial stock can be reserved. For example, If you have a Sales Order of 100 units and the Available Stock is 90 units then a Stock Reservation Entry will be created for 90 units. 
Partially Completed
Partially Fulfilled
Partially Ordered
Partially Paid
Partially Reconciled
Partially Reserved
Partially Sent
Partially Sponsored, Require Partial Funding
Partially Used
Participants
Particulars
Partly Billed
Partly Claimed and Returned
Partly Delivered
Partly Paid and Discounted
Partner website
Party Account No. (Bank Statement)
Party Account {0} currency ({1}) and document currency ({2}) should be same
Party Bank Account
Party Details
Party Full Name
Party IBAN (Bank Statement)
Party ID
Party Information
Party Item Code
Party Link
Party Mismatch
Party Name
Party Name/Account Holder (Bank Statement)
Party Not Required
Party Specific Item
Party Type and Party can only be set for Receivable / Payable account<br><br>{0}
Party Type and Party is mandatory for {0} account
Party Type and Party is required for Receivable / Payable account {0}
Party Type is mandatory
Party User
Party can only be one of {0}
Party is mandatory
Passport Details
Password Email Sent
Password Reset
Password Reset Link Generation Limit
Password cannot be filtered
Password changed successfully.
Password for Base DN
Password is required or select Awaiting Password
Password is valid. 👍
Password missing in Email Account
Password not found for {0} {1} {2}
Password policy cannot contain spaces or simultaneous hyphens. The format will be restructured automatically
Password policy for Salary Slips is not set
Password requirements not met
Password reset instructions have been sent to {}'s email
Password set
Password size exceeded the maximum allowed size
Password size exceeded the maximum allowed size.
Passwords do not match!
Past Due Date
Past Events
Patch Log
Patch type {} not found in patches.txt
Path
Path to CA Certs File
Path to Server Certificate
Path to private Key File
Path {0} is not within module {1}
Path {0} it not a valid path
Pause
Pause SLA On Status
Paused
Pay Rate Multipliers
Pay To / Recd From
Pay Via Payment Entry
Payable Account
Payable Account is mandatory to submit an Expense Claim
Payables
Payer Settings
Payload Count
Payment Account
Payment Account is mandatory
Payment Amount
Payment Amount (Company Currency)
Payment Channel
Payment Date
Payment Days Calculation Help
Payment Days Dependency
Payment Days calculations are based on these Payroll Settings
Payment Deductions or Loss
Payment Document
Payment Document Type
Payment Due Date
Payment Entries
Payment Entries {0} are un-linked
Payment Entry Deduction
Payment Entry already exists
Payment Entry has been modified after you pulled it. Please pull it again.
Payment Entry is already created
Payment Entry {0} is linked against Order {1}, check if it should be pulled as advance in this invoice.
Payment Failed
Payment From / To
Payment Gateway Account not created, please create one manually.
Payment Gateway Details
Payment Ledger
Payment Ledger Balance
Payment Ledger Entry
Payment Limit
Payment Methods
Payment Mode
Payment Options
Payment Order
Payment Order Reference
Payment Order Status
Payment Order Type
Payment Ordered
Payment Period Based On Invoice Date
Payment Plan
Payment Receipt Note
Payment Reconciliation Job: {0} is running for this party. Can't reconcile now.
Payment Reconciliation Settings
Payment Reference
Payment References
Payment Request Outstanding
Payment Request Type
Payment Request for {0}
Payment Request is already created
Payment Request took too long to respond. Please try requesting for payment again.
Payment Requests cannot be created against: {0}
Payment Requests made from Sales / Purchase Invoice will be put in Draft explicitly
Payment Schedule based Payment Requests cannot be created because a Payment Entry already exists for this document.
Payment Schedules
Payment Term Name
Payment Term Outstanding
Payment Terms
Payment Terms Status for Sales Order
Payment Terms from orders will be fetched into the invoices as is
Payment Terms:
Payment Type
Payment Type must be one of Receive, Pay and Internal Transfer
Payment Unlink Error
Payment against {0} {1} cannot be greater than Outstanding Amount {2}
Payment amount cannot be less than or equal to 0
Payment and Accounting
Payment methods are mandatory. Please add at least one payment method.
Payment methods refreshed. Please review before proceeding.
Payment of {0} from {1} to {2}
Payment of {0} received successfully.
Payment of {0} received successfully. Waiting for other requests to complete...
Payment related to {0} is not completed
Payment request failed
Payment term {0} not used in {1}
Payments could not be updated.
Payments updated.
Payout
Payout Method
Payout Unclaimed Amount in Final Payroll Cycle
Payroll
Payroll Correction
Payroll Correction Child
Payroll Cost Center
Payroll Employee Detail
Payroll Entry cancellation is queued. It may take a few minutes
Payroll Info
Payroll Period Date
Payroll Periods
Payroll date can not be greater than employee's relieving date.
Payroll date can not be less than employee's joining date.
Payroll date cannot be in the past. This is to ensure that claims are made for the current or future payroll cycles.
Payroll date is mandatory for non-recurring type additional salaries.
Payslip
Peak Memory Usage
Pegged Against
Pegged Currencies
Pegged Currency Details
Pending (unpaid) amount from previous advances
Pending Activities
Pending Asset Returns
Pending Emails
Pending FnF
Pending Interviews
Pending Questionnaires
Pending Review
Pending SO Items For Purchase Request
Pending Verification
Pending Work Order
Pending activities for today
Pending processing
Per Day
Per Day|||Shift Time (In Hours) * No of Workstations * No of Shift
Per Month
Per Transferred
Per Unit Time in Mins
Per Week
Per Year
Percent Deduction
Percentage (%)
Percentage Allocation
Percentage Allocation should be equal to 100%
Percentage you are allowed to order beyond the Blanket Order quantity.
Percentage you are allowed to sell beyond the Blanket Order quantity.
Percentage you are allowed to transfer more against the quantity ordered. For example: If you have ordered 100 units. and your Allowance is 10% then you are allowed to transfer 110 units.
Perception Analysis
Period Based On
Period Closing Entry For Current Period
Period Closing Settings
Period Closing Voucher {0} GL Entry Cancellation Failed
Period Closing Voucher {0} GL Entry Processing Failed
Period Details
Period End Date
Period End Date cannot be greater than Fiscal Year End Date
Period Movement (Debits - Credits)
Period Name
Period Score
Period Start Date
Period Start Date cannot be greater than Period End Date
Period Start Date must be {0}
Period To Date
Period based On
Period_from_date
Periodic Accounting
Periodic Accounting Entry
Periodic Accounting Entry is not allowed for company {0} with perpetual inventory enabled
Periodic Entry Difference Account
Perm Level
Permanent
Permanent Address Is
Permanently Cancel {0}?
Permanently Discard {0}?
Permanently Submit {0}?
Permanently delete {0}?
Permission Inspector
Permission Levels
Permission Log
Permission Rules
Permission Type
Permission Type '{0}' is reserved. Please choose another name.
Permissions
Permissions Error
Permissions are automatically applied to Standard Reports and searches.
Permissions are set on Roles and Document Types (called DocTypes) by setting rights like Read, Write, Create, Delete, Submit, Cancel, Amend, Report, Import, Export, Print, Email and Set User Permissions.
Permissions at higher levels are Field Level permissions. All Fields have a Permission Level set against them and the rules defined at that permissions apply to the field. This is useful in case you want to hide or make certain field read-only for certain Roles.
Permissions at level 0 are Document Level permissions, i.e. they are primary for access to the document.
Permissions get applied on Users based on what Roles they are assigned.
Permitted Documents For User
Permitted Roles
Perpetual inventory required for the company {0} to view this report.
Personal
Personal Data Deletion Request
Personal Data Deletion Step
Personal Data Download Request
Personal Details
Petrol
Phantom Item
Phantom Item is mandatory
Pharmaceutical
Phone Ext.
Phone No
Phone No.
Phone Number
Phone Number {0} set in field {1} is not valid.
Phát hành HĐĐT
Phát sinh Có
Phát sinh Nợ
Phòng ban
Phường/Xã
Phụ cấp
Pick Columns
Pick List Incomplete
Pick Manually
Pick Serial / Batch
Pick Serial / Batch Based On
Pick Serial / Batch No
Picked Qty (in Stock UOM)
Pickup Contact Person
Pickup Date cannot be before this day
Pickup From
Pickup To time should be greater than Pickup From time
Pickup Type
Pickup from
Pickup to
Pie
Piecework
Pincode
Pipeline By
Place of Issue
Places
Plaid Client ID
Plaid Environment
Plaid Link Failed
Plaid Link Refresh Required
Plaid Link Updated
Plaid transactions sync error
Plain Text
Plan
Plan material for sub-assemblies
Plan operations X days in advance
Plan time logs outside Workstation working hours
Planned
Planned End Time
Planned Operating Cost
Planned Purchase Order
Planned Qty: Quantity, for which, Work Order has been raised, but is pending to be manufactured.
Planned Start Time
Planned Work Order
Planned number of Positions
Planning
Plans
Plant Dashboard
Plant Floor
Plants and Machineries
Please Authorize OAuth for Email Account {0}
Please Authorize OAuth for Email Account {}
Please Duplicate this Website Theme to customize.
Please Enable Auto Attendance and complete the setup first.
Please Install the ldap3 library via pip to use ldap functionality.
Please Restock Items and Update the Pick List to continue. To discontinue, cancel the Pick List.
Please Select Company First
Please Select a Company
Please Select a Company.
Please Select a Customer
Please Select a Supplier
Please Set Chart
Please Set Priority
Please Set Supplier Group in Buying Settings.
Please Specify Account
Please Update SMS Settings
Please add 'Supplier' role to user {0}.
Please add Mode of payments and opening balance details.
Please add Operations first.
Please add Request for Quotation to the sidebar in Portal Settings.
Please add Root Account for - {0}
Please add a Temporary Opening account in Chart of Accounts
Please add a subject to your email
Please add a valid comment.
Please add atleast one Serial No / Batch No
Please add the Bank Account column
Please add the account to root level Company - {0}
Please add the account to root level Company - {}
Please add {1} role to user {0}.
Please adjust the qty or edit {0} to proceed.
Please ask your administrator to verify your sign-up
Please assign a Salary Structure for Employee {0} applicable from or before {1} first
Please attach CSV file
Please attach a file first.
Please attach an image file to set HTML for Footer.
Please attach an image file to set HTML for Letter Head.
Please attach the package
Please cancel and amend the Payment Entry
Please cancel payment entry manually first
Please cancel related transaction.
Please capitalize this asset before submitting.
Please check Multi Currency option to allow accounts with other currency
Please check Process Deferred Accounting {0} and submit manually after resolving errors.
Please check either with operations or FG Based Operating Cost.
Please check the 'Enable Serial and Batch No for Item' checkbox in the {0} to make Serial and Batch Bundle for the item.
Please check the error message and take necessary actions to fix the error and then restart the reposting again.
Please check the filter values set for Dashboard Chart: {}
Please check the value of "Fetch From" set for field {0}
Please check your Plaid client ID and secret values
Please check your email for verification
Please check your email login credentials.
Please check your email to confirm the appointment
Please check your registered email address for instructions on how to proceed. Do not close this window as you will have to return to it.
Please click Edit on the Workspace for best results
Please click on 'Export Errored Rows', fix the errors and import again.
Please click on 'Generate Schedule'
Please click on 'Generate Schedule' to fetch Serial No added for Item {0}
Please click on 'Generate Schedule' to get schedule
Please click on the following link and follow the instructions on the page. {0}
Please click on the following link to set your new password
Please confirm once you have completed your training
Please confirm your action to {0} this document.
Please contact any of the following users to extend the credit limits for {0}: {1}
Please contact any of the following users to {} this transaction.
Please contact your administrator to extend the credit limits for {0}.
Please contact your system manager to install correct version.
Please convert the parent account in corresponding child company to a group account.
Please create Card first
Please create Customer from Lead {0}.
Please create Landed Cost Vouchers against Invoices that have 'Update Stock' enabled.
Please create a new Accounting Dimension if required.
Please create a new {0} for the date {1} first.
Please create chart first
Please create purchase from internal sale or delivery document itself
Please create purchase receipt or purchase invoice for the item {0}
Please delete Product Bundle {0}, before merging {1} into {2}
Please delete the Employee {0} to cancel this document
Please delete the field from {0} or add the required doctype.
Please disable workflow temporarily for Journal Entry {0}
Please do not book expense of multiple assets against one single Asset.
Please do not change the template headings.
Please do not create more than 500 items at a time
Please duplicate this to make changes
Please enable Applicable on Booking Actual Expenses
Please enable Applicable on Purchase Order and Applicable on Booking Actual Expenses
Please enable Use Old Serial / Batch Fields to make_bundle
Please enable atleast one Social Login Key or LDAP or Login With Email Link before disabling username/password based login.
Please enable default incoming account before creating Daily Work Summary Group
Please enable only if the understand the effects of enabling this.
Please enable pop-ups
Please enable pop-ups in your browser
Please enable {0} in the {1}.
Please enable {} before continuing.
Please enable {} in {} to allow same item in multiple rows
Please ensure that the {0} account is a Balance Sheet account. You can change the parent account to a Balance Sheet account or select a different account.
Please ensure that the {0} account {1} is a Payable account. You can change the account type to Payable or select a different account.
Please ensure that your profile has an email address
Please ensure {} account is a Balance Sheet account.
Please ensure {} account {} is a Receivable account.
Please enter <b>Difference Account</b> or set default <b>Stock Adjustment Account</b> for company {0}
Please enter Access Token URL
Please enter Account for Change Amount
Please enter Approving Role or Approving User
Please enter Authorize URL
Please enter Base URL
Please enter Batch No
Please enter Client ID before social login is enabled
Please enter Client Secret before social login is enabled
Please enter Cost Center
Please enter Delivery Date
Please enter Employee Id of this sales person
Please enter Expense Account
Please enter Item Code to get Batch Number
Please enter Item Code to get batch no
Please enter Item first
Please enter Maintenance Details first
Please enter OpenID Configuration URL
Please enter Planned Qty for Item {0} at row {1}
Please enter Production Item first
Please enter Purchase Receipt first
Please enter Receipt Document
Please enter Redirect URL
Please enter Reference date
Please enter Root Type for account- {0}
Please enter Serial No
Please enter Serial Nos
Please enter Shipment Parcel information
Please enter Warehouse and Date
Please enter Write Off Account
Please enter a valid email address.
Please enter a valid number of deliveries
Please enter a valid quantity
Please enter at least one delivery date and quantity
Please enter both your email and message so that we can get back to you. Thanks!
Please enter company name first
Please enter default currency in Company Master
Please enter message before sending
Please enter mobile number first.
Please enter parent cost center
Please enter quantity for item {0}
Please enter relieving date.
Please enter serial nos
Please enter the company name to confirm
Please enter the designation
Please enter the first delivery date
Please enter the password
Please enter the password for: <b>{0}</b>
Please enter the phone number first
Please enter the {schedule_date}.
Please enter valid Financial Year Start and End Dates
Please enter valid mobile nos
Please enter your new password.
Please enter your old password.
Please enter {0}
Please enter {0} first
Please fill in Employee, Posting Date, and Company before fetching overtime details.
Please fill the Material Requests table
Please fill the Sales Orders table
Please find attached {0}: {1}
Please first set Full Name, Email and Phone for the user
Please fix overlapping time slots for {0}
Please fix overlapping time slots for {0}.
Please generate To Delete list before submitting
Please generate the To Delete list before submitting
Please import accounts against parent company or enable {} in company master.
Please login to post a comment.
Please make sure the Reference Communication Docs are not circularly linked.
Please make sure the employees above report to another Active employee.
Please make sure the file you are using has 'Parent Account' column present in the header.
Please make sure you really want to delete all the transactions for this company. Your master data will remain as it is. This action cannot be undone.
Please mention 'Weight UOM' along with Weight.
Please mention '{0}' in Company: {1}
Please mention no of visits required
Please mention the Current and New BOM for replacement.
Please pull items from Delivery Note
Please rectify and try again.
Please reduce {0} to avoid shift time overlapping with itself
Please refresh or reset the Plaid linking of the Bank {}.
Please refresh to get the latest document.
Please remove the printer mapping in Printer Settings and try again.
Please review the {0} configuration and complete any required financial setup activities.
Please save before attaching.
Please save before proceeding.
Please save first
Please save the Sales Order before adding a delivery schedule.
Please save the document before assignment
Please save the document before removing assignment
Please save the form before previewing the message
Please save the report first
Please save to edit the template.
Please see attachment
Please select <b>Template Type</b> to download template
Please select Apply Discount On
Please select BOM against item {0}
Please select BOM for Item in Row {0}
Please select BOM in BOM field for Item {item_code}.
Please select Bank Account
Please select Category first
Please select Charge Type first
Please select Company
Please select Company and Designation
Please select Company and Posting Date to getting entries
Please select Company first
Please select Completion Date for Completed Asset Maintenance Log
Please select Customer first
Please select DocType first
Please select Employee
Please select Employee first.
Please select Entity Type first
Please select Existing Company for creating Chart of Accounts
Please select Filter Based On
Please select Finished Good Item for Service Item {0}
Please select From Date and Payroll Frequency first
Please select From Date.
Please select Item Code first
Please select Maintenance Status as Completed or remove Completion Date
Please select Minimum Password Score
Please select Party Type first
Please select Periodic Accounting Entry Difference Account
Please select Posting Date before selecting Party
Please select Posting Date first
Please select Price List
Please select Qty against item {0}
Please select Sample Retention Warehouse in Stock Settings first
Please select Serial/Batch Nos to reserve or change Reservation Based On to Qty.
Please select Shift Schedule and assignment date(s).
Please select Shift Type and assignment date(s).
Please select Start Date and End Date for Item {0}
Please select Stock Asset Account
Please select Subcontracting Order instead of Purchase Order {0}
Please select Unrealized Profit / Loss account or add default Unrealized Profit / Loss account account for company {0}
Please select X and Y fields
Please select a BOM
Please select a Company
Please select a Company first.
Please select a Customer
Please select a Delivery Note
Please select a DocType in options before setting filters
Please select a Subcontracting Purchase Order.
Please select a Supplier
Please select a Warehouse
Please select a Work Order first.
Please select a company first
Please select a company first.
Please select a country
Please select a country code for field {1}.
Please select a csv file
Please select a customer for fetching payments.
Please select a date
Please select a date and time
Please select a date.
Please select a default mode of payment
Please select a field to edit from numpad
Please select a file first.
Please select a file or url
Please select a frequency for delivery schedule
Please select a row to create a Reposting Entry
Please select a supplier for fetching payments.
Please select a valid Purchase Order that has Service Items.
Please select a valid Purchase Order that is configured for Subcontracting.
Please select a valid csv file with data
Please select a valid date filter
Please select a value for {0} quotation_to {1}
Please select an Applicant
Please select an item code before setting the warehouse.
Please select applicable Doctypes
Please select at least one Shift Request to perform this action.
Please select at least one employee to perform this action.
Please select at least one filter: Item Code, Batch, or Serial No.
Please select at least one row to fix
Please select at least one row to perform this action.
Please select at least one row with difference value
Please select at least one schedule.
Please select atleast 1 column from {0} to sort/group
Please select atleast one item to continue
Please select atleast one operation to create Job Card
Please select company.
Please select correct account
Please select date
Please select either the Item or Warehouse or Warehouse Type filter to generate the report.
Please select employee first
Please select employees to create appraisals for
Please select half day attendance status.
Please select item code
Please select items to reserve.
Please select items to unreserve.
Please select month and year.
Please select only one row to create a Reposting Entry
Please select prefix first
Please select rows to create Reposting Entries
Please select the Appraisal Cycle first.
Please select the Company
Please select the Document Type.
Please select the LDAP Directory being used
Please select the Multiple Tier Program type for more than one collection rules.
Please select the Warehouse first
Please select the attendance status.
Please select the customer.
Please select the document type first
Please select the employees you want to mark attendance for.
Please select the required filters
Please select the salary slips to email
Please select valid document type.
Please select weekly off day
Please select {0}
Please select {0} first
Please set "Default Payroll Payable Account" in Company Defaults
Please set 'Apply Additional Discount On'
Please set 'Asset Depreciation Cost Center' in Company {0}
Please set 'Gain/Loss Account on Asset Disposal' in Company {0}
Please set '{0}' in Company: {1}
Please set Account
Please set Account for Change Amount
Please set Account in Warehouse {0} or Default Inventory Account in Company {1}
Please set Accounting Dimension {} in {}
Please set Basic and HRA component in Company {0}
Please set Company
Please set Customer Address to determine if the transaction is an export.
Please set Depreciation related Accounts in Asset Category {0} or Company {1}
Please set Earning Component for Leave type: {0}.
Please set Email Address
Please set Email/Phone for the contact
Please set Fiscal Code for the customer '%s'
Please set Fiscal Code for the public administration '%s'
Please set Fixed Asset Account in Asset Category {0}
Please set Fixed Asset Account in {} against {}.
Please set Parent Row No for item {0}
Please set Payroll based on in Payroll settings
Please set Purchase Expense Contra Account in Company {0}
Please set Relieving Date for employee: {0}
Please set Root Type
Please set Tax ID for the customer '%s'
Please set Unrealized Exchange Gain/Loss Account in Company {0}
Please set VAT Accounts in {0}
Please set Vat Accounts for Company: "{0}" in UAE VAT Settings
Please set a Company
Please set a Cost Center for the Asset or set an Asset Depreciation Cost Center for the Company {}
Please set a date range less than 90 days.
Please set a default Holiday List for Company {0}
Please set a default Holiday List for Employee {0} or Company {1}
Please set a printer mapping for this print format in the Printer Settings
Please set account in Salary Component {0}
Please set account in Warehouse {0}
Please set actual demand or sales forecast to generate Material Requirements Planning Report.
Please set an Address on the Company '%s'
Please set an Expense Account in the Items table
Please set an email id for the Lead {0}
Please set at least one row in the Taxes and Charges Table
Please set both the Tax ID and Fiscal Code on Company {0}
Please set default Cash or Bank account in Mode of Payment {0}
Please set default Cash or Bank account in Mode of Payment {}
Please set default Cash or Bank account in Mode of Payments {}
Please set default Exchange Gain/Loss Account in Company {}
Please set default Expense Account in Company {0}
Please set default UOM in Stock Settings
Please set default cost of goods sold account in company {0} for booking rounding gain and loss during stock transfer
Please set default inventory account for item {0}, or their item group or brand.
Please set default template for Leave Approval Notification in HR Settings.
Please set default template for Leave Status Notification in HR Settings.
Please set default {0} in Company {1}
Please set filter based on Item or Warehouse
Please set filters
Please set filters value in Report Filter table.
Please set one of the following:
Please set opening number of booked depreciations
Please set recurring after saving
Please set the Advance Account {0} or in {1}
Please set the Appraisal Template for all the {0} or select the template in the Employees table below.
Please set the Company
Please set the Customer Address
Please set the Date Of Joining for employee {0}
Please set the Default Cost Center in {0} company.
Please set the Holiday List.
Please set the Item Code first
Please set the Target Warehouse in the Job Card
Please set the WIP Warehouse in the Job Card
Please set the cost center field in {0} or setup a default Cost Center for the Company.
Please set the date range.
Please set the document name
Please set the following documents in this Dashboard as standard first.
Please set the relieving date for employee {0}
Please set the series to be used.
Please set up the Campaign Schedule in the Campaign {0}
Please set {0}
Please set {0} and {1} in {2}.
Please set {0} first.
Please set {0} for Batched Item {1}, which is used to set {2} on Submit.
Please set {0} for Employee {1}
Please set {0} for address {1}
Please set {0} for the Employee: {1}
Please set {0} in BOM Creator {1}
Please set {0} in Company {1} to account for Exchange Gain / Loss
Please set {0} to {1}, the same account that was used in the original invoice {2}.
Please set {0}.
Please setup Employee Naming System in Human Resource > HR Settings
Please setup SMS before setting it as an authentication method, via SMS Settings
Please setup a message first
Please setup and enable a group account with the Account Type - {0} for the company {1}
Please setup default outgoing Email Account from Settings > Email Account
Please setup default outgoing Email Account from Tools > Email Account
Please setup numbering series for Attendance via Setup > Numbering Series
Please share this email with your support team so that they can find and fix the issue.
Please share your feedback to the training by clicking on 'Training Feedback' and then 'New'
Please specify
Please specify Company
Please specify Company to proceed
Please specify a valid Row ID for row {0} in table {1}
Please specify a valid parent DocType for {0}
Please specify a {0} first.
Please specify at least 10 minutes due to the trigger cadence of the scheduler
Please specify at least one attribute in the Attributes table
Please specify either Quantity or Valuation Rate or both
Please specify from/to range
Please specify the field from which to attach files
Please specify the job applicant to be updated.
Please specify the minutes offset
Please specify which date field must be checked
Please specify which datetime field must be checked
Please specify which value field must be checked
Please specify {0} and {1} (if any), for the correct tax calculation in future salary slips.
Please submit the {0} before marking the cycle as Completed
Please try again
Please try again in an hour.
Please uncheck 'Show in Bucket View' to create Orders
Please update Repair Status.
Please update your status for this training event
Please update {} before continuing.
Please use a valid LDAP search filter
Please use following links to download file backup.
Please visit https://frappecloud.com/docs/sites/migrate-an-existing-site#encryption-key for more information.
Point Of Sale
Policy No
Policy URI
Policy number
Polling
Popover Element
Popover or Modal Description
Portal Menu
Portal Users
Portrait
Possible Supplier
Post
Post Description Key
Post Graduate
Post Route Key
Post Route Key List
Post Route String
Post Title Key
Post it here, our mentors will help you out.
Postal
Postal Expenses
Posted On
Posting Date Inheritance for Exchange Gain / Loss
Posting Date cannot be future date
Posting Date will change to today's date as Edit Posting Date and Time is unchecked. Are you sure want to proceed?
Posting Datetime
Posting Time
Posting Timestamp
Posting date
Posting date and posting time is mandatory
Posting date is required
Posting timestamp must be after {0}
Potential Sales Deal
Powered by {0}
Pre Sales
Precision
Precision ({0}) for {1} cannot be greater than its length ({2}).
Precision should be between 1 and 6
Predictable substitutions like '@' instead of 'a' don't help very much.
Prefer not to say
Preference
Preferred Area for Lodging
Preferred Contact Email
Preferred Email
Prefix
Prepaid Expenses
Prepared Report
Prepared Report Analytics
Prepared Report User
Prepared report render failed
Preparing Report
Prepend the template to the email message
Present Records
Press Alt Key to trigger additional shortcuts in Menu and Sidebar
Press Enter to save
Prevdoc DocType
Prevent Purchase Orders
Prevent self approval for expense claims even if user has permissions
Prevent self approval for leaves even if user has permissions
Preventive
Preview Email
Preview HTML
Preview Message
Preview Required Materials
Preview Salary Slip
Preview of generated names
Preview on {0}
Preview type
Preview:
Previous Document
Previous Financial Year is not closed
Previous Qty
Previous Submission
Previous Work Experience
Previous Year is not closed, please close it first
Price ({0})
Price Discount Slabs
Price List Currency
Price List Currency not selected
Price List Defaults
Price List Exchange Rate
Price List Rate (Company Currency)
Price List must be applicable for Buying or Selling
Price List {0} is disabled or does not exist
Price Not UOM Dependent
Price Per Unit ({0})
Price is not set for the item.
Price not found for item {0} in price list {1}
Price or Product Discount
Price or product discount slabs are required
Price per Unit (Stock UOM)
Pricing
Pricing Rule Help
Pricing Rule is first selected based on 'Apply On' field, which can be Item, Item Group or Brand.
Pricing Rule is made to overwrite Price List / define discount percentage, based on some criteria.
Pricing Rule {0} is updated
Pricing Rules
Pricing Rules are further filtered based on quantity.
Primary Address Details
Primary Address and Contact
Primary Color
Primary Contact Details
Primary Contact Email
Primary Email
Primary Mobile
Primary Party
Primary Phone
Primary Role
Primary Settings
Primary key of doctype {0} can not be changed as there are existing values.
Print Documents
Print Format Builder Beta
Print Format Error
Print Format Field Template
Print Format For
Print Format Help
Print Format Type
Print Format Type should be Jinja.
Print Format must be an enabled Report Print Format matching the selected Report.
Print Format not found
Print Format {0} is disabled
Print Heading
Print Hide If No Value
Print IRS 1099 Forms
Print Language
Print Preferences
Print Receipt on Order Complete
Print Sent to the printer!
Print Server
Print Style Name
Print Style Preview
Print UOM after Quantity
Print Width of the field, if the field is a column in a table
Print Without Amount
Print and Stationery
Print document
Print settings updated in respective print format
Print taxes with zero amount
Print with letterhead
Printed On {0}
Printed on {0}
Printer
Printer Mapping
Printer Settings
Printer mapping not set.
Printing
Printing Details
Printing Settings
Printing failed
Priorities
Priority cannot be lesser than 1.
Priority has been changed to {0}.
Priority is mandatory
Priority {0} has been repeated.
Private Files (MB)
Private Files Backup:
Privilege Leave
ProTip: Add <code>Reference: {{ reference_doctype }} {{ reference_name }}</code> to send document reference
Probability (%)
Probationary Period
Problem
Procedure
Procedures dropped
Proceed
Proceed Anyway
Process Description
Process Loss %
Process Loss Percentage cannot be greater than 100
Process Loss Quantity
Process Loss Value
Process Owner
Process Owner Full Name
Process Payment Reconciliation
Process Payment Reconciliation Log
Process Payment Reconciliation Log Allocations
Process Payroll Accounting Entry based on Employee
Process Period Closing Voucher
Process Period Closing Voucher Detail
Process Requests
Process Shift Requests
Process Statement Of Accounts CC
Process Statement Of Accounts Customer
Process in Single Transaction
Process leave encashment via a separate Payment Entry instead of Salary Slip
Process {0} Shift Request(s) as <b>{1}</b>?
Processed BOMs
Processes
Processing Date
Processing Requests
Processing Requests...
Processing XML Files
Processing import...
Processing of Shift Requests has been queued. It may take a few minutes.
Processing...
Produce Qty
Produced / Received Qty
Product Bundle Balance
Product Bundle Help
Product Discount Slabs
Product Enquiry
Product Price ID
Production Analytics
Production Item Info
Production Plan Already Submitted
Production Plan Item Reference
Production Plan Material Request Warehouse
Production Plan Qty
Production Plan Summary
Professional Tax Deductions
Proficiency
Profit & Loss
Profit This Year
Profit and Loss
Profit and Loss Summary
Profit for the year
Progress % for a task cannot be more than 100.
Progress (%)
Project Collaboration Invitation
Project Id
Project Progress:
Project Summary for {0}
Project Update.
Project activity / task.
Project master.
Project will be accessible on the website to these users
Project wise Stock Tracking
Project-wise data is not available for Quotation
Projected
Projected On Hand
Projected Quantity
Projected Quantity Formula
Projected Quantity as Source
Projected qty
Projects
Projects Settings
Promotion Date
Promotional
Promotional Scheme Id
Prompt Qty
Property
Property Depends On
Property Setter
Property Setter overrides a standard DocType or Field property
Property already added
Proposal Writing
Proposal/Price Quote
Prospect Owner
Prospect {0} already exists
Prospects Engaged But Not Converted
Protect Attached Files
Protected DocType
Protected File
Provide Email Address registered in company
Provide a list of allowed file extensions for file uploads. Each line should contain one allowed file type. If unset, all file extensions are allowed. Example: <br>CSV<br>JPG<br>PNG
Provident Fund Deductions
Provider Name
Providing
Provisional Account
Provisional Expense Account
Provisional Profit / Loss (Credit)
Public Files (MB)
Public Files Backup:
Public Holiday Multiplier
Publish
Publish Applications Received
Publish Date
Publish Salary Range
Publish on website
Published Date
Publisher
Publisher ID
Publishing Dates
Pull Emails
Pull from Google Contacts
Pulled from Google Calendar
Pulled from Google Contacts
Pulling emails...
Purchase
Purchase Amount
Purchase Analytics
Purchase Defaults
Purchase Details
Purchase Expense
Purchase Expense Account
Purchase Expense Contra Account
Purchase Expense for Item {0}
Purchase Invoice cannot be made against an existing asset {0}
Purchase Invoice {0} is already submitted
Purchase Invoices
Purchase Master Manager
Purchase Order Amount
Purchase Order Amount(Company Currency)
Purchase Order Date
Purchase Order Item reference is missing in Subcontracting Receipt {0}
Purchase Order Items not received on time
Purchase Order Pricing Rule
Purchase Order Required
Purchase Order Required for item {}
Purchase Order already created for all Sales Order items
Purchase Order number required for Item {0}
Purchase Order {0} created
Purchase Order {0} is not submitted
Purchase Orders
Purchase Orders are not allowed for {0} due to a scorecard standing of {1}.
Purchase Orders to Bill
Purchase Orders to Receive
Purchase Orders {0} are un-linked
Purchase Price List
Purchase Receipt (Draft) will be auto-created on submission of Subcontracting Receipt.
Purchase Receipt No
Purchase Receipt Required
Purchase Receipt Required for item {}
Purchase Receipt doesn't have any Item for which Retain Sample is enabled.
Purchase Receipt {0} created.
Purchase Receipt {0} is not submitted
Purchase Tax Withholding Category
Purchase Time
Purchase Value
Purchase Voucher No
Purchase Voucher Type
Purchase orders help you plan and follow up on your purchases
Purchased
Purchases
Purchasing
Purpose & Amount
Purpose must be one of {0}
Purpose of Travel
Purposes
Purposes Required
Push Notification Settings
Push to Google Contacts
Put on Hold
Putaway Rule
Putaway Rule already exists for Item {0} in Warehouse {1}.
Python
QR Code for Login Verification
QZ Tray Connection Active!
QZ Tray Failed:
Qty
Qty 
Qty (As per BOM)
Qty (Company)
Qty (Warehouse)
Qty (in Stock UOM)
Qty Change
Qty Consumed Per Unit
Qty In Stock
Qty Per Unit
Qty To Manufacture
Qty To Manufacture ({0}) cannot be a fraction for the UOM {2}. To allow this, disable '{1}' in the UOM {2}.
Qty To Manufacture in the job card cannot be greater than Qty To Manufacture in the work order for the operation {0}. <br><br><b>Solution: </b> Either you can reduce the Qty To Manufacture in the job card or set the 'Overproduction Percentage For Work Order' in the {1}.
Qty To Produce
Qty Wise Chart
Qty and Rate
Qty as Per Stock UOM
Qty as per Stock UOM
Qty for which recursion isn't applicable.
Qty for {0}
Qty in Stock UOM
Qty of Finished Goods Item
Qty of Finished Goods Item should be greater than 0.
Qty of raw materials will be decided based on the qty of the Finished Goods Item
Qty to Be Consumed
Qty to Bill
Qty to Build
Qty to Deliver
Qty to Disassemble
Qty to Fetch
Qty to Order
Qty to Receive
Qty to Transfer
Qualified By
Qualified on
Quality
Quality Action
Quality Action Resolution
Quality Feedback Parameter
Quality Feedback Template
Quality Feedback Template Parameter
Quality Goal Objective
Quality Inspection Analysis
Quality Inspection Parameter Group
Quality Inspection Required
Quality Inspection Settings
Quality Inspection Summary
Quality Inspection Template Name
Quality Inspection is required for the item {0} before completing the job card {1}
Quality Inspection {0} is not submitted for the item: {1}
Quality Inspection {0} is rejected for the item: {1}
Quality Inspection(s)
Quality Management
Quality Manager
Quality Meeting Agenda
Quality Meeting Minutes
Quality Procedure Process
Quality Review Objective
Quantity  that must be bought or sold per UOM
Quantity & Stock
Quantity (A - B)
Quantity Difference
Quantity and Amount
Quantity and Description
Quantity and Rate
Quantity and Warehouse
Quantity cannot be greater than {0} for Item {1}
Quantity is mandatory for the selected items.
Quantity is required
Quantity must be greater than zero
Quantity must be less than or equal to {0}
Quantity must not be more than {0}
Quantity of item obtained after manufacturing / repacking from given quantities of raw materials
Quantity required for Item {0} in row {1}
Quantity should be greater than 0
Quantity to Manufacture
Quantity to Manufacture can not be zero for the operation {0}
Quantity to Manufacture must be greater than 0.
Quantity to Scan
Quarter Day
Quarter {0} {1}
Query
Query / Script
Query Options
Query Parameters
Query Route String
Query analysis complete. Check suggested indexes.
Query must be of SELECT or read-only WITH type.
Questionnaire Email Sent
Queue Overloaded
Queue Size should be between 5 and 100
Queue Type(s)
Queue in Background (BETA)
Queue should be one of {0}
Queue(s)
Queued
Queued At
Queued By
Queued for Submission. You can track the progress over {0}.
Queued for backup. You will receive an email with the download link
Queues
Queuing {0} for Submission
Quick Filters
Quick Help for Setting Permissions
Quick Journal Entry
Quick Links
Quick List Filter
Quot Count
Quot/Lead %
Quotation Amount
Quotation Lost Reason Detail
Quotation Number
Quotation Trends
Quotation {0} is cancelled
Quotation {0} not of type {1}
Quotations
Quotations are proposals, bids you have sent to your customers
Quotations: 
Quote Status
Quoting must be between 0 and 3
Quận/Huyện
RAW Information Log
RFQ and Purchase Order Settings
RFQs are not allowed for {0} due to a scorecard standing of {1}
RQ Job
RQ Worker
Radius within which check-in is allowed (in meters)
Raise Material Request When Stock Reaches Re-order Level
Raised By (Email)
Random
Rate & Amount
Rate (Company Currency)
Rate Goals Manually
Rate Of Materials Based On
Rate Of TDS As Per Certificate
Rate Section
Rate With Margin
Rate With Margin (Company Currency)
Rate and Amount
Rate at which Customer Currency is converted to customer's base currency
Rate at which Price list currency is converted to company's base currency
Rate at which Price list currency is converted to customer's base currency
Rate at which customer's currency is converted to company's base currency
Rate at which supplier's currency is converted to company's base currency
Rate at which this tax is applied
Rate limit for email link login
Rate of '{}' items cannot be changed
Rate of Depreciation (%)
Rate of Interest (%) Yearly
Rate of Stock UOM
Rate or Discount is required for the price discount.
Rates
Rating Criteria
Ratios
Raw Commands
Raw Email
Raw HTML can be used only with Email Templates having 'Use HTML' checked. Proceeding with plain text email.
Raw HTML emails are rendered as complete Jinja templates. Otherwise, emails are wrapped in the standard.html email template, which inserts brand_logo, header and footer.
Raw Material Code
Raw Material Cost
Raw Material Cost (Company Currency)
Raw Material Cost Per Qty
Raw Material Item
Raw Material Item Code
Raw Material Name
Raw Material Value
Raw Material Voucher No
Raw Material Voucher Type
Raw Material Warehouse
Raw Materials Actions
Raw Materials Consumed
Raw Materials Missing
Raw Materials Required
Raw Materials Supplied
Raw Materials Supplied Cost
Raw Materials cannot be blank.
Raw Materials to Customer
Raw Printing Setting
Raw Printing Settings
Raw SQL
Raw materials consumed qty will be validated based on FG BOM required qty
Re-Run in Console
Re-allocate Leaves
Re-open
Re-order Level
Re-order Qty
Re:
Re: {0}
Reached Root
Read Only Depends On (JS)
Read Only Mode
Read by Recipient
Read by Recipient On
Read mode
Read the documentation to know more
Reading Value
Readings
Readme
Realtime (SocketIO)
Reason For Putting On Hold
Reason for Adjustment
Reason for Failure
Reason for Hold
Reason for Leaving
Reason for Requesting
Reason for Withholding Salary
Reason for hold:
Reason for skipping auto attendance:
Rebuild
Rebuild Tree
Rebuilding BTree for period ...
Rebuilding of tree is not supported for {}
Recalculate Batch Qty
Recalculate Bin Qty
Recalculate Incoming/Outgoing Rate
Receipt Document
Receipt Document Type
Receipt Items
Receivable / Payable Account
Receivable Account
Receivable/Payable Account
Receivable/Payable Account: {0} doesn't belong to company {1}
Receivables
Receive from Customer
Received Amount
Received Amount (Company Currency)
Received Amount After Tax
Received Amount After Tax (Company Currency)
Received Amount cannot be greater than Paid Amount
Received From
Received Items To Be Billed
Received Qty Amount
Received Qty in Stock UOM
Received Quantity
Received Stock Entries
Received an invalid token type.
Received and Accepted
Receiver By Document Field
Receiver By Role
Receiver List
Receiver List is empty. Please create Receiver List
Receiver Parameter
Receiving
Recent Attendance Requests
Recent Expenses
Recent Leaves
Recent Shift Requests
Recent Transactions
Recent years are easy to guess.
Recents
Recipient
Recipient Account Field
Recipient Message And Payment Details
Recipient Unsubscribed
Recommended for a single biometric device / checkins via mobile app
Reconcile All Serial Nos / Batches
Reconcile Effect On
Reconcile on Advance Payment Date
Reconcile the Bank Transaction
Reconciled Entries
Reconciliation Date
Reconciliation Error Log
Reconciliation Logs
Reconciliation Progress
Reconciliation Queue Size
Reconciliation Takes Effect On
Recorder
Recorder Query
Recorder Suggested Index
Recording HTML
Recording URL
Records for following doctypes will be filtered
Recover Cost
Recoverable Standard Rated expenses should not be set when Reverse Charge Applicable is Y
Recreate Stock Ledgers
Recruitment Analytics
Recurse Every (As Per Transaction UOM)
Recurse Over Qty cannot be less than 0
Recursive Discounts with Mixed condition is not supported by the system
Recursive Fetch From
Redeem Against
Redeem Loyalty Points
Redeemed Points
Redemption
Redemption Account
Redemption Cost Center
Redemption Date
Redirect HTTP Status
Redirect To Path
Redirect URI Bound To Auth Code
Redirect URIs
Redirect URL
Redirect to the selected app after login
Redirect to this URL after successful confirmation.
Redirects
Redis cache server not running. Please contact Administrator / Tech support
Redo last action
Reduce
Reducing maximum leaves allowed after allocation may cause scheduler to allocate incorrect number of earned leaves. Proceed with caution.
Reduction is more than {0}'s available leave balance {1} for leave type {2}
Ref Code
Ref Date
Ref DocType
Referance Doctype and Dashboard Name both can't be used at the same time.
Reference #{0} dated {1}
Reference Date for Early Payment Discount
Reference Datetime
Reference Detail No
Reference Doc
Reference DocName
Reference DocType
Reference DocType and Reference Name are required
Reference Docname
Reference Doctype must be one of {0}
Reference Document Name
Reference Due Date
Reference Exchange Rate
Reference No
Reference No & Reference Date is required for {0}
Reference No and Reference Date is mandatory for Bank transaction
Reference No is mandatory if you entered Reference Date
Reference No.
Reference Owner
Reference Purchase Receipt
Reference Report
Reference Row
Reference Row #
Reference Type
Reference for Reservation
Reference name
Reference number of the invoice from the previous system
Reference: {0}
Reference: {0} {1}
Reference: {0}, Item Code: {1} and Customer: {2}
References
References to Sales Invoices are Incomplete
References to Sales Orders are Incomplete
References {0} of type {1} had no outstanding amount left before submitting the Payment Entry. Now they have a negative outstanding amount.
Referral Bonus Payment Status
Referral Code
Referral Details
Referral Sales Partner
Referrer
Referrer Details
Referrer Name
Reflections
Refresh All
Refresh Google Sheet
Refresh Plaid Link
Refresh Print Preview
Refreshing
Refreshing...
Refuelling Details
Regards,
Regenerate Stock Closing Entry
Regional
Registered but disabled
Reject Employee Referral
Rejected 
Rejected Serial No
Rejected Serial and Batch Bundle
Rejected Warehouse and Accepted Warehouse cannot be same.
Related
Relation
Relay Server URL missing
Relay Settings
Release Notes
Release Withheld Salaries
Release date must be in the future
Relieving Date
Relieving Date 
Relieving Date Missing
Relink
Relink Communication
Relinked
Reload File
Reload List
Reload Report
Remaining Amount
Remaining Balance
Remaining Benefits (Yearly)
Remark
Remarks Column Length
Remarks:
Remember Last Selected Value
Remind At
Remind Before
Remind Me In
Reminded
Reminder cannot be created in past.
Reminder set at {0}
Remove Failed Jobs
Remove Field
Remove Parent Row No in Items Table
Remove Zero Counts
Remove all customizations?
Remove all fields in the column
Remove column
Remove field
Remove if Zero Valued
Remove item if charges is not applicable to that item
Remove last column
Remove page break
Remove section
Remove tab
Removed
Removed Icons
Removed items with no change in quantity or value.
Removed {0} rows with zero document count. Please save to persist changes.
Removing rows without exchange gain or loss
Rename Attribute Value in Item Attribute.
Rename Fieldname
Rename Not Allowed
Rename jobs for doctype {0} have been enqueued.
Rename jobs for doctype {0} have not been enqueued.
Rename {0}
Renamed files and replaced code in controllers, please check!
Renaming it is only allowed via parent company {0}, to avoid mismatch.
Render labels to the left and values to the right in this section
Rent
Rented
Rented Car
Reopen
Reorder level based on Warehouse
Repair Purchase Invoices
Repay From Salary
Repay From Salary can be selected only for term loans
Repay Unclaimed Amount from Salary
Repeat Customer Revenue
Repeat Customers
Repeat Header and Footer
Repeat On
Repeat On Days
Repeat Till
Repeat on Days
Repeat on Last Day of the Month
Repeat this Event
Repeats like "aaa" are easy to guess
Repeats like "abcabcabc" are only slightly harder to guess than "abc"
Repeats {0}
Replace
Replace a particular BOM in all other BOMs where it is used. It will replace the old BOM link, update cost and regenerate "BOM Explosion Item" table as per new BOM.|||It also updates latest price in all the BOMs.
Replicate
Replicating...
Replication completed.
Replied
Reply To Address
Reply To email is required
Reply-To Addresses
Report Column
Report Date
Report Description
Report Document Error
Report Error
Report Filter
Report Filters
Report Information
Report Line Items
Report Manager
Report Name, Report Field and Fucntion are required to create a number card
Report Ref DocType
Report Reference Doctype
Report Template
Report Type is mandatory
Report an Issue
Report bug
Report cannot be set for Single types
Report has no data, please modify the filters or change the Report Name
Report has no numeric fields, please change the Report Name
Report initiated, click to view status
Report limit reached
Report timed out.
Report updated successfully
Report was not saved (there were errors)
Report with more than 10 columns looks better in Landscape mode.
Report {0}
Report {0} deleted
Report {0} is disabled
Report {0} saved
Report:
Reporting Currency
Reporting Currency Exchange Not Found
Reporting Currency Exchange Rate
Reports & Masters
Reports already in Queue
Reports to
Repost Accounting Ledger
Repost Accounting Ledger Items
Repost Accounting Ledger Settings
Repost Allowed Types
Repost Error Log
Repost Item Valuation
Repost Item Valuation restarted for selected failed records.
Repost Only Accounting Ledgers
Repost Payment Ledger
Repost Payment Ledger Items
Repost Status
Repost has started in the background
Repost in background
Repost started in the background
Reposting Data File
Reposting Item and Warehouse
Reposting Progress
Reposting Reference
Reposting Vouchers
Reposting Vouchers Progress
Reposting entries created: {0}
Reposting for Item-Wh Completed {0}%
Reposting for Vouchers Completed {0}%
Reposting has been started in the background.
Reposting in the background.
Represents a Financial Year. All accounting entries and other major transactions are tracked against the Fiscal Year.
Represents a User in the system.
Represents the states allowed in one document and role assigned to change the state.
Reqd By Date
Reqd Qty (BOM)
Reqd by date
Reqired Qty
Request Attendance
Request Body
Request Description
Request For Quotation
Request Headers
Request ID
Request Limit
Request Parameters
Request Structure
Request Timed Out
Request Timeout
Request Type
Request a Leave
Request a Shift
Request for
Request for Information
Request for Quotation Item
Request for Quotation Supplier
Request for Raw Materials
Requested
Requested By
Requested By (Name)
Requested Items To Be Transferred
Requested Items to Order and Receive
Requested Numbers
Requested Qty: Quantity requested for purchase, but not ordered.
Requesting Site
Requestor
Require Full Funding
Require Trusted Certificate
Required By
Required On
Required Quantity
Required Skills
Required for Employee Creation
Requirement
Requires Fulfilment
Requires any valid fdn path. i.e. ou=groups,dc=example,dc=com
Requires any valid fdn path. i.e. ou=users,dc=example,dc=com
Res: {0}
Reschedule Interview
Research
Research & Development
Reselect, if the chosen address is edited after save
Reselect, if the chosen contact is edited after save
Resend Payment Email
Reserve
Reserve for Raw Materials
Reserve for Sub-assembly
Reserved Batch Conflict
Reserved Inventory
Reserved Qty ({0}) cannot be a fraction. To allow this, disable '{1}' in UOM {3}.
Reserved Qty for Production
Reserved Qty for Production Plan
Reserved Qty for Production: Raw materials quantity to make manufacturing items.
Reserved Qty for Subcontract
Reserved Qty for Subcontract: Raw materials quantity to make subcontracted items.
Reserved Qty should be greater than Delivered Qty.
Reserved Qty: Quantity ordered for sale, but not delivered.
Reserved Quantity
Reserved Quantity for Production
Reserved Serial No.
Reserved Stock for Batch
Reserved Stock for Raw Materials
Reserved Stock for Sub-assembly
Reserved Warehouse is mandatory for the Item {item_code} in Raw Materials supplied.
Reserved for POS Transactions
Reserved for Production
Reserved for Production Plan
Reserved for Sub Contracting
Reserved for manufacturing
Reserved for sale
Reserved for sub contracting
Reserving Stock...
Reset All
Reset All Customizations
Reset Changes
Reset Chart
Reset Company Default Values
Reset Dashboard Customizations
Reset Fields
Reset LDAP Password
Reset Layout
Reset OTP Secret
Reset Password Key
Reset Password Link Expiry Duration
Reset Password Template
Reset Permissions for {0}?
Reset Plaid Link
Reset Raw Materials Table
Reset Service Level Agreement
Reset To Default
Reset sorting
Reset to default
Reset to defaults
Reset your password
Resetting Service Level Agreement.
Resignation Letter Date
Resolution
Resolution Details
Resolution Due
Resolutions
Resolve
Resolved By
Resource
Resource Documentation
Resource Name
Resource Policy URI
Resource TOS URI
Response
Response Headers
Response Key List
Response Options
Response Result Key Path
Response Time for {0} priority in row {1} can't be greater than Resolution Time.
Response Type
Response and Resolution
Responsibilities
Responsible
Rest Of The World
Rest of the day
Restart
Restart Failed Entries
Restart Subscription
Restore Original Permissions
Restore to default settings?
Restored
Restoring Deleted Document
Restrict
Restrict Items Based On
Restrict Removal
Restrict To Domain
Restrict to Countries
Restrict to Domain
Restrict user from this IP address only. Multiple IP addresses can be added by separating with commas. Also accepts partial IP addresses like (111.111.111)
Restrictions
Result
Result Key
Result Preview Field
Result Route Field
Result Title Field
Resume Attachment
Resume Link
Resume Sending
Resume link
Retained
Retention Bonus
Retirement Age (In Years)
Retried
Retry Failed
Retry Failed Allocations
Retry Failed Transactions
Retry Sending
Retry Successful
Retrying allocations
Return
Return / Credit Note
Return / Debit Note
Return Against
Return Against Delivery Note
Return Against Purchase Invoice
Return Against Purchase Receipt
Return Against Subcontracting Receipt
Return Components
Return Issued
Return Qty
Return Qty from Rejected Warehouse
Return Raw Material to Customer
Return amount cannot be greater than unclaimed amount
Return invoice of asset cancelled
Return of Components
Return on Asset Ratio
Return on Equity Ratio
Return to the Verification screen and enter the code displayed by your authentication app
Returned Against
Returned Amount
Returned Qty
Returned Qty 
Returned Qty in Stock UOM
Returned Quantity
Returned exchange rate is neither integer not float.
Returns
Revaluation Journals
Revaluation Surplus
Reversal Of
Reverse Journal Entry
Reverse Sign
Reverting length to {0} for '{1}' in '{2}'. Setting the length as {3} will cause truncation of data.
Review various other settings related to Employee Leaves and Expense Claim
Reviewer
Reviewer Name
Revise Budget
Revised CTC
Revision Of
Revision cancelled
Revocation URI
Revoked
Rgt
Rich Text
Right
Right Bottom
Right Center
Right Child
Right Index
Ringing
Robots.txt
Role 'All' will be given to all system + website users.
Role 'Desk User' will be given to all system users.
Role Allowed to Create Backdated Leave Application
Role Allowed to Create/Edit Back-dated Transactions
Role Allowed to Over Bill 
Role Allowed to Over Deliver/Receive
Role Allowed to Override Stop Action
Role Name
Role Permission for Page and Report
Role Permissions
Role Permissions Manager
Role Profiles
Role Replication
Role allowed to bypass Credit Limit
Role allowed to bypass period restrictions.
Role and Level
Role has been set as per the user type {0}
Role to Notify on Depreciation Failure
Roles
Roles & Permissions
Roles Allowed to Set and Edit Frozen Account Entries
Roles Assigned
Roles HTML
Roles Html
Roles can be set for users from their User page.
Root
Root Company
Root Type for {0} must be one of the Asset, Liability, Income, Expense and Equity
Root Type is mandatory
Root cannot be edited.
Root cannot have a parent cost center
Root {0} cannot be deleted
Roster Color
Round Name
Round Robin
Round Tax Amount Row-wise
Round off Work Experience
Rounded Total (Company Currency)
Rounding Adjustment (Company Currency
Rounding Adjustment (Company Currency)
Rounding Loss Allowance
Rounding Loss Allowance should be between 0 and 1
Rounding Method
Rounding gain/loss Entry for Stock Transfer
Route History
Route Options
Route Redirects
Route to the custom Job Application Webform
Route: Example "/desk"
Row
Row #
Row # {0}: Cannot return more than {1} for Item {2}
Row # {0}: Non administrator user can not set the role {1} to the custom doctype
Row # {0}: Please add Serial and Batch Bundle for Item {1}
Row # {0}: Please enter quantity for Item {1} as it is not zero.
Row # {0}: Rate cannot be greater than the rate used in {1} {2}
Row # {0}: Returned Item {1} does not exist in {2} {3}
Row #1: Sequence ID must be 1 for Operation {0}.
Row #{0} (Payment Table): Amount must be negative
Row #{0} (Payment Table): Amount must be positive
Row #{0}:
Row #{0}: A reorder entry already exists for warehouse {1} with reorder type {2}.
Row #{0}: Acceptance Criteria Formula is incorrect.
Row #{0}: Acceptance Criteria Formula is required.
Row #{0}: Accepted Warehouse and Rejected Warehouse cannot be same
Row #{0}: Accepted Warehouse is mandatory for the accepted Item {1}
Row #{0}: Account {1} does not belong to company {2}
Row #{0}: Allocated Amount cannot be greater than Outstanding Amount of Payment Request {1}
Row #{0}: Allocated Amount cannot be greater than outstanding amount.
Row #{0}: Allocated amount:{1} is greater than outstanding amount:{2} for Payment Term {3}
Row #{0}: Amount must be a positive number
Row #{0}: Asset {1} cannot be sold, it is already {2}
Row #{0}: Asset {1} is already sold
Row #{0}: BOM is not specified for subcontracting item {0}
Row #{0}: BOM not found for FG Item {1}
Row #{0}: Batch No {1} is already selected.
Row #{0}: Batch No(s) {1} is not a part of the linked Subcontracting Inward Order. Please select valid Batch No(s).
Row #{0}: Cannot allocate more than {1} against payment term {2}
Row #{0}: Cannot cancel this Manufacturing Stock Entry as billed quantity of Item {1} cannot be greater than consumed quantity.
Row #{0}: Cannot cancel this Manufacturing Stock Entry as quantity of Secondary Item {1} produced cannot be less than quantity delivered.
Row #{0}: Cannot cancel this Stock Entry as returned quantity cannot be greater than delivered quantity for Item {1} in the linked Subcontracting Inward Order
Row #{0}: Cannot create entry with different taxable AND withholding document links.
Row #{0}: Cannot delete item {1} which has already been billed.
Row #{0}: Cannot delete item {1} which has already been delivered
Row #{0}: Cannot delete item {1} which has already been received
Row #{0}: Cannot delete item {1} which has work order assigned to it.
Row #{0}: Cannot delete item {1} which is already ordered against this Sales Order.
Row #{0}: Cannot set Rate if the billed amount is greater than the amount for Item {1}.
Row #{0}: Cannot set amount or formula for Salary Component {1} with Variable Based On Taxable Salary
Row #{0}: Cannot transfer more than Required Qty {1} for Item {2} against Job Card {3}
Row #{0}: Child Item should not be a Product Bundle. Please remove Item {1} and Save
Row #{0}: Consumed Asset {1} cannot be Draft
Row #{0}: Consumed Asset {1} cannot be cancelled
Row #{0}: Consumed Asset {1} cannot be the same as the Target Asset
Row #{0}: Consumed Asset {1} cannot be {2}
Row #{0}: Consumed Asset {1} does not belong to company {2}
Row #{0}: Cost Center {1} does not belong to company {2}
Row #{0}: Could not find enough {1} entries to match. Remaining amount: {2}
Row #{0}: Cumulative threshold cannot be less than Single Transaction threshold
Row #{0}: Customer Provided Item {1} against Subcontracting Inward Order Item {2} ({3}) cannot be added multiple times.
Row #{0}: Customer Provided Item {1} cannot be added multiple times in the Subcontracting Inward process.
Row #{0}: Customer Provided Item {1} cannot be added multiple times.
Row #{0}: Customer Provided Item {1} does not exist in the Required Items table linked to the Subcontracting Inward Order.
Row #{0}: Customer Provided Item {1} exceeds quantity available through Subcontracting Inward Order
Row #{0}: Customer Provided Item {1} has insufficient quantity in the Subcontracting Inward Order. Available quantity is {2}.
Row #{0}: Customer Provided Item {1} is not a part of Subcontracting Inward Order {2}
Row #{0}: Customer Provided Item {1} is not a part of Work Order {2}
Row #{0}: Dates overlapping with other row in group {1}
Row #{0}: Default BOM not found for FG Item {1}
Row #{0}: Depreciation Start Date is required
Row #{0}: Duplicate entry in References {1} {2}
Row #{0}: Expected Delivery Date cannot be before Purchase Order Date
Row #{0}: Expense Account not set for the Item {1}. {2}
Row #{0}: Expense account {1} is not valid for Purchase Invoice {2}. Only expense accounts from non-stock items are allowed.
Row #{0}: Finished Good Item Qty can not be zero
Row #{0}: Finished Good Item is not specified for service item {1}
Row #{0}: Finished Good Item {1} must be a sub-contracted item
Row #{0}: Finished Good must be {1}
Row #{0}: Finished Good reference is mandatory for Secondary Item {1}.
Row #{0}: For Customer Provided Item {1}, Source Warehouse must be {2}
Row #{0}: For {1}, you can select reference document only if account gets credited
Row #{0}: For {1}, you can select reference document only if account gets debited
Row #{0}: Frequency of Depreciation must be greater than zero
Row #{0}: From Date cannot be before To Date
Row #{0}: From Time and To Time fields are required
Row #{0}: Item added
Row #{0}: Item {1} cannot be transferred more than {2} against {3} {4}
Row #{0}: Item {1} does not exist
Row #{0}: Item {1} has been picked, please reserve stock from the Pick List.
Row #{0}: Item {1} has no stock in warehouse {2}.
Row #{0}: Item {1} has zero rate but 'Allow Zero Valuation Rate' is not enabled.
Row #{0}: Item {1} in warehouse {2}: Available {3}, Needed {4}.
Row #{0}: Item {1} is not a Customer Provided Item.
Row #{0}: Item {1} is not a Serialized/Batched Item. It cannot have a Serial No/Batch No against it.
Row #{0}: Item {1} is not a part of Subcontracting Inward Order {2}
Row #{0}: Item {1} is not a service item
Row #{0}: Item {1} is not a stock item
Row #{0}: Item {1} mismatch. Changing of item code is not permitted, add another row instead.
Row #{0}: Item {1} mismatch. Changing of item code is not permitted.
Row #{0}: Journal Entry {1} does not have account {2} or already matched against another voucher
Row #{0}: Next Depreciation Date cannot be before Available-for-use Date
Row #{0}: Next Depreciation Date cannot be before Purchase Date
Row #{0}: Not allowed to change Supplier as Purchase Order already exists
Row #{0}: Only {1} available to reserve for the Item {2}
Row #{0}: Opening Accumulated Depreciation must be less than or equal to {1}
Row #{0}: Operation {1} is not completed for {2} qty of finished goods in Work Order {3}. Please update operation status via Job Card {4}.
Row #{0}: Overconsumption of Customer Provided Item {1} against Work Order {2} is not allowed in the Subcontracting Inward process.
Row #{0}: Please select Item Code in Assembly Items
Row #{0}: Please select the BOM No in Assembly Items
Row #{0}: Please select the Finished Good Item against which this Customer Provided Item will be used.
Row #{0}: Please select the Sub Assembly Warehouse
Row #{0}: Please set reorder quantity
Row #{0}: Please update deferred revenue/expense account in item row or default account in company master
Row #{0}: Process Loss Percentage should be less than 100% for {1} Item {2}
Row #{0}: Qty increased by {1}
Row #{0}: Qty must be a positive number
Row #{0}: Qty should be less than or equal to Available Qty to Reserve (Actual Qty - Reserved Qty) {1} for Iem {2} against Batch {3} in Warehouse {4}.
Row #{0}: Quality Inspection is required for Item {1}
Row #{0}: Quality Inspection {1} is not submitted for the item: {2}
Row #{0}: Quality Inspection {1} was rejected for item {2}
Row #{0}: Quantity cannot be a non-positive number. Please increase the quantity or remove the Item {1}
Row #{0}: Quantity for Item {1} cannot be zero.
Row #{0}: Quantity of Item {1} cannot be more than {2} {3} against Subcontracting Inward Order {4}
Row #{0}: Quantity should be greater than 0 for {1} Item {2}
Row #{0}: Quantity to reserve for the Item {1} should be greater than 0.
Row #{0}: Rate must be same as {1}: {2} ({3} / {4})
Row #{0}: Reference Document Type must be one of Purchase Order, Purchase Invoice or Journal Entry
Row #{0}: Reference Document Type must be one of Sales Order, Sales Invoice, Journal Entry or Dunning
Row #{0}: Rejected Qty cannot be set for Secondary Item {1}.
Row #{0}: Rejected Warehouse is mandatory for the rejected Item {1}
Row #{0}: Repair cost {1} exceeds available amount {2} for Purchase Invoice {3} and Account {4}
Row #{0}: Return Against is required for returning asset
Row #{0}: Returned quantity cannot be greater than available quantity for Item {1}
Row #{0}: Returned quantity cannot be greater than available quantity to return for Item {1}
Row #{0}: Secondary Item Qty cannot be zero
Row #{0}: Selling rate for item {1} is lower than its {2}.|||					Selling {3} should be atleast {4}.<br><br>Alternatively,|||					you can disable '{5}' in {6} to bypass|||					this validation.
Row #{0}: Sequence ID must be {1} or {2} for Operation {3}.
Row #{0}: Serial No {1} does not belong to Batch {2}
Row #{0}: Serial No {1} for Item {2} is not available in {3} {4} or might be reserved in another {5}.
Row #{0}: Serial No {1} is already selected.
Row #{0}: Serial No(s) {1} are not a part of the linked Subcontracting Inward Order. Please select valid Serial No(s).
Row #{0}: Service End Date cannot be before Invoice Posting Date
Row #{0}: Service Start Date cannot be greater than Service End Date
Row #{0}: Service Start and End Date is required for deferred accounting
Row #{0}: Set Supplier for item {1}
Row #{0}: Since 'Track Semi Finished Goods' is enabled, the BOM {1} cannot be used for Sub Assembly Items
Row #{0}: Source Warehouse must be same as Customer Warehouse {1} from the linked Subcontracting Inward Order
Row #{0}: Source Warehouse {1} for item {2} cannot be a customer warehouse.
Row #{0}: Source Warehouse {1} for item {2} must be same as Source Warehouse {3} in the Work Order.
Row #{0}: Source and Target Warehouse cannot be the same for Material Transfer
Row #{0}: Source, Target Warehouse and Inventory Dimensions cannot be the exact same for Material Transfer
Row #{0}: Start Time must be before End Time
Row #{0}: Status is mandatory
Row #{0}: Status must be {1} for Invoice Discounting {2}
Row #{0}: Stock cannot be reserved for Item {1} against a disabled Batch {2}.
Row #{0}: Stock cannot be reserved for a non-stock Item {1}
Row #{0}: Stock cannot be reserved in group warehouse {1}.
Row #{0}: Stock is already reserved for the Item {1}.
Row #{0}: Stock is reserved for item {1} in warehouse {2}.
Row #{0}: Stock not available to reserve for Item {1} against Batch {2} in Warehouse {3}.
Row #{0}: Stock not available to reserve for the Item {1} in Warehouse {2}.
Row #{0}: Stock quantity {1} ({2}) for item {3} cannot exceed {4}
Row #{0}: Target Warehouse must be same as Customer Warehouse {1} from the linked Subcontracting Inward Order
Row #{0}: The batch {1} has already expired.
Row #{0}: The warehouse {1} is not a child warehouse of a group warehouse {2}
Row #{0}: The {1} Component has the options {2} and {3} enabled.
Row #{0}: Timesheet amount will overwrite the Earning component amount for the Salary Component {1}
Row #{0}: Timings conflicts with row {1}
Row #{0}: Total Number of Depreciations cannot be less than or equal to Opening Number of Booked Depreciations
Row #{0}: Total Number of Depreciations must be greater than zero
Row #{0}: Warehouse {1} does not match with the warehouse {2} in Serial and Batch Bundle {3}.
Row #{0}: Withholding Amount {1} does not match calculated amount {2}.
Row #{0}: Work Order exists against full or partial quantity of Item {1}
Row #{0}: You cannot use the inventory dimension '{1}' in Stock Reconciliation to modify the quantity or valuation rate. Stock reconciliation with inventory dimensions is intended solely for performing opening entries.
Row #{0}: You must select an Asset for Item {1}.
Row #{0}: {1} can not be negative for item {2}
Row #{0}: {1} is not a valid reading field. Please refer to the field description.
Row #{0}: {1} is required to create the Opening {2} Invoices
Row #{0}: {1} of {2} should be {3}. Please update the {1} or select a different account.
Row #{0}:Quantity for Item {1} cannot be zero.
Row #{1}: Warehouse is mandatory for stock Item {0}
Row #{idx}: Cannot select Supplier Warehouse while suppling raw materials to subcontractor.
Row #{idx}: Item rate has been updated as per valuation rate since its an internal stock transfer.
Row #{idx}: Please enter a location for the asset item {item_code}.
Row #{idx}: Received Qty must be equal to Accepted + Rejected Qty for Item {item_code}.
Row #{idx}: {field_label} can not be negative for item {item_code}.
Row #{idx}: {field_label} is mandatory.
Row #{idx}: {from_warehouse_field} and {to_warehouse_field} cannot be same.
Row #{idx}: {schedule_date} cannot be before {transaction_date}.
Row #{}: Currency of {} - {} doesn't matches company currency.
Row #{}: Either Party ID or Party Name is required
Row #{}: Fieldname is required
Row #{}: Finance Book should not be empty since you're using multiple.
Row #{}: POS Invoice {} has been {}
Row #{}: POS Invoice {} is not against customer {}
Row #{}: POS Invoice {} is not submitted yet
Row #{}: Party ID is required
Row #{}: Please assign task to a member.
Row #{}: Please use a different Finance Book.
Row #{}: Serial No {} cannot be returned since it was not transacted in original invoice {}
Row #{}: The original Invoice {} of return invoice {} is not consolidated.
Row #{}: You cannot add positive quantities in a return invoice. Please remove item {} to complete the return.
Row #{}: item {} has been picked already.
Row #{}: {}
Row #{}: {} {} does not exist.
Row #{}: {} {} doesn't belong to Company {}. Please select valid {}.
Row Format
Row Indexes
Row Name
Row No {0}: Amount cannot be greater than the Outstanding Amount against Expense Claim {1}. Outstanding Amount is {2}
Row No {0}: Warehouse is required. Please set a Default Warehouse for Item {1} and Company {2}
Row Values Changed
Row {0}
Row {0} : Operation is required against the raw material item {1}
Row {0} picked quantity is less than the required quantity, additional {1} {2} required.
Row {0}# Allocated amount {1} cannot be greater than unclaimed amount {2}
Row {0}# Item {1} not found in 'Raw Materials Supplied' table in {2} {3}
Row {0}# Paid Amount cannot be greater than Encashment amount
Row {0}# Paid Amount cannot be greater than Total amount
Row {0}# Paid Amount cannot be greater than requested advance amount
Row {0}: Accepted Qty and Rejected Qty can't be zero at the same time.
Row {0}: Account {1} and Party Type {2} have different account types
Row {0}: Activity Type is mandatory.
Row {0}: Advance against Customer must be credit
Row {0}: Advance against Supplier must be debit
Row {0}: Allocated amount {1} must be less than or equal to invoice outstanding amount {2}
Row {0}: Allocated amount {1} must be less than or equal to remaining payment amount {2}
Row {0}: As {1} is enabled, raw materials cannot be added to {2} entry. Use {3} entry to consume raw materials.
Row {0}: Bill of Materials not found for the Item {1}
Row {0}: Both Debit and Credit values cannot be zero
Row {0}: Consumed Qty {1} {2} must be less than or equal to Available Qty For Consumption|||					{3} {4} in Consumed Items Table.
Row {0}: Conversion Factor is mandatory
Row {0}: Cost Center {1} does not belong to Company {2}
Row {0}: Cost center is required for an item {1}
Row {0}: Credit entry can not be linked with a {1}
Row {0}: Currency of the BOM #{1} should be equal to the selected currency {2}
Row {0}: Debit entry can not be linked with a {1}
Row {0}: Delivery Warehouse ({1}) and Customer Warehouse ({2}) can not be same
Row {0}: Delivery Warehouse cannot be same as Customer Warehouse for Item {1}.
Row {0}: Due Date in the Payment Terms table cannot be before Posting Date
Row {0}: Either Delivery Note Item or Packed Item reference is mandatory.
Row {0}: Exchange Rate is mandatory
Row {0}: Expected Value After Useful Life cannot be negative
Row {0}: Expected Value After Useful Life must be less than Net Purchase Amount
Row {0}: Expense Account {1} is linked to company {2}. Please select an account belonging to company {3}.
Row {0}: Expense Head changed to {1} as no Purchase Receipt is created against Item {2}.
Row {0}: Expense Head changed to {1} because account {2} is not linked to warehouse {3} or it is not the default inventory account
Row {0}: Expense Head changed to {1} because expense is booked against this account in Purchase Receipt {2}
Row {0}: For Supplier {1}, Email Address is Required to send an email
Row {0}: From (Year) can not be greater than To (Year)
Row {0}: From Time and To Time is mandatory.
Row {0}: From Time and To Time of {1} is overlapping with {2}
Row {0}: From Warehouse is mandatory for internal transfers
Row {0}: From time must be less than to time
Row {0}: Goal Score cannot be greater than {1}
Row {0}: Hours value must be greater than zero.
Row {0}: Invalid reference {1}
Row {0}: Item Tax template updated as per validity and rate applied
Row {0}: Item rate has been updated as per valuation rate since its an internal stock transfer
Row {0}: Item {1} must be a stock item.
Row {0}: Item {1} must be a subcontracted item.
Row {0}: Item {1} must be linked to a {2}.
Row {0}: Item {1}'s quantity cannot be higher than the available quantity.
Row {0}: Not allowed to disable Mandatory for standard fields
Row {0}: Not allowed to enable Allow on Submit for standard fields
Row {0}: Operation time should be greater than 0 for operation {1}
Row {0}: Packed Qty must be equal to {1} Qty.
Row {0}: Packing Slip is already created for Item {1}.
Row {0}: Paid amount {1} is greater than pending accrued amount {2} against loan {3}
Row {0}: Party / Account does not match with {1} / {2} in {3} {4}
Row {0}: Party Type and Party is required for Receivable / Payable account {1}
Row {0}: Payment Term is mandatory
Row {0}: Payment against Sales/Purchase Order should always be marked as advance
Row {0}: Please check 'Is Advance' against Account {1} if this is an advance entry.
Row {0}: Please provide a valid Delivery Note Item or Packed Item reference.
Row {0}: Please select a BOM for Item {1}.
Row {0}: Please select an active BOM for Item {1}.
Row {0}: Please select an valid BOM for Item {1}.
Row {0}: Please set at Tax Exemption Reason in Sales Taxes and Charges
Row {0}: Please set the Mode of Payment in Payment Schedule
Row {0}: Please set the correct code on Mode of Payment {1}
Row {0}: Project must be same as the one set in the Timesheet: {1}.
Row {0}: Purchase Invoice {1} has no stock impact.
Row {0}: Qty cannot be greater than {1} for the Item {2}.
Row {0}: Qty in Stock UOM can not be zero.
Row {0}: Qty must be greater than 0.
Row {0}: Quantity cannot be negative.
Row {0}: Quantity not available for {4} in warehouse {1} at posting time of the entry ({2} {3})
Row {0}: Sales Invoice {1} is already created for {2}
Row {0}: Shift cannot be changed since the depreciation has already been processed
Row {0}: Subcontracted Item is mandatory for the raw material {1}
Row {0}: Target Warehouse is mandatory for internal transfers
Row {0}: Task {1} does not belong to Project {2}
Row {0}: The entire expense amount for account {1} in {2} has already been allocated.
Row {0}: The item {1}, quantity must be positive number
Row {0}: The {3} Account {1} does not belong to the company {2}
Row {0}: To set {1} periodicity, difference between from and to date must be greater than or equal to {2}
Row {0}: Transferred quantity cannot be greater than the requested quantity.
Row {0}: UOM Conversion Factor is mandatory
Row {0}: Warehouse is required
Row {0}: Warehouse {1} is linked to company {2}. Please select a warehouse belonging to company {3}.
Row {0}: Workstation or Workstation Type is mandatory for an operation {1}
Row {0}: user has not applied the rule {1} on the item {2}
Row {0}: {1}
Row {0}: {1} account already applied for Accounting Dimension {2}
Row {0}: {1} is required in the expenses table to book an expense claim.
Row {0}: {1} must be greater than 0
Row {0}: {1} {2} cannot be same as {3} (Party Account) {4}
Row {0}: {1} {2} does not match with {3}
Row {0}: {1} {2} is linked to company {3}. Please select a document belonging to company {4}.
Row {0}: {2} Item {1} does not exist in {2} {3}
Row {1}: Quantity ({0}) cannot be a fraction. To allow this, disable '{2}' in UOM {3}.
Row {idx}: Asset Naming Series is mandatory for the auto creation of assets for item {item_code}.
Row({0}): Outstanding Amount cannot be greater than actual Outstanding Amount {1} in {2}
Row({0}): {1} is already discounted in {2}
Rows Added
Rows Added in {0}
Rows Removed
Rows Removed in {0}
Rows Threshold for Grid Search
Rows with Same Account heads will be merged on Ledger
Rows with duplicate due dates in other rows were found: {0}
Rows: {0} have 'Payment Entry' as reference_type. This should not be set manually.
Rows: {0} in {1} section are Invalid. Reference Name should point to a valid Payment Entry or Journal Entry.
Rule
Rule Applied
Rule Conditions
Rule Description
Rule for this doctype, role, permlevel and if-owner combination already exists.
Rules
Rules defining transition of state in the workflow.
Rules for how states are transitions, like next state and which role is allowed to change state etc.
Rules with higher priority number will be applied first.
Run Jobs only Daily if Inactive For (Days)
Run parallel job cards in a workstation
Run scheduled jobs only if checked
Running
Runtime in Minutes
Runtime in Seconds
S.O. No.
SABB-.########
SAL-CAM-.YYYY.-
SAL-ORD-.YYYY.-
SAL-QTN-.YYYY.-
SC-ORD-.YYYY.-
SCI-ORD-.YYYY.-
SCIO Detail
SCO Supplied Item
SER-WRN-.YYYY.-
SF.YY.-.######
SLA Fulfilled On
SLA Fulfilled On Status
SLA Paused On
SLA is on hold since {0}
SLA will be applied if {1} is set as {2}{3}
SLA will be applied on every {0}
SMS
SMS Center
SMS sent successfully
SMS was not sent. Please contact Administrator.
SMTP Server is required
SO Qty
SO Total Qty
SQL Conditions. Example: {"status" : "open", "priority" : "medium"}
SQL Explain
SQL Output
SQL Queries
SQL functions are not allowed as strings in SELECT: {0}. Use dict syntax like {{'COUNT': '*'}} instead.
SSL/TLS Mode
STATEMENT OF ACCOUNTS
STO-ITEM-.YYYY.-
STO-PICK-.YYYY.-
STT
SUCCESS
SUCCESS,FAILURE
SUCCESS,FAILURE,DELAY
SUP-.YYYY.-
SWATCHES
SWIFT Number
SWIFT number
Salary
Salary Component 
Salary Component Account
Salary Component Based
Salary Component Type
Salary Component for timesheet based payroll.
Salary Component {0} cannot be selected more than once in Employee Benefits
Salary Component {0} is currently not used in any Salary Structure.
Salary Component {0} must be of type 'Earning' to be used in Employee Benefit Ledger
Salary Currency
Salary Detail
Salary Details
Salary Expectation
Salary Mode
Salary Paid Per
Salary Payments Based On Payment Mode
Salary Payments via ECS
Salary Range
Salary Slip Based on Timesheet
Salary Slip ID
Salary Slip Leave
Salary Slip Loan
Salary Slip Reference
Salary Slip Timesheet
Salary Slip already exists for {0} for the given dates
Salary Slip creation is queued. It may take a few minutes
Salary Slip not found.
Salary Slip of employee {0} already created for this period
Salary Slip of employee {0} already created for time sheet {1}
Salary Slip submission is queued. It may take a few minutes
Salary Slip {0} failed for Payroll Entry {1}
Salary Slip {0} failed. You can resolve the {1} and retry {0}.
Salary Slips already exist for employees {}, and will not be processed by this payroll.
Salary Slips submitted for period from {0} to {1}
Salary Structure Assignment field
Salary Structure Assignment for Employee already exists
Salary Structure Assignment not found for employee {0} on date {1}
Salary Structure Missing
Salary Structure must be submitted before submission of {0}
Salary Structure not assigned for employee {0} for date {1}
Salary Structure {0} does not belong to company {1}
Salary Structures updated successfully
Salary Withholding
Salary Withholding Cycle
Salary Withholding {0} already exists for employee {1} for the selected period
Salary already processed for period between {0} and {1}, Leave application period cannot be between this date range.
Salary breakup based on Earning and Deduction.
Salary components of type Provident Fund, Additional Provident Fund or Provident Fund Loan are not set up.
Salary components should be part of the Salary Structure.
Salary slip emails have been enqueued for sending. Check {0} for status.
Sales
Sales Account
Sales Contributions and Incentives
Sales Defaults
Sales Expenses
Sales Forecast Item
Sales Incoming Rate
Sales Invoice Reference
Sales Invoice Transactions
Sales Invoice Trends
Sales Invoice does not have Payments
Sales Invoice is already consolidated
Sales Invoice is not created using POS
Sales Invoice is not submitted
Sales Invoice isn't created by user {}
Sales Invoice mode is activated in POS. Please create Sales Invoice instead.
Sales Invoice {0} has already been submitted
Sales Invoice {0} must be deleted before cancelling this Sales Order
Sales Master Manager
Sales Monthly History
Sales Opportunities by Campaign
Sales Opportunities by Medium
Sales Opportunities by Source
Sales Order Item
Sales Order Packed Item
Sales Order Reference
Sales Order Schedule
Sales Order Status
Sales Order Trends
Sales Order required for Item {0}
Sales Order {0} already exists against Customer's Purchase Order {1}. To allow multiple Sales Orders, Enable {2} in {3}
Sales Order {0} is not submitted
Sales Order {0} is not valid
Sales Order {0} is {1}
Sales Orders
Sales Orders Required
Sales Orders to Bill
Sales Orders to Deliver
Sales Partner 
Sales Partner Commission Summary
Sales Partner Item
Sales Partner Name
Sales Partner Target
Sales Partner Target Variance based on Item Group
Sales Partner Transaction Summary
Sales Partners Commission
Sales Payment Summary
Sales Person <b>{0}</b> is disabled.
Sales Person Commission Summary
Sales Person Name
Sales Person Target Variance Based On Item Group
Sales Person Targets
Sales Person-wise Transaction Summary
Sales Pipeline Analytics
Sales Pipeline by Stage
Sales Price List
Sales Tax Withholding Category
Sales Update Frequency in Company and Project
Sales Value
Sales and Returns
Sales orders are not available for production
Sales without complexity, lock-in and per-user costs. Try it for free!
Salesforce
Salutation
Same Company is entered more than once
Same Field is entered more than once
Same item and warehouse combination already entered.
Same item cannot be entered multiple times.
Same supplier has been entered multiple times
Sample Quantity
Sample Retention Stock Entry
Sample quantity {0} cannot be more than received quantity {1}
Sanctioned
Sanctioned Amount (Company Currency)
Sanctioned Amount cannot be greater than Claim Amount in Row {0}.
Save Anyway
Save As
Save Changes and Load New Invoice
Save Customizations
Save Report
Save filters
Save on Completion
Save the document.
Saved Filters
Saving Changes...
Saving Customization...
Saving Sidebar
Saving this will export this document as well as the steps linked here as json.
Saving...
Savings
Scan
Scan Batch No
Scan Job Card Qrcode
Scan Mode
Scan QRCode
Scan Serial No
Scan barcode for item {0}
Scan mode enabled, existing quantity will not be fetched.
Scan the QR Code and enter the resulting code displayed.
Scanned Cheque
Scanned Quantity
Schedule Name
Schedule Send At
Scheduled Against
Scheduled Date
Scheduled On
Scheduled Time
Scheduled Time Logs
Scheduled execution for script {0} has updated
Scheduled to send
Scheduler Event
Scheduler Inactive
Scheduler can not be re-enabled when maintenance mode is active.
Scheduler is Inactive. Can't trigger job now.
Scheduler is Inactive. Can't trigger jobs now.
Scheduler is inactive. Cannot enqueue job.
Scheduler is inactive. Cannot import data.
Scheduler is inactive. Cannot merge accounts.
Scheduler: Active
Scheduler: Inactive
Schedules
Scheduling
Scheduling...
School/University
Scopes
Scopes Supported
Score Earned
Score must be less than or equal to 5
Scorecard Actions
Scorecard variables can be used, as well as:|||{total_score} (the total score from that period),|||{period_number} (the number of periods to present day)|||
Scorecards
Scores
Scoring Criteria
Scoring Setup
Scoring Standings
Scrap Asset
Scrap date cannot be before purchase date
Scrapped
Script
Script Manager
Script to attach to all web pages.
Scripting
Scripting / Style
Scripts
Search Bar
Search Help
Search Priorities
Search Sub Assemblies
Search Term Param Name
Search by customer name, phone, email.
Search by filename or extension
Search by invoice id or customer name
Search by item code, serial number or barcode
Search field {0} is not valid
Search fields
Search fieldtypes...
Search for Jobs
Search for anything
Search for countries...
Search for icons...
Search for {0}
Search in a document type
Search or type a command
Search properties...
Search results for
Search the docs (Press / to focus)
Search...
Searching ...
Second Email
Secondary Item Code
Secondary Item Name
Secondary Items
Secondary Items Cost
Secondary Items Cost (Company Currency)
Secondary Items Cost Per Qty
Secondary Items Generated
Secondary Party
Secondary Role
Section Break
Section Code
Section ID
Section must have at least one column
Secured Loans
Securities and Deposits
Security Alert: Your account is being impersonated
Security Settings
See All Articles
See all Activity
See all open tickets
See on Website
See previous responses
See the document at {0}
Seen
Seen By
Seen By Table
Segregate Serial / Batch Bundle
Select Accounting Dimension.
Select Alternate Item
Select Alternative Items for Sales Order
Select Applicable Components for Overtime Type
Select Attachments
Select Attribute Values
Select BOM
Select BOM and Qty for Production
Select BOM, Qty and For Warehouse
Select Batch No
Select Billing Address
Select Brand...
Select Child Table
Select Column
Select Columns
Select Columns and Filters
Select Company
Select Company Address
Select Corrective Operation
Select Customers By
Select Dashboard
Select Date Range
Select Date of Birth. This will validate Employees age and prevent hiring of under-age staff.
Select Date of joining. It will have impact on the first salary calculation, Leave allocation on pro-rata bases.
Select Default Supplier
Select Difference Account
Select Dimension
Select Dispatch Address 
Select DocType
Select Doctype
Select Document Type
Select Document Type or Role to start.
Select Document Types to set which User Permissions are used to limit access.
Select Employees
Select Field...
Select Fields
Select Fields (Up to {0})
Select Fields To Insert
Select Fields To Update
Select Filters
Select Finished Good
Select Google Calendar to which event should be synced.
Select Google Contacts to which contact should be synced.
Select Group By...
Select Interview Round First
Select Interview first
Select Items
Select Items based on Delivery Date
Select Items for Quality Inspection
Select Items to Manufacture
Select Items to Receive
Select Items up to Delivery Date
Select Job Worker Address
Select Kanban
Select List View
Select Loyalty Program
Select Mandatory
Select Module
Select Month for LWP Reversal
Select Network Printer
Select Page
Select Payment Account to make Bank Entry
Select Payment Schedule
Select Payroll Frequency.
Select Possible Supplier
Select Print Format
Select Print Format to Edit
Select Property
Select Quantity
Select Report
Select Serial No
Select Serial and Batch
Select Shift Requests
Select Shipping Address
Select Supplier Address
Select Table Columns for {0}
Select Target Warehouse
Select Terms and Conditions
Select Time
Select Time Zone
Select Transaction
Select Users
Select View
Select Vouchers to Match
Select Warehouse...
Select Warehouses to get Stock for Materials Planning
Select Workflow
Select Workspace
Select a Brand Image first.
Select a Company
Select a Company this Employee belongs to.
Select a Customer
Select a Default Priority.
Select a DocType to make a new format
Select a Payment Method.
Select a Supplier
Select a company
Select a field to edit its properties.
Select a group {0} first.
Select a valid Sender Field for creating documents from Email
Select a valid Subject field for creating documents from Email
Select an Image
Select an Item Group.
Select an account to print in account currency
Select an employee to get the employee advance.
Select an existing format to edit or start a new format.
Select an image of approx width 150px with a transparent background for best results.
Select an invoice to load summary data
Select an item from each set to be used in the Sales Order.
Select at least one value from each of the attributes.
Select atleast 1 record for printing
Select atleast 2 actions
Select company first
Select company name first.
Select finance book for the item {0} at row {1}
Select if any of the days selected for request are holidays
Select item group
Select list item
Select multiple list items
Select or drag across time slots to create a new event.
Select records for assignment
Select records for removing assignment
Select template item
Select the Bank Account to reconcile.
Select the Default Workstation where the Operation will be performed. This will be fetched in BOMs and Work Orders.
Select the Employee for which you want to allocate leaves.
Select the Employee.
Select the Item to be manufactured.
Select the Item to be manufactured. The Item name, UoM, Company, and Currency will be fetched automatically.
Select the Leave Type like Sick leave, Privilege Leave, Casual Leave, etc.
Select the Warehouse
Select the customer or supplier.
Select the date
Select the date after which this Leave Allocation will expire.
Select the date and your timezone
Select the date from which this Leave Allocation will be valid.
Select the end date for your Leave Application.
Select the label after which you want to insert new field.
Select the raw materials (Items) required to manufacture the Item
Select the salary components whose total will be used from the salary slip to calculate the hourly overtime rate.
Select the start date for your Leave Application.
Select this if you want shift assignments to be automatically created indefinitely.
Select two versions to view the diff.
Select type of leave the employee wants to apply for, like Sick Leave, Privilege Leave, Casual Leave, etc.
Select variant item code for the template item {0}
Select whether to get items from a Sales Order or a Material Request. For now select <b>Sales Order</b>.||| A Production Plan can also be created manually where you can select the Items to manufacture.
Select whether to get items from a Sales Order or a Material Request. For now select <b>Sales Order</b>.|||| A Production Plan can also be created manually where you can select the Items to manufacture.
Select which delivery events should trigger a delivery status notification (DSN) from the SMTP server.
Select your Leave Approver i.e. the person who approves or rejects your leaves.
Select your weekly off day
Select {0}
Select, to make the customer searchable with these fields
Selected POS Opening Entry should be open.
Selected Price List should have buying and selling fields checked.
Selected Print Format does not exist.
Selected Serial and Batch Bundle entries have been fixed.
Selected Vouchers
Selected date is
Selected document must be in submitted state
Selected employee advance is not of employee {0}
Selected employee advance is not of employee {}
Self Appraisal Pending: {0}
Self Appraisal Score
Self Score
Self approval is not allowed
Self delivery
Self-Study
Self-approval for Expense Claims is not allowed
Self-approval for leaves is not allowed
Sell
Sell Asset
Sell Qty
Sell quantity cannot exceed the asset quantity
Sell quantity cannot exceed the asset quantity. Asset {0} has only {1} item(s).
Sell quantity must be greater than zero
Selling Amount
Selling Rate
Selling must be checked, if Applicable For is selected as {0}
Semi Finished Good / Finished Good
Semi Finished Goods / Finished Goods
Seminar
Send <b>at the earliest</b> this number of minutes before or after the reference datetime. The actual sending may be delayed by up to 5 minutes due to the scheduler's trigger cadence.
Send After
Send After (days)
Send As Raw HTML
Send Attached Files
Send Document Print
Send Email On State
Send Email Print Attachments as PDF (Recommended)
Send Email To Creator
Send Emails
Send Emails At
Send Emails to Suppliers
Send Exit Questionnaire
Send Exit Questionnaires
Send Interview Feedback Reminder
Send Interview Reminder
Send Leave Notification
Send Me A Copy of Outgoing Emails
Send Notification to
Send Notifications For Documents Followed By Me
Send Notifications For Email Threads
Send Print as PDF
Send Read Receipt
Send System Notification
Send To
Send To All Assignees
Send To Primary Contact
Send alert if date matches this field's value
Send alert if datetime matches this field's value
Send alert if this field's value changes
Send an email reminder in the morning
Send days before or after the reference date
Send email when document transitions to the state.
Send enquiries to this email address
Send login link
Send me a copy
Send only if there is any data
Send regular summary reports via Email.
Send unsubscribe message in email
Send with Attachment
Sender
Sender Copy
Sender Email
Sender Field should have Email in options
Sender Name
Sendgrid
Sending
Sending Failed due to missing email information for employee(s): {1}
Sent Folder Name
Sent On
Sent Read Receipt
Sent Successfully: {0}
Sent To
Sent or Received
Sent/Received Email
Sep
Separation Activities
Separation Begins On
Separator
Sequence Id
Sequential
Serial & Batch Item
Serial & Batch Item Settings
Serial / Batch
Serial / Batch Bundle
Serial / Batch Bundle Missing
Serial / Batch No
Serial / Batch Nos
Serial No (In/Out)
Serial No / Batch
Serial No Already Assigned
Serial No Count
Serial No Range
Serial No Reserved
Serial No Series Overlap
Serial No Service Contract Expiry
Serial No Status
Serial No Warranty Expiry
Serial No and Batch
Serial No and Batch Selector cannot be use when Use Serial / Batch Fields is enabled.
Serial No and Batch Traceability
Serial No is mandatory
Serial No is mandatory for Item {0}
Serial No {0} already exists
Serial No {0} already scanned
Serial No {0} does not belong to Delivery Note {1}
Serial No {0} does not belong to Item {1}
Serial No {0} does not exist
Serial No {0} does not exists
Serial No {0} is already Delivered. You cannot use them again in Manufacture / Repack entry.
Serial No {0} is already added
Serial No {0} is already assigned to customer {1}. Can only be returned against the customer {1}
Serial No {0} is not present in the {1} {2}, hence you can't return it against the {1} {2}
Serial No {0} is under maintenance contract upto {1}
Serial No {0} is under warranty upto {1}
Serial No {0} not found
Serial No: {0} has already been transacted into another POS Invoice.
Serial Nos
Serial Nos / Batch Nos
Serial Nos and Batches
Serial Nos are created successfully
Serial Nos are reserved in Stock Reservation Entries, you need to unreserve them before proceeding.
Serial Nos {0} are already Delivered. You cannot use them again in Manufacture / Repack entry.
Serial Number Series
Serial and Batch
Serial and Batch Bundle
Serial and Batch Bundle created
Serial and Batch Bundle updated
Serial and Batch Bundle {0} is already used in {1} {2}.
Serial and Batch Bundle {0} is not submitted
Serial and Batch Details
Serial and Batch Entry
Serial and Batch No
Serial and Batch No for Item Disabled
Serial and Batch Nos
Serial and Batch Nos will be auto-reserved based on <b>Pick Serial / Batch Based On</b>
Serial and Batch Reservation
Serial and Batch Summary
Serial number {0} entered more than once
Serial numbers unavailable for Item {0} under warehouse {1}. Please try changing warehouse.
Series
Series List for this Transaction
Series Updated for {}
Series counter for {} updated to {} successfully
Series for Asset Depreciation Entry (Journal Entry)
Series is mandatory
Series {0} already used in {1}
Server Action
Server IP
Server Scripts are disabled. Please enable server scripts from bench configuration.
Server Scripts feature is not available on this site.
Server error during upload. The file might be corrupted.
Server failed to process this request because of a concurrent conflicting request. Please try again.
Server was too busy to process this request. Please try again.
Service
Service Address
Service Cost Per Qty
Service Day
Service Details
Service Expense
Service Expense Account
Service Expense Total Amount
Service Expenses
Service Item Qty / Finished Good Qty
Service Item UOM
Service Item {0} is disabled.
Service Item {0} must be a non-stock item.
Service Items
Service Level Agreement Creation
Service Level Agreement Details
Service Level Agreement Status
Service Level Agreement for {0} {1} already exists.
Service Level Agreement has been changed to {0}.
Service Level Agreement was reset.
Service Level Agreements
Service Provider
Service Stop Date
Service Stop Date cannot be after Service End Date
Service Stop Date cannot be before Service Start Date
Services
Session Created
Session Default Settings
Session Defaults
Session Defaults Saved
Session Expiry (idle timeout)
Session Expiry must be in format {0}
Sessions
Set "From(Year)" and "To(Year)" to 0 for no upper and lower limit.
Set Accepted Warehouse
Set Advances and Allocate (FIFO)
Set Assignment Details
Set Banner from Image
Set Chart
Set Default Options for all charts on this Dashboard (Ex: "colors": ["#d1d8dd", "#ff5858"])
Set Default Supplier
Set Delivery Warehouse
Set Dynamic Filters
Set Filters
Set Filters for {0}
Set Finished Good Quantity
Set From Warehouse
Set Grand Total to Default Payment Method
Set Incoming Rate as Zero for Expired Batch
Set Item Group-wise budgets on this Territory. You can also include seasonality by setting the Distribution.
Set Landed Cost Based on Purchase Invoice Rate
Set Leave Details
Set Level
Set Limit
Set Loyalty Program
Set Naming Series options on your transactions.
Set New Password
Set New Release Date
Set Number of Backups
Set Operating Cost / Secondary Items From Sub-assemblies
Set Operating Cost Based On BOM Quantity
Set Parent Row No in Items Table
Set Password
Set Permissions
Set Posting Date
Set Process Loss Item Quantity
Set Project Status
Set Project and all Tasks to status {0}?
Set Properties
Set Property After Alert
Set Quantity
Set Relieving Date for Employee: {0}
Set Response Time for Priority {0} in row {1}.
Set Role For
Set Serial and Batch Bundle Naming Based on Naming Series
Set Source Warehouse
Set Supplier
Set Target Warehouse
Set Valuation Rate Based on Source Warehouse
Set Valuation Rate for Rejected Materials
Set Value
Set Warehouse
Set all private
Set all public
Set as Closed
Set as Completed
Set as Default
Set as Default Theme
Set as Lost
Set as Open
Set by Item Tax Template
Set by user
Set default inventory account for perpetual inventory
Set default {0} account for non stock items
Set dynamic filter values in JavaScript for the required fields here.
Set fieldname from which you want to fetch the data from the parent form.
Set filters to fetch employees
Set non-standard precision for a Float or Currency field
Set non-standard precision for a Float, Currency or Percent field
Set only once
Set opening balances for earnings and taxes from the previous employer
Set optional filters to fetch employees in the appraisee list
Set quantity of process loss item:
Set rate of sub-assembly item based on BOM
Set size in MB
Set targets Item Group-wise for this Sales Person.
Set the Planned Start Date (an Estimated Date at which you want the Production to begin)
Set the default account for the {0} {1}
Set the filters here. For example:|||<pre class="small text-muted"><code>|||[{|||	fieldname: "company",|||	label: __("Company"),|||	fieldtype: "Link",|||	options: "Company",|||	default: frappe.defaults.get_user_default("Company"),|||	reqd: 1|||},|||{|||	fieldname: "account",|||	label: __("Account"),|||	fieldtype: "Link",|||	options: "Account",|||	reqd: 1|||}]|||</code></pre>
Set the frequency for holiday reminders
Set the path to a whitelisted function that will return the data for the number card in the format:||||||<pre class="small text-muted"><code>|||{|||	"value": value,|||	"fieldtype": "Currency",|||	"route_options": {"from_date": "2023-05-23"},|||	"route": ["query-report", "Permitted Documents For User"]|||}</code></pre>
Set the properties that should be updated in the Employee master on promotion submission
Set the status manually.
Set the status to {0} if required.
Set this if the customer is a Public Administration company.
Set this value to 0 to disable the feature.
Set {0} for selected employees
Set {0} in asset category {1} for company {2}
Set {0} in asset category {1} or company {2}
Set {0} in company {1}
Sets 'Accepted Warehouse' in each row of the Items table.
Sets 'Rejected Warehouse' in each row of the Items table.
Sets 'Reserve Warehouse' in each row of the Supplied Items table.
Sets 'Source Warehouse' in each row of the items table.
Sets 'Target Warehouse' in each row of the items table.
Sets 'Warehouse' in each row of the Items table.
Setting
Setting Account Type helps in selecting this Account in transactions.
Setting Events to {0}, since the Employee attached to the below Sales Persons does not have a User ID{1}
Setting Item Locations...
Setting defaults
Setting the account as a Company Account is necessary for Bank Reconciliation
Setting this Address Template as default as there is no other default
Setting up Global Search documents.
Setting up Vietnam localization
Setting up company
Setting up your system
Setting {0} is required
Settings Dropdown
Settings Missing
Settings for Contact Us Page
Settings for Selling Module
Settings for the About Us Page
Settle all Payables and Receivables before submission
Setup > Customize Form
Setup > User
Setup > User Permissions
Setup Auto Email
Setup Series for transactions
Setup failed
Setup your organization
Share Balance
Share Ledger
Share Transfer
Share Type
Share With
Share this document with
Share {0} with
Shared
Shared document with the user {0} with 'Submit' permission
Shared with the following Users with Read access:{0}
Shelf Life In Days
Shelf Life in Days
Shift Actual End
Shift Actual End Time
Shift Actual Start
Shift Actual Start Time
Shift Assignment Details
Shift Assignment Tool
Shift Assignment: {0} created for Employee: {1}
Shift Assignments created for the schedule between {0} and {1} via background job
Shift Attendance
Shift Details
Shift End Time
Shift Factor
Shift Location
Shift Name
Shift Request Approver
Shift Request Filters
Shift Requests ending before this date will be excluded.
Shift Requests starting after this date will be excluded.
Shift Schedule Assignment
Shift Settings
Shift Start Time
Shift Status
Shift Time (In Hours)
Shift Timings
Shift Tools
Shift and Attendance
Shift assignments for {0} after {1} are already created. Please change {2} date to a date later than {3} {4}
Shift has been successfully updated to {0}.
Shipment Amount
Shipment Delivery Note
Shipment ID
Shipment Information
Shipment Parcel
Shipment Parcel Template
Shipment Type
Shipment details
Shipments
Shipping Account
Shipping Address Details
Shipping Address Template
Shipping Address does not belong to the {0}
Shipping Address does not have country, which is required for this Shipping Rule
Shipping Rule Conditions
Shipping Rule Label
Shipping Rule Type
Shipping rule not applicable for country {0} in Shipping Address
Shipping rule only applicable for Buying
Shipping rule only applicable for Selling
Short biography for website and other publications.
Short keyboard patterns are easy to guess
Short-term Investments
Short-term Provisions
Shortage Qty
Show Absolute Datetime in Timeline
Show Absolute Values
Show Aggregate Value from Subsidiary Companies
Show Arrow
Show Auth Server Metadata
Show Balances in Chart Of Accounts
Show Barcode Field in Stock Transactions
Show Calendar
Show Cancelled Entries
Show Completed
Show Credit / Debit in Company Currency
Show Cumulative Amount
Show Currency Symbol on Right Side
Show Dashboard
Show Description on Click
Show Dimension Wise Stock
Show Disabled Items
Show Disabled Warehouses
Show Employee
Show Error
Show External Link Warning
Show Failed Logs
Show Fieldname (click to copy on clipboard)
Show First Document Tour
Show Form Tour
Show Full Error and Allow Reporting of Issues to the Developer
Show Full Form?
Show Full Number
Show Future Payments
Show GL Balance
Show Group Accounts
Show In Website
Show Inclusive Tax in Print
Show Item Name
Show Items
Show Keyboard Shortcuts
Show Labels
Show Language Picker
Show Latest Forum Posts
Show Leave Balances in Salary Slip
Show Leaves Of All Department Members In Calendar
Show Ledger View
Show Line Breaks after Sections
Show Linked Delivery Notes
Show Links
Show Net Values in Party Account
Show Only Failed Logs
Show Open
Show Opening and Closing Balance
Show Operations
Show Pay Button in Purchase Order Portal
Show Payment Details
Show Payment Schedule in Print
Show Permissions
Show Preview
Show Processlist
Show Protected Resource Metadata
Show Related Errors
Show Remarks
Show Report
Show Return Entries
Show Salary Slip
Show Sales Person
Show Section Headings
Show Social Login Key as Authorization Server
Show Stock Ageing Data
Show Tags
Show Taxes as Table in Print
Show Title
Show Title in Link Fields
Show Totals
Show Tour
Show Traceback
Show Values over Chart
Show Variant Attributes
Show Variants
Show Warehouse-wise Stock
Show Warnings
Show Weekends
Show account deletion link in My Account page
Show all Versions
Show all activity
Show as cc
Show attachments
Show availability of exploded items
Show footer on login
Show full form instead of a quick entry modal
Show in Bucket View
Show in Module Section
Show in Resource Metadata
Show in Website
Show in filter
Show link to document
Show list
Show more details
Show negative values as positive (for expenses in P&L)
Show net values in opening and closing columns
Show on Timeline
Show only POS
Show only the Immediate Upcoming Term
Show pending entries
Show percentage difference according to this time interval
Show sidebar
Show title in browser window as "Prefix - title"
Show unclosed fiscal year's P&L balances
Show with upcoming revenue/expense
Show zero values
Show {0}
Show {0} List
Showing only Numeric fields from Report
Showing only first {0} rows out of {1}
Sidebar Item Group
Sidebar Item Group Link
Sidebar and Comments
Sign Up and Confirmation
Sign Up is disabled
Sign up
Sign ups
Signatory Position
Signed
Signed By (Company)
Signed On
Signed XML
Signee
Signee (Company)
Signee Details
Signup Disabled
Signups have been disabled for this website.
Similar types of workstations where the same operations run in parallel.
Simple Python Expression, Example: <code class="language-python">status == "Invalid"</code>
Simple Python Expression, Example: <code class="language-python">status == 'Open' and issue_type == 'Bug'</code>
Simple Python Expression, Example: <code class="language-python">status in ("Closed", "Cancelled")</code>
Simple Python Expression, Example: doc.status == 'Open' and doc.issue_type == 'Bug'
Simple Python Expression, Example: territory != 'All Territories'
Simple Python formula applied on Reading fields.<br> Numeric eg. 1: <b>reading_1 &gt; 0.2 and reading_1 &lt; 0.5</b><br>|||Numeric eg. 2: <b>mean &gt; 3.5</b> (mean of populated fields)<br>|||Value based eg.:  <b>reading_value in ("A", "B", "C")</b>
Simultaneous
Simultaneous Sessions
Since there is a process loss of {0} units for the finished good {1}, you should reduce the quantity by {0} units for the finished good {1} in the Items Table.
Since you have enabled 'Track Semi Finished Goods', at least one operation must have 'Is Final Finished Good' checked. For that set the FG / Semi FG Item as {0} against an operation.
Since {0} are Serial No/Batch No items, you cannot enable 'Recreate Stock Ledgers' in Repost Item Valuation.
Since {0} has 'Update Stock' disabled, you cannot create repost item valuation against it
Single Assignment
Single DocTypes cannot be customized.
Single Tier Program
Single Types have only one record no tables associated. Values are stored in tabSingles
Single Variant
Site is running in read only mode for maintenance or site update, this action can not be performed right now. Please try again later.
Size
Size (MB)
Size exceeds the maximum allowed file size.
Skill Assessment
Skill Name
Skip All
Skip Authorization
Skip Delivery Note
Skip Material Transfer to WIP
Skip Material Transfer to WIP Warehouse
Skip Step
Skipped {0} DocType(s):<br>{1}
Skipping Duplicate Column {0}
Skipping Salary Structure Assignment for the following employees, as Salary Structure Assignment records already exists against them. {0}
Skipping Untitled Column
Skipping column {0}
Skipping fixture syncing for doctype {0} from file {1}
Skipping {0} of {1}, {2}
Skype ID
Slack
Slack Webhook Error
Slack Webhook URL
Slideshow like display for the website
Slug
Small
Small Text
Smallest Currency Fraction Value
Smallest circulating fraction unit (coin). For e.g. 1 cent for USD and it should be entered as 0.01
Smoothing Constant
Snippet and more variables:  {0}
Social Link Settings
Social Link Type
Social Login Key
Social Login Provider
Social Logins
SocketIO Ping Check
SocketIO Transport Mode
Soft-Bounced
Software ID
Software Version
Sold
Sold by
Solid
Solvency Ratios
Some columns might get cut off when printing to PDF. Try to keep number of columns under 10.
Some mailboxes require a different Sent Folder Name e.g. "INBOX.Sent"
Some of the features might not work in your browser. Please update your browser to the latest version.
Some required Company details are missing. You don't have permission to update them. Please contact your System Manager.
Something went wrong
Something went wrong during the token generation. Click on {0} to generate a new one.
Something went wrong please try again
Something went wrong.
Sorry! I could not find what you were looking for.
Sorry! You are not permitted to view this page.
Sorry, this coupon code is no longer valid
Sorry, this coupon code's validity has expired
Sorry, this coupon code's validity has not started
Sort Ascending
Sort Descending
Sort Options
Sort field {0} must be a valid fieldname
Source Code
Source DocType
Source Document
Source Document Name
Source Document No
Source Document Type
Source Exchange Rate
Source Fieldname
Source Manufacture Entry
Source Stock Entry (Manufacture)
Source Stock Entry {0} belongs to Work Order {1}, not {2}. Please use a manufacture entry from the same Work Order.
Source Stock Entry {0} has no finished goods quantity
Source Warehouse Address
Source Warehouse Address Link
Source Warehouse is mandatory for the Item {0}.
Source Warehouse {0} must be same as Customer Warehouse {1} in the Subcontracting Inward Order.
Source and Rating
Source and Target Location cannot be same
Source and target shifts cannot be the same
Source and target warehouse cannot be same for row {0}
Source and target warehouse must be different
Source of Funds (Liabilities)
Source warehouse is mandatory for row {0}
Sourced by Supplier
South Africa VAT Account
South Africa VAT Settings
SparkPost
Spawns actions in a background job
Special Characters are not allowed
Special Characters except '-', '#', '.', '/', '{{' and '}}' not allowed in naming series {0}
Specify Exchange Rate to convert one currency into another
Specify a custom timeout, default timeout is 1500 seconds
Specify conditions to calculate shipping amount
Specify the domains or origins that are permitted to embed this form. Enter one domain per line (e.g., https://example.com). If no domains are specified, the form can only be embedded on the same origin.
Spending for Account {0} ({1}) between {2} and {3} has already exceeded the new allocated budget. Spent: {4}, Budget: {5}
Splash Image
Split Batch
Split Early Payment Discount Loss into Income and Tax Loss
Split From
Split Quantity must be less than Asset Quantity
Splitting {0} {1} into {2} rows as per Payment Terms
Sponsored Amount
Sr
Sr No.
Staffing Details
Staffing Plan {0} already exist for designation {1}
Stage
Stage Name
Stale Days should start from 1.
Standard Buying
Standard Description
Standard DocType can not be deleted.
Standard DocType cannot have default print format, use Customize Form
Standard Multiplier
Standard Not Set
Standard Permissions
Standard Print Format cannot be updated
Standard Print Style cannot be changed. Please duplicate to edit.
Standard Rated Expenses
Standard Reports cannot be deleted
Standard Reports cannot be edited
Standard Selling
Standard Sidebar Menu
Standard Tax Exemption Amount
Standard Template
Standard Terms and Conditions that can be added to Sales and Purchases. Examples: Validity of the offer, Payment Terms, Safety and Usage, etc.
Standard Web Forms can not be modified, duplicate the Web Form instead.
Standard rated supplies in {0}
Standard rich text editor with controls
Standard roles cannot be disabled
Standard roles cannot be renamed
Standard tax template that can be applied to all Purchase Transactions. This template can contain a list of tax heads and also other expense heads like "Shipping", "Insurance", "Handling", etc.
Standard tax template that can be applied to all Sales Transactions. This template can contain a list of tax heads and also other expense/income heads like "Shipping", "Insurance", "Handling" etc.
Standard user type {0} can not be deleted.
Standing Name
Start / Resume
Start Date Field
Start Date cannot be before the current date
Start Date should be lower than End Date
Start Merge
Start Reposting
Start Time can't be greater than or equal to End Time for {0}.
Start Year
Start Year and End Year are mandatory
Start a new discussion
Start and end dates not in a valid Payroll Period, cannot calculate {0}.
Start date cannot be greater than end date
Start date cannot be greater than end date.
Start date of current invoice's period
Start date should be less than end date for Item {0}
Start date should be less than end date for task {0}
Start date: {0}
Start entering data below this line
Start new Format
Start time and end time cannot be same.
StartTLS
Started
Started At
Started a background job to create {1} {0}. {2}
Starting Frappe ...
Starting location from left edge
Starting position from top edge
Starts on
State Properties
State/Province
States
Static Parameters
Statistical Component
Stats
Stats Time Interval
Status Details
Status Illustration
Status Updated
Status Updated. The email will be picked up in the next scheduled run.
Status and Reference
Status for Other Half
Status must be Cancelled or Completed
Status must be one of {0}
Status set to rejected as there are one or more rejected readings.
Status: {0}
Statutory info and other general information about your Supplier
Step
Steps
Steps to verify your login
Stock Ageing
Stock Analytics
Stock Asset Account
Stock Assets
Stock Available
Stock Capacity
Stock Closing
Stock Closing Balance
Stock Closing Entry {0} already exists for the selected date range
Stock Closing Entry {0} has been queued for processing, system will take sometime to complete it.
Stock Closing Log
Stock Details
Stock Entries already created for Work Order {0}: {1}
Stock Entry (Outward GIT)
Stock Entry Child
Stock Entry Item
Stock Entry has been already created against this Pick List
Stock Entry {0} created
Stock Entry {0} has created
Stock Entry {0} is not submitted
Stock Expenses
Stock Frozen Up To
Stock Items
Stock Ledger Entries and GL Entries are reposted for the selected Purchase Receipts
Stock Ledger ID
Stock Ledger Invariant Check
Stock Ledger Variance
Stock Ledgers won’t be reposted.
Stock Liabilities
Stock Partially Reserved
Stock Planning
Stock Projected Qty
Stock Qty vs Batch Qty
Stock Reconciliation Item
Stock Reconciliations
Stock Reposting Settings
Stock Reservation Entries Cancelled
Stock Reservation Entries Created
Stock Reservation Entries created
Stock Reservation Entry cannot be updated as it has been delivered.
Stock Reservation Entry created against a Pick List cannot be updated. If you need to make changes, we recommend canceling the existing entry and creating a new one.
Stock Reservation Warehouse Mismatch
Stock Reservation can only be created against {0}.
Stock Reserved
Stock Reserved Qty
Stock Reserved Qty (in Stock UOM)
Stock Transactions Settings
Stock Unreservation
Stock Uom
Stock Update Not Allowed
Stock Validations
Stock and Account Value Comparison
Stock and Manufacturing
Stock cannot be reserved in group warehouse {0}.
Stock cannot be reserved in the group warehouse {0}.
Stock cannot be updated against the following Delivery Notes: {0}
Stock cannot be updated because the invoice contains a drop shipping item. Please disable 'Update Stock' or remove the drop shipping item.
Stock cannot be updated for Purchase Invoice {0} because a Purchase Receipt {1} has already been created for this transaction. Please disable the 'Update Stock' checkbox in the Purchase Invoice and save the invoice.
Stock has been unreserved for work order {0}.
Stock not available for Item {0} in Warehouse {1}.
Stock quantity not enough for Item Code: {0} under warehouse {1}. Available quantity {2} {3}.
Stock transactions before {0} are frozen
Stock transactions that are older than the mentioned days cannot be modified.
Stock will be reserved on submission of <b>Purchase Receipt</b> created against Material Request for Sales Order.
Stock/Accounts can not be frozen as processing of backdated entries is going on. Please try again later.
Stop Reason
Stop users from making Leave Applications on following days.
Stopped Work Order cannot be cancelled, Unstop it first to cancel
Storage Usage (MB)
Storage Usage By Table
Store Attached PDF Document
Store the API secret securely. It won't be displayed again.
Stores
Stores the JSON of last known versions of various installed apps. It is used to show release notes.
Stores the datetime when the last reset password key was generated.
Straight rows of keys are easy to guess
Strictly based on Log Type in Employee Checkin
Strip EXIF tags from uploaded images
Strong
Structures have been assigned successfully
Style Settings
Style represents the button color: Success - Green, Danger - Red, Inverse - Black, Primary - Dark Blue, Info - Light Blue, Warning - Orange
Stylesheet
Sub Assemblies & Raw Materials
Sub Assembly Item
Sub Assembly Item Code
Sub Assembly Item Reference
Sub Assembly Item is mandatory
Sub Assembly Items
Sub Assembly Warehouse
Sub Operation
Sub Operations
Sub Procedure
Sub Total
Sub assembly item references are missing. Please fetch the sub assemblies and raw materials again.
Sub-assembly BOM Count
Sub-contracting
Sub-currency. For e.g. "Cent"
Sub-domain provided by erpnext.com
Subcontract BOM
Subcontract Order
Subcontract Order Summary
Subcontract Return
Subcontracted Item
Subcontracted Item To Be Received
Subcontracted Purchase Order
Subcontracted Quantity
Subcontracted Raw Materials To Be Transferred
Subcontracting
Subcontracting BOM
Subcontracting Conversion Factor
Subcontracting Delivery
Subcontracting Inward
Subcontracting Inward Order
Subcontracting Inward Order Item
Subcontracting Inward Order Received Item
Subcontracting Inward Order Secondary Item
Subcontracting Inward Order Service Item
Subcontracting Inward Settings
Subcontracting Order (Draft) will be auto-created on submission of Purchase Order.
Subcontracting Order Supplied Item
Subcontracting Order {0} created.
Subcontracting Purchase Order
Subcontracting Return
Subcontracting Sales Order
Subcontracting Settings
Subdomain
Subject Field type should be Data, Text, Long Text, Small Text, Text Editor
Submission Failed
Submission Queue
Submission of {0} before {1} is not allowed
Submit Action Failed
Submit After Import
Submit ERR Journals?
Submit Feedback
Submit Generated Invoices
Submit Overtime Slips
Submit Proof
Submit Salary Slip
Submit an Issue
Submit another response
Submit button label
Submit this Leave Application to confirm.
Submit this Work Order for further processing.
Submit this document to complete this step.
Submit this document to confirm
Submit this to create the Employee record
Submit your Quotation
Submit {0} documents?
Submitted Document cannot be converted back to draft. Transition row {0}
Submitted document cannot be converted back to draft while transitioning from <b>{0} State</b> to <b>{1} State</b>
Submitted via Payroll Entry
Submitting
Submitting Salary Slips and creating Journal Entry...
Submitting Salary Slips...
Submitting {0}
Subscription End Date is mandatory to follow calendar months
Subscription End Date must be after {0} as per the subscription plan
Subscription Plans
Subscription Price Based On
Subscription Section
Subscription for Future dates cannot be processed.
Subscriptions
Subsidiary
Subsidiary companies have already planned for {1} vacancies at a budget of {2}. Staffing Plan for {0} should allocate more vacancies and budget for {3} than planned for its subsidiary companies
Subtle
Succeeded
Succeeded Entries
Success Action
Success Redirect URL
Success Settings
Success URI
Success URL
Success message
Success title
Successful
Successful Job Count
Successful Transactions
Successful: {0} to {1}
Successfully Reconciled
Successfully Set Supplier
Successfully changed Stock UOM, please redefine conversion factors for new UOM.
Successfully created {0} for employees:
Successfully imported {0}
Successfully imported {0} out of {1} records.
Successfully imported {0} record out of {1}. Click on Export Errored Rows, fix the errors and import again.
Successfully imported {0} record.
Successfully imported {0} records out of {1}. Click on Export Errored Rows, fix the errors and import again.
Successfully imported {0} records.
Successfully linked to Customer
Successfully linked to Supplier
Successfully merged {0} out of {1}.
Successfully reset onboarding status for all users.
Successfully signed out
Successfully updated translations
Successfully updated {0}
Successfully updated {0} out of {1} records.
Successfully updated {0} record out of {1}. Click on Export Errored Rows, fix the errors and import again.
Successfully updated {0} record.
Successfully updated {0} records out of {1}. Click on Export Errored Rows, fix the errors and import again.
Successfully updated {0} records.
Successfully {0} {1} for the following employees:
Suggest Optimizations
Suggested Indexes
Suggested Username: {0}
Suggestions
Sum of all previous slabs
Sum of benefit amounts {0} exceeds maximum limit of {1}
Sum of {0}
Summarized View
Summary for this month and pending activities
Summary for this week and pending activities
Supplied Item
Supplier > Supplier Type
Supplier Address Details
Supplier Details
Supplier Group Item
Supplier Group Name
Supplier Info
Supplier Invoice No exists in Purchase Invoice {0}
Supplier Items
Supplier Lead Time (days)
Supplier Naming By
Supplier Number
Supplier Number At Customer
Supplier Numbers
Supplier Part No
Supplier Portal Users
Supplier Quotation Item
Supplier Quotation {0} Created
Supplier Required
Supplier Scorecard Setup
Supplier delivers to Customer
Supplier is required for all selected Items
Supplier numbers assigned by the customer
Supplier of Goods or Services.
Supplier {0} not found in {1}
Supplier(s)
Supplier-Wise Sales Analytics
Suppliers
Supplies subject to the reverse charge provision
Support
Support Hour Distribution
Support Portal
Support Search Source
Support Tickets
Support without complexity, lock-in and per-user costs. Try it for free!
Suspected Discount Amount
Suspend Sending
Switch Between Payment Modes
Switch Camera
Switch Theme
Switch To Desk
Switch to Frappe CRM
Switch to Helpdesk
Switching Camera
Symbol
Sync Calendar
Sync Contacts
Sync Started
Sync events from Google as public
Sync on Migrate
Sync token was invalid and has been reset, Retry syncing.
Sync with Google Contacts
Sync {0}
Sync {0} Fields
Synced Fields
Synchronize all accounts every hour
Syncing
Syncing {0} of {1}
Syntax Error
Syntax error
Syntax error in condition: {0} in Income Tax Slab
System Console
System Generated Fields can not be renamed
System Health
System Health Report
System Health Report Errors
System Health Report Failing Jobs
System Health Report Queue
System Health Report Tables
System Health Report Workers
System In Use
System Manager privileges required.
System User (login) ID. If set, it will become default for all HR forms.
System managers are allowed by default
System will automatically create the serial numbers / batch for the Finished Good on submission of work order
System will do an implicit conversion using the pegged currency. <br>|||Ex: Instead of AED -&gt; INR, system will do AED -&gt; USD -&gt; INR using the pegged exchange rate of AED against USD.
System will fetch all the entries if limit value is zero.
System will not check over billing since amount for Item {0} in {1} is zero
System will notify to increase or decrease quantity or amount 
Số HĐ
Số TK
Số dư
Số dư đầu kỳ
Số hóa đơn
Số người phụ thuộc
Số seri
T
TDS Computation Summary
TDS Deducted
TDS Payable
TK đối ứng
TN tính thuế
TOS URI
TS-.YYYY.-
TT99/2025/TT-BTC có hiệu lực từ 01/01/2026, thay thế TT200. TT133 áp dụng cho DN siêu nhỏ/nhỏ.
Tab Break
Tab Label
Table Break
Table Fieldname
Table Fieldname Missing
Table HTML
Table MultiSelect
Table MultiSelect requires a table with at least one Link field, but none was found in {0}
Table Trimmed
Table for Item that will be shown in Web Site
Table updated
Table {0} cannot be empty
Tabloid
Take Exact Completed Years
Take Photo
Target  Amount
Target ({})
Target Asset {0} cannot be cancelled
Target Asset {0} cannot be submitted
Target Asset {0} cannot be {1}
Target Asset {0} does not belong to company {1}
Target Asset {0} needs to be composite asset
Target Detail
Target Details
Target Exchange Rate
Target Fieldname (Stock Ledger Entry)
Target Item Code
Target Item {0} must be a Fixed Asset item
Target Location is required for transferring Asset {0}
Target Location is required while receiving Asset {0}
Target On
Target Warehouse Address
Target Warehouse Address Link
Target Warehouse Reservation Error
Target Warehouse for Finished Good must be same as Finished Good Warehouse {1} in Work Order {2} linked to the Subcontracting Inward Order.
Target Warehouse is required before Submit
Target Warehouse is set for some items but the customer is not an internal customer.
Target Warehouse {0} must be same as Delivery Warehouse {1} in the Subcontracting Inward Order Item.
Target warehouse is mandatory for row {0}
Targets
Task Assignee Email
Task Completion
Task Depends On
Task {0} depends on Task {1}. Please add Task {1} to the Tasks list.
Tasks
Tasks Completed
Tasks Overdue
Tax Account
Tax Amount
Tax Amount After Discount Amount
Tax Amount After Discount Amount (Company Currency)
Tax Amount will be rounded on a row(items) level
Tax Assets
Tax Breakup
Tax Category has been changed to "Total" because all the Items are non-stock items
Tax Deducted Till Date
Tax Exemption Category
Tax Exemption Declaration
Tax Exemption Proofs
Tax Expense
Tax Id
Tax Id: 
Tax Id: {0}
Tax Rate %
Tax Rates
Tax Refunds provided to Tourists under the Tax Refunds for Tourists Scheme
Tax Row
Tax Rule Conflicts with {0}
Tax Settings
Tax Template is mandatory.
Tax Total
Tax Withholding Details
Tax Withholding Entries
Tax Withholding Entry
Tax Withholding Group
Tax Withholding Rates
Tax detail table fetched from item master as a string and stored in this field.|||Used for Taxes and Charges
Tax on additional salary
Tax on flexible benefit
Tax withheld only for amount exceeding cumulative threshold
Taxable Date
Taxable Document Name
Taxable Document Type
Taxable Earnings Till Date
Taxable Income Relief Threshold Limit
Taxable Salary Slab
Taxable Salary Slabs
Taxes
Taxes & Charges
Taxes and Charges Added
Taxes and Charges Added (Company Currency)
Taxes and Charges Calculation
Taxes and Charges Deducted
Taxes and Charges Deducted (Company Currency)
Taxes and Charges on Income Tax
Taxes row #{0}: {1} cannot be smaller than {2}
Taxi
Team Member
Team Members
Team Members Heading
Team Members Subtitle
Team Updates
Telemetry
Telephone Expenses
Telephony
Telephony Call Type
Template Error
Template File
Template Item Selected
Template Name
Template Options
Template Title
Template Warnings
Templates
Temporarily Disabled
Temporarily on Hold
Temporary
Temporary Accounts
Temporary Opening
Temporary Opening Account
Tenure
Term Details
Terms
Terms & Conditions
Terms Template
Terms and Conditions Details
Terms and Conditions Help
Territory Item
Territory Name
Territory Target Variance Based On Item Group
Territory Targets
Territory-wise Sales
Test Data
Test Job ID
Test Spanish
Test_Folder
Text
Text Align
Text Color
Text Content
Text displayed on the financial statement (e.g., 'Total Revenue', 'Cash and Cash Equivalents')
Thank you
Thank you for reaching out to us. We will get back to you at the earliest.|||||||||Your query:||||||{0}
Thank you for spending your valuable time to fill this form
Thank you for your email
Thank you for your feedback!
Thank you for your message
The 'From Package No.' field must neither be empty nor it's value less than 1.
The Access to Request for Quotation From Portal is Disabled. To Allow Access, Enable it in Portal Settings.
The Auto Repeat for this document has been disabled.
The BOM which will be replaced
The Batch {0} has negative batch quantity {1}. To fix this, go to the batch and click on Recalculate Batch Qty. If the issue still persists, create an inward entry.
The Bulk Update could not happen due to <b>{0}</b>
The CSV format is case sensitive
The Campaign '{0}' already exists for the {1} '{2}'
The Client ID obtained from the Google Cloud Console under <a href="https://console.cloud.google.com/apis/credentials">|||"APIs &amp; Services" &gt; "Credentials"|||</a>
The Company {0} of Sales Forecast {1} does not match with the Company {2} of Master Production Schedule {3}.
The Condition '{0}' is invalid
The Document Type {0} must have a Status field to configure Service Level Agreement
The Excluded Fee is bigger than the Deposit it is deducted from.
The File URL you've entered is incorrect
The GL Entries and closing balances will be processed in the background, it can take a few minutes.
The GL Entries will be cancelled in the background, it can take a few minutes.
The Loyalty Program isn't valid for the selected company
The Next Scheduled Date cannot be later than the End Date.
The Payment Request {0} is already paid, cannot process payment twice
The Payment Term at row {0} is possibly a duplicate.
The Pick List having Stock Reservation Entries cannot be updated. If you need to make changes, we recommend canceling the existing Stock Reservation Entries before updating the Pick List.
The Process Loss Qty has reset as per job cards Process Loss Qty
The Push Relay Server URL key (`push_relay_server_url`) is missing in your site config
The Sales Person is linked with {0}
The Serial No at Row #{0}: {1} is not available in warehouse {2}.
The Serial No {0} is reserved against the {1} {2} and cannot be used for any other transaction.
The Serial and Batch Bundle {0} is not valid for this transaction. The 'Type of Transaction' should be 'Outward' instead of 'Inward' in Serial and Batch Bundle {0}
The Stock Entry of type 'Manufacture' is known as backflush. Raw materials being consumed to manufacture finished goods is known as backflushing. <br><br> When creating Manufacture Entry, raw-material items are backflushed based on BOM of production item. If you want raw-material items to be backflushed based on Material Transfer entry made against that Work Order instead, then you can set it under this field.
The User record for this request has been auto-deleted due to inactivity by system admins.
The account head under Liability or Equity, in which Profit/Loss will be booked
The allocated amount is greater than the outstanding amount of Payment Request {0}
The amount of {0} set in this payment request is different from the calculated amount of all payment plans: {1}. Make sure this is correct before submitting the document.
The application has been updated to a new version, please refresh this page
The application name will be used in the Login page.
The attachments could not be correctly linked to the new document
The batch {0} is already reserved in {1} {2}. So, cannot proceed with the {3} {4}, which is created against the {5} {6}.
The browser API key obtained from the Google Cloud Console under <a href="https://console.cloud.google.com/apis/credentials">|||"APIs &amp; Services" &gt; "Credentials"|||</a>
The changes have been reverted.
The column {0} has {1} different date formats. Automatically setting {2} as the default format as it is the most common. Please change other values in this column to this format.
The comment cannot be empty
The completed quantity {0} of an operation {1} cannot be greater than the completed quantity {2} of a previous operation {3}.
The configured SMTP server does not support DSN (Delivery Status Notification).
The contents of this email are strictly confidential. Please do not forward this email to anyone.
The count shown is an estimated count. Click here to see the accurate count.
The country's ISO 3166 ALPHA-2 code.
The currency of invoice {} ({}) is different from the currency of this dunning ({}).
The currency of {0} should be same as the company's default currency. Please select another account.
The current POS opening entry is outdated. Please close it and create a new one.
The date on which Salary Component with Amount will contribute for Earnings/Deduction in Salary Slip. 
The day of the month when leaves should be allocated
The day(s) on which you are applying for leave are holidays. You need not apply for leave.
The days between {0} to {1} are not valid holidays.
The default BOM for that item will be fetched by the system. You can also change the BOM.
The difference between from time and To Time must be a multiple of Appointment
The document could not be correctly assigned
The document has been assigned to {0}
The document type selected is a child table, so the parent document type is required.
The email button is enabled for the user in the document.
The field Asset Account cannot be blank
The field Equity/Liability Account cannot be blank
The field From Shareholder cannot be blank
The field To Shareholder cannot be blank
The field {0} in row {1} is not set
The field {0} in {1} does not allow ignoring user permissions
The field {0} in {1} links to {2} and not {3}
The field {0} is mandatory
The fieldname you've specified in Attached To Field is invalid
The fields From Shareholder and To Shareholder cannot be blank
The first Approver in the list will be set as the default Approver.
The fiscal year has been automatically created in a Disabled state to maintain consistency with the previous fiscal year's status.
The folio numbers are not matching
The following Assignment Days have been repeated: {0}
The following Header Script will add the current date to an element in 'Header HTML' with class 'header-content'
The following Items, having Putaway Rules, could not be accomodated:
The following Purchase Invoices are not submitted:
The following assets have failed to automatically post depreciation entries: {0}
The following batches are expired, please restock them: <br> {0}
The following cancelled repost entries exist for <b>{0}</b>:<br><br>{1}<br><br>Kindly delete these entries before continuing.
The following configured IMAP folder(s) were not found or are not accessible on the server:<br><ul>{0}</ul>Please verify the folder names exactly as they appear on the server and ensure the account has access to them.
The following deleted attributes exist in Variants but not in the Template. You can either delete the Variants or keep the attribute(s) in template.
The following employees are currently still reporting to {0}:
The following invalid Pricing Rules are deleted:
The following payment schedule(s) already exist:|||{0}
The following rows are duplicates:
The following values are invalid: {0}. Values must be one of {1}
The following values do not exist for {0}: {1}
The following {0} were created: {1}
The fraction of Daily Salary per Leave should be between 0 and 1
The fraction of daily wages to be paid for half-day attendance
The gross weight of the package. Usually net weight + packaging material weight. (for print)
The holiday on {0} is not between From Date and To Date
The item {item} is not marked as {type_of} item. You can enable it as {type_of} item from its Item master.
The items {0} and {1} are present in the following {2} :
The items {items} are not marked as {type_of} item. You can enable them as {type_of} item from their Item masters.
The job card {0} is in {1} state and you cannot complete.
The job card {0} is in {1} state and you cannot start it again.
The last scanned warehouse has been cleared and won't be set in the subsequently scanned items
The limit has not set for the user type {0} in the site config file.
The link will expire in {0} minutes
The link you trying to login is invalid or expired.
The lowest tier must have a minimum spent amount of 0. Customers need to be part of a tier as soon as they are enrolled in the program.
The meta description is an HTML attribute that provides a brief summary of a web page. Search engines such as Google often display the meta description in search results, which can influence click-through rates.
The meta image is unique image representing the content of the page. Images for this Card should be at least 280px in width, and at least 150px in height.
The metrics for this report are calculated based on the {0}. Please set {0} in {1}.
The metrics for this report are calculated based on {0}. Please set {0} in {1}.
The name that will appear in Google Calendar
The net weight of this package. (calculated automatically as sum of net weight of items)
The new BOM after replacement
The next tour will start from where the user left off.
The number of seconds until the request expires
The number of shares and the share numbers are inconsistent
The operation {0} can not add multiple times
The operation {0} can not be the sub operation
The original invoice should be consolidated before or along with the return invoice.
The outstanding amount {0} in {1} is lesser than {2}. Updating the outstanding to this invoice.
The parent account {0} does not exists in the uploaded template
The password of your account has expired.
The payment gateway account in plan {0} is different from the payment gateway account in this payment request
The percentage you are allowed to bill more against the amount ordered. For example, if the order value is $100 for an item and tolerance is set as 10%, then you are allowed to bill up to $110 
The percentage you are allowed to pick more items in the pick list than the ordered quantity.
The percentage you are allowed to receive or deliver more against the quantity ordered. For example, if you have ordered 100 units, and your Allowance is 10%, then you are allowed to receive 110 units.
The percentage you are allowed to transfer more against the quantity ordered. For example, if you have ordered 100 units, and your Allowance is 10%, then you are allowed transfer 110 units.
The print button is enabled for the user in the document.
The process for deletion of {0} data associated with {1} has been initiated.
The project number obtained from Google Cloud Console under <a href="https://console.cloud.google.com/iam-admin/settings">|||"IAM &amp; Admin" &gt; "Settings"|||</a>
The report you requested has been generated.<br><br>Click here to download:<br><a href='{0}'>{0}</a><br><br>This link will expire in {1} hours.
The reserved stock will be released when you update items. Are you certain you wish to proceed?
The reserved stock will be released. Are you certain you wish to proceed?
The reset password link has been expired
The reset password link has either been used before or is invalid
The resource you are looking for is not available
The role {0} should be a custom role.
The root account {0} must be a group
The salary slip emailed to the employee will be password protected, the password will be generated based on the password policy.
The selected BOMs are not for the same item
The selected change account {} doesn't belongs to Company {}.
The selected document {0} is not a {1}.
The selected item cannot have Batch
The sell quantity is less than the total asset quantity. The remaining quantity will be split into a new asset. This action cannot be undone. <br><br><b>Do you want to continue?</b>
The seller and the buyer cannot be the same
The serial and batch bundle {0} not linked to {1} {2}
The serial no {0} does not belong to item {1}
The shareholder does not belong to this company
The shares already exist
The shares don't exist with the {0}
The stock for the item {0} in the {1} warehouse was negative on the {2}. You should create a positive entry {3} before the date {4} and time {5} to post the correct valuation rate. For more details, please read the <a href='https://docs.erpnext.com/docs/user/manual/en/stock-adjustment-cogs-with-negative-stock'>documentation<a>.
The stock has been reserved for the following Items and Warehouses, un-reserve the same to {0} the Stock Reconciliation: <br /><br /> {1}
The sync has started in the background, please check the {0} list for new records.
The system is being updated. Please refresh again after a few moments.
The system provides many pre-defined roles. You can add new roles to set finer permissions.
The system will create a Sales Invoice or a POS Invoice from the POS interface based on this setting. For high-volume transactions, it is recommended to use POS Invoice.
The task has been enqueued as a background job. In case there is any issue on processing in background, the system will add a comment about the error on this Stock Reconciliation and revert to the Draft stage
The task has been enqueued as a background job. In case there is any issue on processing in background, the system will add a comment about the error on this Stock Reconciliation and revert to the Submitted stage
The time after the shift start time when check-in is considered as late (in minutes).
The time before the shift end time when check-out is considered as early (in minutes).
The time before the shift start time during which Employee Check-in is considered for attendance.
The total Issue / Transfer quantity {0} in Material Request {1}  cannot be greater than allowed requested quantity {2} for Item {3}
The total Issue / Transfer quantity {0} in Material Request {1} cannot be greater than requested quantity {2} for Item {3}
The total number of user document types limit has been crossed.
The uploaded file does not appear to be in valid MT940 format.
The uploaded file does not match the selected Code List.
The user can create a new Item but cannot edit existing items.
The user can delete Draft / Cancelled documents.
The user can export report data.
The user can import new records or update existing data for the document.
The user can select a Customer in Sales Order but cannot open the Customer master.
The user can share document access with another user.
The user can update a customer or any other fields in an existing Sales Order but cannot create a new Sales Order.
The user can view Sales Invoices but cannot modify any field values in them.
The user cannot submit the Serial and Batch Bundle manually
The user will be able to transfer additional materials from the store to the Work in Progress (WIP) warehouse.
The users with this Role are allowed to create/modify a stock transaction, even though the transaction is frozen.
The value of the field {0} is too long in the {1} document. To resolve this issue, please reduce the value length or change the {0} field Type to Long Text using customize form, and then try again.
The value of {0} differs between Items {1} and {2}
The value you pasted was {0} characters long. Max allowed characters is {1}.
The value {0} is already assigned to an existing Item {1}.
The warehouse where you store finished Items before they are shipped.
The warehouse where you store your raw materials. Each required item can have a separate source warehouse. Group warehouse also can be selected as source warehouse. On submission of the Work Order, the raw materials will be reserved in these warehouses for production usage.
The warehouse where your Items will be transferred when you begin production. Group Warehouse can also be selected as a Work in Progress warehouse.
The webhook will be triggered if this expression is true
The {0} ({1}) must be equal to {2} ({3})
The {0} contains Unit Price Items.
The {0} is already on auto repeat {1}
The {0} prefix '{1}' already exists. Please change the Serial No Series, otherwise you will get a Duplicate Entry error.
The {0} {1} created successfully
The {0} {1} does not match with the {0} {2} in the {3} {4}
The {0} {1} is used to calculate the valuation cost for the finished good {2}.
Theme
Theme Changed
Theme Configuration
Theme URL
Then Pricing Rules are filtered out based on Customer, Customer Group, Territory, Supplier, Supplier Type, Campaign, Sales Partner etc.
Theo NQ 110/2025/UBTVQH15 — áp dụng từ kỳ tính thuế 2026 (15,5 triệu/tháng = 186 triệu/năm)
Theo NQ 110/2025/UBTVQH15 — áp dụng từ kỳ tính thuế 2026 (6,2 triệu/tháng/NPT)
Theory
There are active maintenance or repairs against the asset. You must complete all of them before cancelling the asset.
There are documents which have workflow states that do not exist in this Workflow. It is recommended that you add these states to the Workflow and change their states before removing these states.
There are inconsistencies between the rate, no of shares and the amount calculated
There are ledger entries against this account. Changing {0} to non-{1} in live system will cause incorrect output in 'Accounts {2}' report
There are more holidays than working days this month.
There are multiple shifts assigned to the employee for the same period. Please mention the shift
There are no Failed transactions
There are no active Fiscal Years for which Demo Data can be generated.
There are no arrear differences between existing and new salary structure components.
There are no slots available on this date
There are no upcoming events for you.
There are no vacancies under staffing plan {0}
There are no {0} for this {1}, why don't you start one!
There are two options to maintain valuation of stock. FIFO (first in - first out) and Moving Average. To understand this topic in detail please visit <a href='https://docs.frappe.io/erpnext/user/manual/en/calculation-of-valuation-rate-in-fifo-and-moving-average' target='_blank'>Item Valuation, FIFO and Moving Average.</a>
There are {0} with the same filters already in the queue:
There aren't any item variants for the selected item
There can be multiple tiered collection factor based on the total spent. But the conversion factor for redemption will always be same for all the tier.
There can be only 9 Page Break fields in a Web Form
There can be only one Fold in a form
There can only be 1 Account per Company in {0} {1}
There can only be one Shipping Rule Condition with 0 or blank value for "To Value"
There is already a valid Lower Deduction Certificate {0} for Supplier {1} against category {2} for this time period.
There is already an active Subcontracting BOM {0} for the Finished Good {1}.
There is an error in your Address Template {0}
There is no Salary Structure assigned to {0}. First assign a Salary Structure.
There is no batch found against the {0}: {1}
There is no data to be exported
There is no task called "{}"
There is nothing new to show you right now.
There is some problem with the file url: {0}
There is {0} with the same filters already in the queue:
There must be atleast 1 Finished Good in this Stock Entry
There must be atleast one permission rule.
There was an error building this page
There was an error creating Bank Account while linking with Plaid.
There was an error saving filters
There was an error syncing transactions.
There was an error updating Bank Account {} while linking with Plaid.
There was an issue connecting to Plaid's authentication server. Check browser console for more information
There were errors
There were errors while creating the document. Please try again.
There were errors while sending email. Please try again.
There were issues unlinking payment entry {0}.
There were some errors setting the name, please contact the administrator
There's no Employee with Salary Structure: {0}. Assign {1} to an Employee to preview Salary Slip
These announcements will appear inside a dismissible alert below the Navbar.
These fields are used to provide resource server metadata to clients querying the "well known protected resource" end point.
These leaves are holidays permitted by the company however, availing it is optional for an Employee.
These settings are required if 'Custom' LDAP Directory is used
These values will be automatically updated in transactions and also will be useful to restrict permissions for this user on transactions containing these values.
Third Party Apps
Third Party Authentication
This Account has '0' balance in either Base Currency or Account Currency
This Currency is disabled. Enable to use in transactions
This Item is a Template and cannot be used in transactions.<br>All fields present in the 'Copy Fields to Variant' table in Item Variant Settings will be copied to its variant items.
This Item is a Variant of {0} (Template).
This Kanban Board will be private
This Month's Summary
This PDF cannot be uploaded as it contains unsafe content.
This Purchase Order has been fully subcontracted.
This Sales Order has been fully subcontracted.
This Week's Summary
This action is irreversible. Do you wish to continue?
This action is only allowed for {}
This action will prevent making changes to the linked appraisal feedback/goals.
This action will stop future billing. Are you sure you want to cancel this subscription?
This action will unlink this account from any external service integrating ERPNext with your bank accounts. It cannot be undone. Are you certain ?
This asset category is marked as non-depreciable. Please disable depreciation calculation or choose a different category.
This card is visible only to Administrator and System Managers by default. Set a DocType to share with users who have read access.
This card will be available to all Users if this is set
This chart will be available to all Users if this is set
This check-in is outside assigned shift hours and will not be considered for attendance. If a shift is assigned, adjust its time window and Fetch Shift again.
This compensatory leave will be applicable from {0}.
This covers all scorecards tied to this Setup
This doctype has no orphan fields to trim
This doctype has pending migrations, run 'bench migrate' before modifying the doctype to avoid losing changes.
This document can not be deleted right now as it's being modified by another user. Please try again after some time.
This document has already been queued for submission. You can track the progress over {0}.
This document has been modified after the email was sent.
This document has unsaved changes which might not appear in final PDF. <br> Consider saving the document before printing.
This document is already amended, you cannot ammend it again
This document is currently locked and queued for execution. Please try again after some time.
This document is over limit by {0} {1} for item {4}. Are you making another {3} against the same {2}?
This email is autogenerated
This employee already has a log with the same timestamp.{0}
This error can be due to invalid formula or condition.
This error can be due to invalid syntax.
This error can be due to missing or deleted field.
This feature can not be used as dependencies are missing.|||				Please contact your system manager to enable this by installing pycups!
This feature is brand new and still experimental
This field allows you to set the maximum number of consecutive leaves an Employee can apply for.
This field allows you to set the maximum number of leaves that can be allocated annually for this Leave Type while creating the Leave Policy
This field is used to set the 'Customer'.
This field will appear only if the fieldname defined here has value OR the rules are true (examples):|||myfield|||eval:doc.myfield=='My Value'|||eval:doc.age&gt;18
This file is attached to a protected document and cannot be deleted.
This file is public and can be accessed by anyone, even without logging in. Mark it private to limit access.
This file is public. It can be accessed without authentication.
This filter will be applied to Journal Entry.
This form has been modified after you have loaded it
This form is not editable due to a Workflow.
This format is used if country specific format is not found
This geolocation provider is not supported yet.
This goes above the slideshow.
This invoice has already been paid.
This is a Template BOM and will be used to make the work order for {0} of the item {1}
This is a background report. Please set the appropriate filters and then generate a new one.
This is a location where final product stored.
This is a location where operations are executed.
This is a location where raw materials are available.
This is a location where scraped materials are stored.
This is a preview of the email to be sent. A PDF of the document will automatically be attached with the email.
This is a root account and cannot be edited.
This is a root customer group and cannot be edited.
This is a root department and cannot be edited.
This is a root item group and cannot be edited.
This is a root sales person and cannot be edited.
This is a root supplier group and cannot be edited.
This is a root territory and cannot be edited.
This is a top-10 common password.
This is a top-100 common password.
This is a very common password.
This is a virtual doctype and data is cleared periodically.
This is an automatically generated reply
This is based on stock movement. See {0} for details
This is based on the Time Sheets created against this project
This is based on the attendance of this Employee
This is based on transactions against this Sales Person. See timeline below for details
This is considered dangerous from accounting point of view.
This is done to handle accounting for cases when Purchase Receipt is created after Purchase Invoice
This is enabled by default. If you want to plan materials for sub-assemblies of the Item you're manufacturing leave this enabled. If you plan and manufacture the sub-assemblies separately, you can disable this checkbox.
This is for raw material Items that'll be used to create finished goods. If the Item is an additional service like 'washing' that'll be used in the BOM, keep this unchecked.
This is similar to a commonly used password.
This is the number of the last created transaction with this prefix
This item filter has already been applied for the {0}
This link has already been activated for verification.
This link is invalid or expired. Please make sure you have pasted correctly.
This may get printed on multiple pages
This method is only meant for developer mode
This month
This option can be checked to edit the 'Posting Date' and 'Posting Time' fields.
This report contains {0} rows and is too big to display in browser, you can {1} this report instead.
This report was generated on {0}
This report was generated {0}.
This request has not yet been approved by the user.
This schedule was created when Asset {0} was adjusted through Asset Value Adjustment {1}.
This schedule was created when Asset {0} was consumed through Asset Capitalization {1}.
This schedule was created when Asset {0} was repaired through Asset Repair {1}.
This schedule was created when Asset {0} was restored due to Sales Invoice {1} cancellation.
This schedule was created when Asset {0} was restored on Asset Capitalization {1}'s cancellation.
This schedule was created when Asset {0} was restored.
This schedule was created when Asset {0} was returned through Sales Invoice {1}.
This schedule was created when Asset {0} was scrapped.
This schedule was created when Asset {0} was {1} into new Asset {2}.
This schedule was created when Asset {0} was {1} through Sales Invoice {2}.
This schedule was created when Asset {0}'s Asset Value Adjustment {1} was cancelled.
This schedule was created when Asset {0}'s shifts were adjusted through Asset Shift Allocation {1}.
This section allows the user to set the Body and Closing text of the Dunning Letter for the Dunning Type based on language, which can be used in Print.
This site is in read only mode, full functionality will be restored soon.
This site is running in developer mode. Any change made here will be updated in code.
This software is built on top of many open source packages.
This table is used to set details about the 'Item', 'Qty', 'Basic Rate', etc.
This title will be used as the title of the webpage as well as in meta tags
This tool helps you to update or fix the quantity and valuation of stock in the system. It is typically used to synchronise the system values and what actually exists in your warehouses.
This value is fetched from {0}'s {1} field
This value shall be used when no matching Common Code for a record is found.
This value specifies the max number of rows that can be rendered in report view.
This will be appended to the Item Code of the variant. For example, if your abbreviation is "SM", and the item code is "T-SHIRT", the item code of the variant will be "T-SHIRT-SM"
This will be automatically generated when you publish the page, you can also enter a route yourself if you wish
This will be shown in a modal after routing
This will be shown to the user in a dialog after routing to the report
This will log out {0} from all other devices
This will overwrite the tax component {0} in the salary slip and tax won't be calculated based on the Income Tax Slabs
This will permanently remove your data.
This will reset this tour and show it to all users. Are you sure?
This will restrict user access to other employee records
This will submit Salary Slips and create accrual Journal Entry. Do you want to proceed?
This will terminate the job immediately and might be dangerous, are you sure?
This {} will be treated as material transfer.
Threshold Exemption
Threshold for Suggestion (In Percentage)
Throttled
Thu nhập tính thuế
Thumbnail URL
Thuế TNCN
Thuế suất
Tháng
Tháng 1
Tháng 10
Tháng 11
Tháng 12
Tháng 2
Tháng 3
Tháng 4
Tháng 5
Tháng 6
Tháng 7
Tháng 8
Tháng 9
Thông báo lỗi
Thông tin hóa đơn
Thông tin thuế Việt Nam
Thông tư 133
Thông tư 200
Thông tư 99
Thời vụ
Thử việc
Thực lĩnh
Time (In Mins)
Time Between Operations (Mins)
Time In Mins
Time Required (In Mins)
Time Series Based On
Time Sheet List
Time Sheets
Time Taken to Deliver
Time Window (Seconds)
Time Zones
Time after the end of shift during which check-out is considered for attendance.
Time at which materials were received
Time format
Time in Queries
Time in mins
Time in mins.
Time in seconds to retain QR code image on server. Min:<strong>240</strong>
Time logs are required for {0} {1}
Time series based on is required to create a dashboard chart
Time slot is not available
Time taken to fill the open positions
Time to Fill
Time {0} must be in format: {1}
Time(in mins)
Timed Out
Timeless Night
Timeline DocType
Timeline Links
Timeline Name
Timeline field must be a Link or Dynamic Link
Timeline field must be a valid fieldname
Timelines
Timeout
Timeout (In Seconds)
Timer
Timer exceeded the given hours.
Timeseries
Timesheet Billing Summary
Timesheet Details
Timesheet for tasks.
Timesheet {0} cannot be invoiced in its current state
Timesheets
Timesheets help keep track of time, cost and billing for activities done by your team
Timeslots
Timespan
Timestamp
Timing
Tip: Try the new dropdown console using
Title Prefix
Title field must be a valid fieldname
Title of the page
Tiền thuế
To Amount
To Date
To Date cannot be before From Date
To Date cannot be before From Date.
To Date cannot be less than From Date
To Date is mandatory
To Date must be greater than From Date
To Date should be greater than From Date
To Date should be within the Fiscal Year. Assuming To Date = {0}
To Datetime
To Delete list generated with {0} DocTypes
To Delivery Date
To Do
To Doctype
To Due Date
To Fiscal Year
To Folio No
To Invoice Date
To No
To Package No.
To Payment Date
To Posting Date
To Produce
To Range
To Receive and Bill
To Reference Date
To Rename
To Shareholder
To Time cannot be before from date
To Track inbound purchase
To User
To Warehouse (Optional)
To add Operations tick the 'With Operations' checkbox.
To add dynamic subject, use jinja tags like||||||<div><pre><code>New {{ doc.doctype }} #{{ doc.name }}</code></pre></div>
To add dynamic values from the document, use jinja tags like||||||<div>|||<pre><code>{ "id": "{{ doc.name }}" }</code>|||</pre>|||</div>
To add subcontracted Item's raw materials if include exploded items is disabled.
To allow more reports update limit in System Settings.
To allow over billing, update "Over Billing Allowance" in Accounts Settings or the Item.
To allow over receipt / delivery, update "Over Receipt/Delivery Allowance" in Stock Settings or the Item.
To allow this, enable {0} under {1}.
To and CC
To apply condition on parent field use parent.field_name and to apply condition on child table use doc.field_name. Here field_name could be based on the actual column name of the respective field.
To apply for a Half Day check 'Half Day' and select the Half Day Date
To be Delivered to Customer
To begin the date range at the start of the chosen period. For example, if 'Year' is selected as the period, the report will start from January 1st of the current year.
To cancel a {} you need to cancel the POS Closing Entry {}.
To cancel this Sales Invoice you need to cancel the POS Closing Entry {}.
To configure Auto Repeat, enable "Allow Auto Repeat" from {0}.
To create a Payment Request reference document is required
To date can not be equal or less than from date
To date can not be greater than employee's relieving date.
To date can not be less than from date
To date can not greater than employee's relieving date
To date cannot be before from date
To enable Capital Work in Progress Accounting,
To enable it follow the instructions in the following link: {0}
To enable server scripts, read the {0}.
To enable the Serial No and Batch No feature, please check the 'Enable Serial / Batch No for Item' checkbox in Stock Settings.
To export this step as JSON, link it in a Onboarding document and save the document.
To generate password click {0}
To include non-stock items in the material request planning. i.e. Items for which 'Maintain Stock' checkbox is unticked.
To include sub-assembly costs and secondary items in Finished Goods on a work order without using a job card, when the 'Use Multi-Level BOM' option is enabled.
To include tax in row {0} in Item rate, taxes in rows {1} must also be included
To know more click {0}
To merge, following properties must be same for both items
To not apply Pricing Rule in a particular transaction, all applicable Pricing Rules should be disabled.
To overrule this, enable '{0}' in company {1}
To overwrite the salary component amount for a tax component, please enable {0}
To print output use <code>print(text)</code>
To set the role {0} in the user {1}, kindly set the {2} field as {3} in one of the {4} record.
To still proceed with editing this Attribute Value, enable {0} in Item Variant Settings.
To submit the invoice without purchase order please set {0} as {1} in {2}
To submit the invoice without purchase receipt please set {0} as {1} in {2}
To use Google Calendar, enable {0}.
To use Google Contacts, enable {0}.
To use Slack Channel, add a <a href="#List/Slack%20Webhook%20URL/List">Slack Webhook URL</a>.
To use a different finance book, please uncheck 'Include Default FB Assets'
To use a different finance book, please uncheck 'Include Default FB Entries'
To version
To(Year)
To(Year) year can not be less than From(year)
ToDo
Today is {0}'s birthday 🎉
Today {0} at our Company! 🎉
Today {0} completed {1} {2} at our Company! 🎉
Toggle Chart
Toggle Grid View
Token Cache
Token Endpoint Auth Method
Token Type
Token URI
Token is missing
Too Many Documents
Too Many Requests
Too many changes to database in single action.
Too many columns. Export the report and print it using a spreadsheet application.
Too many queued background jobs ({0}). Please retry after some time.
Too many requests. Please try again later.
Too many users signed up recently, so the registration is disabled. Please try back in an hour
Tools
Top
Top 10
Top Center
Top Errors
Top Left
Top Right
Total (Company Currency)
Total (Credit)
Total (Without Tax)
Total Absent
Total Accrued
Total Achieved
Total Actual
Total Actual Amount
Total Advance
Total Advance Amount
Total Advance Amount (Company Currency)
Total Allocated Amount
Total Allocated Amount (Company Currency)
Total Allocated Leave(s)
Total Allocated Leaves
Total Allocations
Total Amount
Total Amount Currency
Total Amount Due
Total Amount Reimbursed
Total Amount cannot be zero
Total Amount in Words
Total Applicable Charges in Purchase Receipt Items table must be same as Total Taxes and Charges
Total Asset
Total Asset Recovery Cost
Total Assets
Total Background Workers
Total Billable Amount (via Timesheet)
Total Billed Amount (via Sales Invoice)
Total Billed Hours
Total Billing Hours
Total Budget
Total Characters
Total Claimed Amount (Company Currency)
Total Completed Qty is required for Job Card {0}, please start and complete the job card before submission
Total Consumed Material Cost (via Stock Entry)
Total Contribution Amount Against Invoices: {0}
Total Contribution Amount Against Orders: {0}
Total Cost (Company Currency)
Total Costing Amount (via Timesheet)
Total Credit/ Debit Amount should be same as linked Journal Entry
Total Days Without Pay
Total Debit must be equal to Total Credit. The difference is {0}
Total Declared Amount
Total Deduction (Company Currency)
Total Delivered Amount
Total Demand (Past Data)
Total Early Exits
Total Earnings
Total Equity
Total Errors (last 1 day)
Total Estimated Cost
Total Estimated Distance
Total Exchange Gain/Loss
Total Exemption Amount
Total Expense
Total Expense Claim (via Expense Claim)
Total Expense Claim (via Expense Claims)
Total Expense This Year
Total Expenses booked through
Total Forecast (Future Data)
Total Forecast (Past Data)
Total Gain/Loss
Total Goal Score
Total Gross Pay
Total Holidays
Total Hours (T)
Total Images
Total Income
Total Income Tax
Total Income This Year
Total Incoming Value (Receipt)
Total Interest
Total Invoiced Amount
Total Issues
Total Items
Total Landed Cost
Total Landed Cost (Company Currency)
Total Late Entries
Total Leave Days
Total Leaves
Total Leaves ({0})
Total Leaves Allocated
Total Leaves Encashed
Total Ledgers
Total Liability
Total Message(s)
Total Monthly Sales
Total Non-Billed Hours
Total Number of Booked Depreciations 
Total Only
Total Operation Time
Total Order Considered
Total Order Value
Total Other Charges
Total Outgoing
Total Outgoing Emails
Total Outgoing Value (Consumption)
Total Outstanding Amount
Total Overtime Duration
Total Paid Amount
Total Payable Amount
Total Payment Amount in Payment Schedule must be equal to Grand / Rounded Total
Total Payment Request amount cannot be greater than {0} amount
Total Payments
Total Payout
Total Picked Quantity {0} is more than ordered qty {1}. You can set the Over Picking Allowance in Stock Settings.
Total Planned Qty
Total Present
Total Produced Qty
Total Projected Qty
Total Purchase Amount
Total Purchase Cost (via Purchase Invoice)
Total Qty
Total Quantity
Total Receivable Amount
Total Received Amount
Total Repair Cost
Total Resignations
Total Revenue
Total Sales Amount (via Sales Order)
Total Sanctioned Amount (Company Currency)
Total Self Score
Total Supplied Qty
Total Tax
Total Taxable Amount
Total Taxes and Charges (Company Currency)
Total Time (in Mins)
Total Unpaid: {0}
Total Users
Total Value
Total Value Difference (Incoming - Outgoing)
Total Variance
Total Vendor Invoices Cost (Company Currency)
Total Views
Total Weight
Total Weight (kg)
Total Working Time
Total Workstation Time (In Hours)
Total advance amount cannot be greater than total sanctioned amount
Total allocated leaves are more than maximum allocation allowed for {0} leave type for employee {1} in the period
Total allocated leaves {0} cannot be less than already approved leaves {1} for the period
Total allocated percentage for sales team should be 100
Total contribution percentage should be equal to 100
Total distributed amount {0} must be equal to Budget Amount {1}
Total distribution percent must equal 100 (currently {0})
Total hours: {0}
Total in words
Total in words (Company Currency)
Total leaves allocated cannot exceed annual allocation of {0}.
Total leaves allocated is mandatory for Leave Type {0}
Total number of emails to sync in initial sync process
Total of all employee benefits cannot be greater that Max Benefits Amount {0}
Total payments amount can't be greater than {}
Total percentage against cost centers should be 100
Total quantity in delivery schedule cannot be greater than the item quantity
Total salary booked against this component for this employee from the beginning of the year (payroll period or fiscal year) up to the current salary slip's end date.
Total salary booked for this employee from the beginning of the month up to the current salary slip's end date.
Total salary booked for this employee from the beginning of the year (payroll period or fiscal year) up to the current salary slip's end date.
Total weightage for all {0} must add up to 100. Currently, it is {1}%
Total working Days Per Year
Total working hours should not be greater than max working hours {0}
Total {0} ({1})
Total {0} for all items is zero, may be you should change 'Distribute Charges Based On'
Total(Amt)
Total(Qty)
Total:
Totals
Totals (Company Currency)
Trace ID
Traceability
Traceback
Tracebility Direction
Track Email Status
Track Field
Track Seen
Track Semi Finished Goods
Track Service Level Agreement
Track Steps
Track Views
Track if your email has been opened by the recipient.|||<br>|||Note: If you're sending to multiple recipients, even if 1 recipient reads the email, it'll be considered "Opened"
Track milestones for any document
Track separate Income and Expense for product verticals or divisions.
Tracking Status Info
Tracking URL
Tracking URL generated and copied to clipboard
Train
Trainer Email
Trainer Name
Training Event Employee
Training Event:
Training Events
Training Result Employee
Trainings
Transaction Deletion Document {0} has been triggered for company {1}
Transaction Deletion Record
Transaction Deletion Record Details
Transaction Deletion Record Item
Transaction Deletion Record To Delete
Transaction Deletion Record {0} is already running. {1}
Transaction Deletion Record {0} is currently deleting {1}. Cannot save documents until deletion completes.
Transaction Details
Transaction Exchange Rate
Transaction Information
Transaction Name
Transaction Qty
Transaction Settings
Transaction Threshold
Transaction currency must be same as Payment Gateway currency
Transaction currency: {0} cannot be different from Bank Account({1}) currency: {2}
Transaction date can't be earlier than previous movement date
Transaction for which tax is withheld
Transaction from which tax is withheld
Transaction not allowed against stopped Work Order {0}
Transaction reference no {0} dated {1}
Transactions
Transactions Annual History
Transactions against the Company already exist! Chart of Accounts can only be imported for a Company with no transactions.
Transactions cannot be created for an Inactive Employee {0}.
Transactions using Sales Invoice in POS are disabled.
Transfer Extra Raw Materials to WIP (%)
Transfer From Warehouses
Transfer Materials For Warehouse {0}
Transfer Status
Transfer Type
Transfer and Issue
Transferred
Transferred Quantity
Transferred Raw Materials
Transgender
Transit
Transit Entry
Transition Properties
Transition Rules
Transition Tasks
Transitions
Translate Data
Translate Link Fields
Translate values
Translate {0}
Translations
Translations can be viewed by guests, avoid storing private details in translations.
Transporter Details
Transporter Info
Travel
Travel Advance Required
Travel Expenses
Travel From
Travel Funding
Travel Itinerary
Travel Request
Travel Request Costing
Travel To
Travel Type
Tree
Tree Details
Tree Type
Tree structures are implemented using Nested Set
Tree view is not available for {0}
Trial Balance (Simple)
Trial Balance for Party
Trial Period End Date Cannot be before Trial Period Start Date
Trial Period Start date cannot be after Subscription Start Date
Trialing
Trigger Method
Trigger Primary Action
Trigger caching
Trigger on valid methods like "before_insert", "after_update", etc (will depend on the DocType selected)
Trim Table
Truncates 'Remarks' column to set character length
Try Again
Try a Naming Series
Try to avoid repeated words and characters
Try to use a longer keyboard pattern with more turns
Trạng thái
Trạng thái HĐĐT
Trần = Hệ số × Lương cơ sở
Trần = Hệ số × Lương tối thiểu vùng
Trần bảo hiểm
Turnover Ratios
Twice Daily
Two Factor Authentication
Two Factor Authentication method
Two-way
Type Of Call
Type a reply / comment
Type of Material
Type of Payment
Type of Proof
Type of Transaction
Type of document to rename.
Type of financial statement this template generates
Type something in the search box to search
Type title
Type your reply here...
Type:
Types of activities for Time Logs
Tài khoản
Tên nhân viên
Tên tài khoản
Tên tỉnh/thành phố
Tên đăng nhập
Tỉnh/Thành phố làm việc
Tổng BH NLĐ đóng
Tổng thu nhập
Tổng tiền
Từ ngày
Tự động
Tự động phát hành khi xác nhận hóa đơn
UAE VAT 201
UAE VAT Account
UAE VAT Accounts
UAE VAT Settings
UI Tour
UID
UIDNEXT
UIDVALIDITY
UNSEEN
UOM Category
UOM Conversion factor ({0} -> {1}) not found for item: {2}
UOM Conversion factor is required in row {0}
UOM Name
UOM conversion factor required for UOM: {0} in Item: {1}
UOM {0} not found in Item {1}
UOMs
UPC
UPC-A
URIs for receiving authorization code once the user allows access, as well as failure responses. Typically a REST endpoint exposed by the Client App.|||<br>e.g. http://hostname/api/method/frappe.integrations.oauth2_logins.login_via_facebook
URL
URL can only be a string
URL for documentation or help
URL must start with http:// or https://
URL of a human-readable page with info that developers might need.
URL of a web page providing information about the client.
URL of human-readable page with info about the protected resource's terms of service.
URL of human-readable page with info on requirements about how the client can use the data.
URL of the page
URL that points to a human-readable policy document for the client. Should be shown to end-user before authorizing.
URL that points to a human-readable terms of service document for the client. Should be shown to end-user before authorizing.
URL that references a logo for the client.
URL to go to on clicking the slideshow image
UTM Analytics
UTM Campaign
UTM Medium
UTM Source
UUID
Un-following document {0}
UnBuffered Cursor
UnReconcile
UnReconcile Allocations
Unable to fetch DocType details. Please contact system administrator.
Unable to find DocType {0}
Unable to find exchange rate for {0} to {1} for key date {2}. Please create a Currency Exchange record manually
Unable to find score starting at {0}. You need to have standing scores covering 0 to 100
Unable to find the time slot in the next {0} days for the operation {1}. Please increase the 'Capacity Planning For (Days)' in the {2}.
Unable to find variable:
Unable to load camera.
Unable to load: {0}
Unable to open attached file. Did you export it as CSV?
Unable to read file format for {0}
Unable to retrieve your location
Unable to send mail because of a missing email account. Please setup default Email Account from Settings > Email Account
Unable to update event
Unable to write file format for {0}
Unarchive
Unassign Condition
Unassigned Qty
Unbilled Orders
Unblock Invoice
Uncaught Exception
Unchanged
Unclaimed Amount (Company Currency)
Unclosed Fiscal Years Profit / Loss (Credit)
Under AMC
Under Graduate
Under Withheld
Under Withheld Reason
Under Working Hours table, you can add start and end times for a Workstation. For example, a Workstation may be active from 9 am to 1 pm, then 2 pm to 5 pm. You can also specify the working hours based on shifts. While scheduling a Work Order, the system will check for the availability of the Workstation based on the working hours specified.
Undo last action
Unexpected Naming Series Pattern
Unfulfilled
Unhandled Email
Unhandled Emails
Unique
Unique ID assigned by the client developer used to identify the client software to be dynamically registered.|||<br>|||<b>Should remain same</b> across multiple versions or updates of the software.
Unit Price
Unit of Measure {0} has been entered more than once in Conversion Factor Table
Units of Measure
Unknown Caller
Unknown Column: {0}
Unknown Rounding Method: {}
Unknown User
Unknown file encoding. Tried to use: {0}
Unlink Advance Payment on Cancellation of Order
Unlink external integrations
Unlinked
Unlinked Attendance record from Employee Checkins: {}
Unlinked logs
Unlock Reference Document
Unmarked Attendance for days
Unmarked Check-in Logs Found
Unmarked Days
Unmarked Employee Header
Unmarked Employees HTML
Unmarked days
Unpaid Accrual
Unpaid Expense Claim
Unpaid and Discounted
Unplanned machine maintenance
Unpublish
Unread Notification Sent
Unrealized Exchange Gain/Loss Account
Unrealized Profit / Loss Account
Unrealized Profit / Loss account for intra-company transfers
Unrealized Profit/Loss account for intra-company transfers
Unreconcile Payment
Unreconcile Payment Entries
Unreconcile Transaction
Unreconciled Entries
Unreserve
Unreserve Stock
Unreserve for Raw Materials
Unreserve for Sub-assembly
Unreserving Stock...
Unsafe SQL query
Unscheduled
Unsecured Loans
Unset Matched Payment Request
Unsettled Transactions
Unshared
Unsigned
Unsubmitted Appraisals
Unsubscribe Method
Unsubscribe Params
Unsubscribe from this Email Digest
Unsupported function or operator: {0}
Unsupported {0}: {1}
Until
Untitled Column
Untracked Hours
Untracked Hours (U)
Unused leaves
Unverified Webhook Data
Unzip
Unzipped {0} files
Unzipping files...
Up
Upcoming Calendar Events
Upcoming Calendar Events 
Upcoming Events for Today
Upcoming Holidays Reminder
Upcoming Shifts
Update Account Name / Number
Update Account Number / Name
Update Additional Information
Update Amendment Naming
Update BOM cost automatically via scheduler, based on the latest Valuation Rate/Price List Rate/Last Purchase Rate of raw materials
Update Batch Qty
Update Billed Amount in Delivery Note
Update Billed Amount in Purchase Order
Update Billed Amount in Purchase Receipt
Update Billed Amount in Sales Order
Update Clearance Date
Update Consumed Material Cost In Project
Update Cost Center Name / Number
Update Costing and Billing
Update Current Stock
Update Existing Price List Rate
Update Field
Update Hooks Resolution Order
Update Items
Update Job Applicant
Update Order
Update Outstanding for Self
Update Password
Update Price List Based On
Update Print Format
Update Progress
Update Rate and Availability
Update Response
Update Salary Structures
Update Series Counter
Update Series Number
Update Settings
Update Status
Update Translations
Update Type
Update Value
Update frequency of Project
Update from Frappe Cloud
Update latest price in all BOMs
Update stock must be enabled for the purchase invoice {0}
Update the modified timestamp on new communications received in Lead & Opportunity.
Update timestamp on new communication
Update {0} records
Updated
Updated Successfully
Updated To A New Version \u{1F389}
Updated To A New Version 🎉
Updated status from {0} to {1} for date {2} in the attendance record {3}
Updated successfully
Updated the Job Applicant status to {0}
Updated the status of Job Offer {0} for the linked Job Applicant {1} to {2}
Updated the status of linked Job Applicant {0} to {1}
Updated via 'Time Log' (In Minutes)
Updated {0} Financial Report Row(s) with new category name
Updating
Updating Costing and Billing fields against this Project...
Updating Email Queue Statuses. The emails will be picked up in the next scheduled run.
Updating Variants...
Updating Work Order status
Updating counter may lead to document name conflicts if not done properly
Updating details.
Updating global settings
Updating naming series options
Updating related fields...
Updating {0}
Updating {0} of {1}, {2}
Upload HTML
Upload Image
Upload XML Invoices
Upload file
Upload images or documents
Upload {0} files
Uploaded To Dropbox
Uploaded To Google Drive
Upon enabling this, the JV will be submitted for a different exchange rate.
Upon submission of the Sales Order, Work Order, or Production Plan, the system will automatically reserve the stock.
Upper Income
Upper Range
Use % for any non empty value.
Use 'Repost in background' button to trigger background job. Job can only be triggered when document is in Queued or Failed status.
Use <strong>Python</strong> filters to get Accounts
Use ASCII encoding for password
Use Batch-wise Valuation
Use CSV Sniffer
Use Company Default Round Off Cost Center
Use Company default Cost Center for Round off
Use Default Warehouse
Use First Day of Period
Use Google Maps Direction API to calculate estimated arrival times
Use Google Maps Direction API to optimize route
Use HTTP Protocol
Use Item based reposting
Use Legacy (Client side) Reactivity
Use Legacy Budget Controller
Use Legacy Controller For Period Closing Voucher
Use Multi-Level BOM
Use Number Format from Currency
Use POST
Use Posting Datetime for Naming Documents
Use Prices from Default Price List as Fallback
Use Report Chart
Use STARTTLS
Use Serial / Batch Fields
Use Serial No / Batch Fields
Use Transaction Date Exchange Rate
Use a few uncommon words together.
Use a few words, avoid common phrases.
Use a name that is different from previous project name
Use different Email ID
Use if the default settings don't seem to detect your data correctly
Use of sub-query or function is restricted
Use the new Print Format Builder
Use this fieldname to generate title
Use this, for example, if all sent emails should also be send to an archive.
Used Leave(s)
Used Leaves
Used OAuth
Used for Production Plan
Used with Financial Report Template
User '{0}' already has the role '{1}'
User Cannot Create
User Cannot Search
User Changed
User Defaults
User Details
User Doctype Permissions
User Document Type
User Document Types Limit Exceeded
User Email
User Emails
User Forum
User Group
User Group Member
User Group Members
User ID
User ID Property
User ID not set for Employee {0}
User Id
User Id Field
User Id Field is mandatory in the user type {0}
User Invitation
User Menu
User Name
User Permissions are used to limit users to specific records.
User Permissions created successfully
User Remark
User Resolution Time
User Role
User Role Profile
User Select Document Type
User Session Display
User Social Login
User Tags
User Type Module
User can login using Email id or Mobile number
User can login using Email id or User Name
User does not exist.
User does not have permission to create the new {0}
User has not applied rule on the invoice {0}
User is disabled
User is mandatory for Share
User must always select
User permission already exists
User with email address {0} does not exist
User with email: {0} does not exist in the system. Please ask 'System Administrator' to create the user for you.
User {0} cannot be deleted
User {0} cannot be disabled
User {0} cannot be renamed
User {0} does not exist
User {0} does not have access to this document
User {0} does not have doctype access via role permission for document {1}
User {0} does not have the permission to create a Workspace.
User {0} doesn't have any default POS Profile. Check Default at Row {1} for this User.
User {0} has requested for data deletion
User {0} has started an impersonation session as you. <br><br><b>Reason provided:</b> {1}
User {0} impersonated as {1}
User {0} is already assigned to Employee {1}
User {0} is disabled
User {0} is disabled. Please contact your System Manager.
User {0} is not permitted to access this document.
User {0}: Removed Employee Self Service role as there is no mapped employee.
User {0}: Removed Employee role as there is no mapped employee.
User {} is disabled. Please select valid user/cashier
Userinfo URI
Username {0} already exists
Users
Users are only able to delete attached files if the document is either in draft or if the document is canceled and they are also able to delete the document.
Users can enable the checkbox If they want to adjust the incoming rate (set using purchase receipt) based on the purchase invoice rate.
Users can make manufacture entry against Job Cards
Users with this role are allowed to over bill above the allowance percentage
Users with this role are allowed to over deliver/receive against orders above the allowance percentage
Users with this role will be notified if the asset depreciation gets failed
Uses system's theme to switch between light and dark mode
Using negative stock disables FIFO/Moving average valuation when inventory is negative.
Using this console may allow attackers to impersonate you and steal your information. Do not enter or paste code that you do not understand.
Utility Expenses
Utilization %
VAT Accounts
VAT Amount (AED)
VAT Audit Report
VAT on Expenses and All Other Inputs
VAT on Sales and All Other Outputs
VN Báo Cáo Thuế TNCN
VN Bảng Kê Hóa Đơn
VN Bảng Lương Tháng
VN Cân Đối Phát Sinh
VN E Invoice Log
VN E Invoice Settings
VN Employee Tax Info
VN Payroll Settings
VN Province
VN Sổ Cái
VN-EINV-.####
VN-ETI-.####
VNPT
Vacancies cannot be lower than the current openings
Vacancies fulfilled
Valid From date not in Fiscal Year {0}
Valid From must be after {0} as last GL Entry against the cost center {1} posted on this date
Valid Login id required.
Valid Up To
Valid Up To date cannot be before Valid From date
Valid Up To date not in Fiscal Year {0}
Valid email and name required
Valid for Countries
Valid from and valid upto fields are mandatory for the cumulative
Valid till Date cannot be before Transaction Date
Valid till date cannot be before transaction date
Validate Applied Rule
Validate Attendance
Validate Components and Quantities Per BOM
Validate Consumed Qty (as per BOM)
Validate Field
Validate Frappe Mail Settings
Validate Material Transfer Warehouses
Validate Negative Stock
Validate Pricing Rule
Validate SSL Certificate
Validate Selling Price for Item Against Purchase Rate or Valuation Rate
Validate Stock on Save
Validating Employee Attendance...
Validity Details
Validity and Usage
Validity period of this quotation has ended.
Valuation
Valuation (I - K)
Valuation Field Type
Valuation Rate (In / Out)
Valuation Rate Missing
Valuation Rate for the Item {0}, is required to do accounting entries for {1} {2}.
Valuation Rate is mandatory if Opening Stock entered
Valuation Rate required for Item {0} at row {1}
Valuation and Total
Valuation rate for customer provided items has been set to zero.
Valuation rate for the item as per Sales Invoice (Only for Internal Transfers)
Valuation type charges can not be marked as Inclusive
Valuation type charges can not marked as Inclusive
Value (G - D)
Value ({0})
Value / Description
Value After Depreciation
Value Based Inspection
Value Based On
Value Change
Value Details
Value Or Qty
Value Proposition
Value To Be Set
Value Too Long
Value Type
Value as on
Value cannot be changed for {0}
Value cannot be negative for
Value cannot be negative for {0}: {1}
Value for Attribute {0} must be within the range of {1} to {2} in the increments of {3} for Item {4}
Value for a check field can be either 0 or 1
Value for field {0} is too long in {1}. Length should be lesser than {2} characters
Value for {0} cannot be a list
Value from this field will be set as the due date in the ToDo
Value missing
Value must be one of {0}
Value of "None" implies a public client. In such a case Client Secret is not given to the client and token exchange makes use of PKCE.
Value of Goods
Value of New Capitalized Asset
Value of New Purchase
Value of Scrapped Asset
Value of Sold Asset
Value of goods cannot be 0
Value or Qty
Value to Validate
Value to set when this workflow state is applied. Use plain text (e.g. Approved) or an expression if “Evaluate as Expression” is enabled.
Value too big
Value {0} missing for {1}
Value {0} must be in the valid duration format: d h m s
Value {0} must in {1} format
Values Changed
Variable
Variable Based On Taxable Salary
Variable Name
Variables
Variance ({})
Variant
Variant Attribute Error
Variant Attributes
Variant BOM
Variant Based On cannot be changed
Variant Details Report
Variant Field
Variant Item
Variant Of
Variant creation has been queued.
Variants
Vehicle Date
Vehicle Service Item
Vehicle Value
Vendor Invoices
Vendor Name
Verdana
Verification
Verification Link
Verification code email not sent. Please contact Administrator.
Verification code has been sent to your registered email address.
Verification failed please check the link
Verified By
Verify
Verify Email
Verify Password
Verifying...
Version Updated
Via Landed Cost Voucher
Video
Video Settings
Viettel
View Account Coverage
View Audit Trail
View BOM Update Log
View Chart of Accounts
View Data Based on
View Docs
View Doctype Permissions
View Exchange Gain/Loss Journals
View File
View Full Log
View Goals
View Leads
View Ledger
View Ledgers
View List
View Log
View MRP
View Now
View Permitted Documents
View Properties (via Customize Form)
View Report
View Settings
View Sidebar
View Stock Balance
View Stock Ledger
View Switcher
View Type
View Website
View all {0} users
View attachments
View call log
View document
View report in your browser
View this in your browser
View your response
View {0}
Viewed By
Views
Vimeo
Violet
Virtual
Virtual DocType
Virtual DocType {} requires a static method called {} found {}
Virtual DocType {} requires overriding an instance method called {} found {}
Virtual tables must be virtual fields
Visibility
Visible to website/portal users.
Visit
Visit Desktop
Visit Web Page
Visit the forums
Visited
Visitor ID
Visual Plant Floor
Voice
Voice Call Settings
Voucher #
Voucher Detail No
Voucher Detail Reference
Voucher No is mandatory
Voucher Qty
Voucher Subtype
Voucher {0} is over-allocated by {1}
Voucher-wise Balance
Vui lòng chọn công ty
Vui lòng chọn tài khoản
Vùng I
Vùng II
Vùng III
Vùng IV
Vùng lương
Vùng lương tối thiểu
WARNING: Exotel app has been separated from ERPNext, please install the app to continue using Exotel integration.
WARNING: Loan Management module has been separated from ERPNext.
WIP Composite Asset
WIP WH
Waiting for payment...
Want to discuss?
Warehouse Capacity Summary
Warehouse Capacity for Item '{0}' must be greater than the existing stock level of {1} {2}.
Warehouse Detail
Warehouse Details
Warehouse Disabled?
Warehouse Settings
Warehouse Wise Stock Balance
Warehouse and Reference
Warehouse can not be deleted as stock ledger entry exists for this warehouse.
Warehouse cannot be changed for Serial No.
Warehouse is mandatory
Warehouse is required to get producible FG Items
Warehouse not found against the account {0}
Warehouse required for stock Item {0}
Warehouse wise Item Balance Age and Value
Warehouse {0} can not be deleted as quantity exists for Item {1}
Warehouse {0} does not belong to Company {1}.
Warehouse {0} does not belong to company {1}
Warehouse {0} does not exist
Warehouse {0} is not allowed for Sales Order {1}, it should be {2}
Warehouse {0} is not linked to any account, please mention the account in the warehouse record or set default inventory account in company {1}.
Warehouse's Stock Value has already been booked in the following accounts:
Warehouse: {0} does not belong to {1}
Warehouses
Warehouses with child nodes cannot be converted to ledger
Warehouses with existing transaction can not be converted to group.
Warehouses with existing transaction can not be converted to ledger.
Warn POs
Warn Purchase Orders
Warn RFQs
Warn for new Purchase Orders
Warn for new Request for Quotations
Warning - Row {0}: Billing Hours are more than Actual Hours
Warning on Negative Stock
Warning!
Warning: Another {0} # {1} exists against stock entry {2}
Warning: DATA LOSS IMMINENT! Proceeding will permanently delete following database columns from doctype {0}:
Warning: Insufficient leave balance for Leave Type {0} in this allocation.
Warning: Insufficient leave balance for Leave Type {0}.
Warning: Leave application contains following block dates
Warning: Material Requested Qty is less than Minimum Order Qty
Warning: Naming is not set
Warning: Quantity exceeds maximum producible quantity based on quantity of raw materials received through the Subcontracting Inward Order {0}.
Warning: Sales Order {0} already exists against Customer's Purchase Order {1}
Warning: This action cannot be undone!
Warning: Unable to find {0} in any table related to {1}
Warning: Updating counter may lead to document name conflicts if not done properly
Warning: Usage of 'format:' is discouraged.
Warning: {0} already has an active Shift Assignment {1} for some/all of these dates.
Warranty / AMC Details
Warranty / AMC Status
Warranty Expiry (Serial)
Warranty Expiry Date
Warranty Period (Days)
Warranty Period (in days)
Was this article helpful?
Watch Tutorial
Watch Video
We can see {0} is made against {1}. If you want {1}'s outstanding to be updated, uncheck the '{2}' checkbox.
We do not allow editing of this document. Simply click the Edit button on the workspace page to make your workspace editable and customize it as you wish
We have received a request for deletion of {0} data associated with: {1}
We have received a request from you to download your {0} data associated with: {1}
We would like to thank the authors of these packages for their contribution.
We're here to help!
We've received your query!
Weak
Web Form Fields
Web Page Block
Web Page URL
Web Page View
Web Template
Web Template Field
Web Template Values
Web Template is not specified
Web View
Webhook Data
Webhook Header
Webhook Headers
Webhook Request
Webhook Request Log
Webhook Security
Webhook Trigger
Website Analytics
Website Attribute
Website Filter Field
Website Listing
Website Meta Tag
Website Route Meta
Website Route Redirect
Website Script
Website Search Field
Website Search Field must be a valid fieldname
Website Sidebar Item
Website Slideshow
Website Specifications
Website Theme Ignore App
Website Theme Image
Website Theme image link
Websocket
Week
Week {0} {1}
Weekdays
Weekend Multiplier
Weekly Long
Weekly Off
Weekly Time to send
Weight (kg)
Weight Per Unit
Weightage (%)
Welcome URL
Welcome email sent
Welcome to Frappe!
Welcome to the {0} workspace
Welcome to {0}
What do you need help with?
What will be deleted:
What's New
Wheels
When a parent warehouse is chosen, the system conducts Project Qty checks against the associated child warehouses
When checked, only cumulative threshold will be applied
When checked, only transaction threshold will be applied for transaction individually
When checked, the system will use the posting datetime of the document for naming the document instead of the creation datetime of the document.
When creating an Item, entering a value for this field will automatically create an Item Price at the backend.
When enabled this will allow guests to upload files to your application, You can enable this if you wish to collect files from user without having them to log in, for example in job applications web form.
When sending document using email, store the PDF on Communication. Warning: This can increase your storage usage.
When set to 'Inactive', employees with conflicting active shifts will not be excluded.
When there are multiple finished goods ({0}) in a Repack stock entry, the basic rate for all finished goods must be set manually. To set rate manually, enable the checkbox 'Set Basic Rate Manually' in the respective finished good row.
When uploading files, force the use of the web-based image capture. If this is unchecked, the default behavior is to use the mobile native camera when use from a mobile is detected.
Whereas allocation for Compensatory Leaves is automatically created or updated on submission of Compensatory Leave Request.
Which view of the associated DocType should this shortcut take you to?
While creating account for Child Company {0}, parent account {1} found as a ledger account.
While creating account for Child Company {0}, parent account {1} not found. Please create the parent account in corresponding COA
While making Purchase Invoice from Purchase Order, use Exchange Rate on Invoice's transaction date rather than inheriting it from Purchase Order. Only applies for Purchase Invoice.
Why is this Candidate Qualified for this Position?
Width (cm)
Width of amount in word
Widths can be set in px or %.
Wildcard Filter
Will add "%" before and after the query
Will also apply for variants
Will also apply for variants unless overridden
Will be your login ID
Will only be shown if section headings are enabled
Will run scheduled jobs only once a day for inactive sites. Set it to 0 to avoid automatically disabling the scheduler.
With Letter head
With Period Closing Entry For Opening Balances
Withheld
Withholding Date
Withholding Document
Withholding Document Name
Withholding Document Type
Work Anniversaries 
Work Anniversary Reminder
Work Done
Work End Date
Work Experience Calculation Method
Work From Date
Work In Progress
Work Order / Subcontract PO
Work Order Analysis
Work Order Consumed Materials
Work Order Item
Work Order Mismatch
Work Order Operation
Work Order Qty
Work Order Qty Analysis
Work Order cannot be created for following reason: <br> {0}
Work Order cannot be raised against a Item Template
Work Order has been {0}
Work Order not created
Work Order {0} created
Work Order {0} has no produced qty
Work Order {0}: Job Card not found for the operation {1}
Work Orders
Work Orders Created: {0}
Work Orders in Progress
Work References
Work Summary for {0}
Work in Progress
Work-in-Progress Warehouse
Work-in-Progress Warehouse is required before Submit
Workday
Workday {0} has been repeated.
Worked On Holiday
Worker Information
Worker Name
Workflow Action Name
Workflow Action Permitted Role
Workflow Action is not created for optional states
Workflow Builder ID
Workflow Builder allows you to create workflows visually. You can drag and drop states and link them to create transitions. Also you can update their properties from the sidebar.
Workflow Data
Workflow Details
Workflow Document State
Workflow Evaluation Error
Workflow Name
Workflow State Field
Workflow State not set
Workflow State transition not allowed from {0} to {1}
Workflow States Don't Exist
Workflow Status
Workflow Task
Workflow Transition Task
Workflow Transition Tasks
Workflow state represents the current state of a document.
Workflow updated successfully
Working Days and Hours
Working Hours Threshold for Absent
Working Hours Threshold for Half Day
Working hours below which Absent is marked. (Zero to disable)
Working hours below which Half Day is marked. (Zero to disable)
Workshop
Workspace <b>{0}</b> does not exist
Workspace Manager
Workspace Number Card
Workspace Sidebar
Workspace Sidebar Item
Workspace added to desktop
Workspace {0} created
Workspaces
Workstation / Machine
Workstation Cost
Workstation Dashboard
Workstation Operating Component
Workstation Operating Component Account
Workstation is closed on the following dates as per Holiday List: {0}
Workstations
Would you like to publish this comment? This means it will become visible to website/portal users.
Would you like to unpublish this comment? This means it will no longer be visible to website/portal users.
Wrapping up
Write
Write Off Amount (Company Currency)
Write Off Based On
Write Off Cost Center
Write Off Limit
Write Off Outstanding Amount
Writeoff
Written Down Value
Wrong Company
Wrong Fetch From value
Wrong Password
Wrong Template
X Axis Field
X Field
XLSX
XML Data
XML Files Processed
XMLHttpRequest Error
Xác nhận hủy
Xác thực
Xác định thời hạn
Y Axis Fields
Y Field
Yahoo Mail
Yandex.Mail
Year Name
Year To Date
Year To Date(Company Currency)
Year of Passing
Year start date or end date is overlapping with {0}. To avoid please set company
Yearly
Yearly Amount
Yearly Benefit
Yes, Proceed
You
You Liked
You added 1 row to {0}
You added {0} rows to {1}
You are about to open an external link. To confirm, click the link again.
You are about to permanently delete data for {0} entries for company {1}.
You are connected to internet.
You are importing data for the code list:
You are not allowed to access this resource
You are not allowed to access this {0} record because it is linked to {1} '{2}' in field {3}
You are not allowed to access this {0} record because it is linked to {1} '{2}' in row {3}, field {4}
You are not allowed to create columns
You are not allowed to delete Standard Report
You are not allowed to delete a standard Notification. You can disable it instead.
You are not allowed to delete a standard Website Theme
You are not allowed to edit the report.
You are not allowed to export {} doctype
You are not allowed to print this report
You are not allowed to send emails related to this document
You are not allowed to update as per the conditions set in {} Workflow.
You are not allowed to update the status of this event.
You are not allowed to update this Web Form Document
You are not authorized to add or update entries before {0}
You are not authorized to approve leaves on Block Dates
You are not authorized to make/edit Stock Transactions for Item {0} under warehouse {1} before this time.
You are not authorized to set Frozen value
You are not authorized to undo this email
You are not connected to Internet. Retry after sometime.
You are not permitted to access this page without login.
You are not permitted to access this page.
You are not permitted to access this resource. Login to access
You are not present all day(s) between compensatory leave request days
You are now following this document. You will receive daily updates via email. You can change this in User Settings.
You are only allowed to update order, do not remove or add apps.
You are picking more than required quantity for the item {0}. Check if there is any other pick list created for the sales order {1}.
You are selecting Sync Option as ALL, It will resync all read as well as unread message from server. This may also cause the duplication of Communication (emails).
You attached {0}
You can add dynamic properties from the document by using Jinja templating.
You can add the original invoice {} manually to proceed.
You can also access wkhtmltopdf variables (valid only in PDF print):
You can also copy-paste following link in your browser
You can also copy-paste this
You can also copy-paste this link in your browser
You can also copy-paste this {0} to your browser
You can also set default CWIP account in Company {}
You can ask your team to resend the invitation if you'd still like to join.
You can change the parent account to a Balance Sheet account or select a different account.
You can change the retention policy from {0}.
You can continue with the onboarding after exploring this page
You can disable this {0} instead of deleting it.
You can increase the limit from System Settings.
You can manually remove the lock if you think it's safe: {}
You can not define multiple slabs if you have a slab with no lower and upper limits.
You can not enter current voucher in 'Against Journal Entry' column
You can not request for your Default Shift: {0}
You can only have Plans with the same billing cycle in a Subscription
You can only insert images in Markdown fields
You can only plan for upto {0} vacancies and budget {1} for {2} as per staffing plan {3} for parent company {4}.
You can only print upto {0} documents at a time
You can only redeem max {0} points in this order.
You can only select one mode of payment as default
You can only set the 3 custom doctypes in the Document Types table.
You can only submit Leave Encashment for a valid encashment amount
You can only upload JPG, PNG, GIF, PDF, TXT, CSV or Microsoft documents.
You can only upload JPG, PNG, PDF, TXT or Microsoft documents.
You can only upload upto 5000 records in one go. (may be less in some cases)
You can redeem upto {0}.
You can select one from the following,
You can set a high value here if multiple users will be logging in from the same network.
You can set it as a machine name or operation type. For example, stiching machine 12
You can try changing the filters of your report.
You can use Customize Form to set levels on fields.
You can use wildcard %
You can use {0} to reconcile against {1} later.
You can't make any changes to Job Card since Work Order is closed.
You can't process the serial number {0} as it has already been used in the SABB {1}. {2} if you want to inward same serial number multiple times then enabled 'Allow existing Serial No to be Manufactured/Received again' in the {3}
You can't redeem Loyalty Points having more value than the Total Amount.
You can't set 'Options' for field {0}
You can't set 'Translatable' for field {0}
You cancelled this document
You cancelled this document {1}
You cannot change the rate if BOM is mentioned against any Item.
You cannot create a dashboard chart from single DocTypes
You cannot create a {0} within the closed Accounting Period {1}
You cannot create or cancel any accounting entries with in the closed Accounting Period {0}
You cannot create/amend any accounting entries till this date.
You cannot credit and debit same account at the same time
You cannot delete Project Type 'External'
You cannot edit root node.
You cannot enable both the settings '{0}' and '{1}'.
You cannot outward following {0} as either they are Delivered, Inactive or located in a different warehouse.
You cannot redeem more than {0}.
You cannot repost item valuation before {}
You cannot restart a Subscription that is not cancelled.
You cannot reverse more than the total LWP days {0}. You have already reversed {1} days for this employee.
You cannot share `{0}` on {1} `{2}` as you do not have `{0}` permission on `{1}`
You cannot submit empty order.
You cannot submit the order without payment.
You cannot unset 'Read Only' for field {0}
You cannot {0} this document because another Period Closing Entry {1} exists after {2}
You changed the value of {0}
You changed the value of {0} {1}
You changed the values for {0}
You changed the values for {0} {1}
You changed {0} to {1}
You created this
You created this document {0}
You do not have enough permissions to access this resource. Please contact your manager to get access.
You do not have enough permissions to complete the action
You do not have import permission for {0}
You do not have permission to access child table field: {0}
You do not have permission to access field: {0}
You do not have permission to access {0}: {1}.
You do not have permission to complete this action
You do not have permission to edit this document
You do not have permissions to cancel all linked documents.
You do not have permissions to {} items in a {}.
You don't have access to Report: {0}
You don't have enough Loyalty Points to redeem
You don't have enough points to redeem.
You don't have permission to access the {0} DocType.
You don't have permission to access this file
You don't have permission to get a report on: {0}
You don't have the permissions to access this document
You had {} errors while creating opening invoices. Check {} for more details
You have a new message from:
You have already selected items from {0} {1}
You have been invited to collaborate on the project {0}.
You have been successfully logged out
You have enabled {0} and {1} in {2}. This can lead to prices from the default price list being inserted in the transaction price list.
You have enabled {0} and {1} in {2}. This can lead to prices from the default price list being inserted into the transaction price list.
You have entered a duplicate Delivery Note on Row
You have hit the row size limit on database table: {0}
You have no upcoming shifts
You have not entered a value. The field will be set to empty.
You have to enable Two Factor Auth from System Settings.
You have to enable auto re-order in Stock Settings to maintain re-order levels.
You have unsaved changes in this form. Please save before you continue.
You have unsaved changes. Do you want to save the invoice?
You have unseen {0}
You haven't added any Dashboard Charts or Number Cards yet.
You haven't created a {0} yet
You hit the rate limit because of too many requests. Please try after sometime.
You last edited this
You may add additional details, if any, and submit the offer.
You must add atleast one link.
You must be logged in to use this form.
You must be within {0} meters of your shift location to check in.
You must login to submit this form
You must select a customer before adding an item.
You need the '{0}' permission on {1} {2} to perform this action.
You need to be Workspace Manager to delete a public workspace.
You need to be Workspace Manager to edit this document
You need to be a system user to access this page.
You need to be in developer mode to edit a Standard Web Form
You need to be logged in and have System Manager Role to be able to access backups.
You need to be logged in to access this page
You need to be logged in to access this {0}.
You need to be {0} to rename this document
You need to cancel POS Closing Entry {} to be able to cancel this document.
You need to create these first:
You need to enable JavaScript for your app to work.
You need to have "Share" permission
You need to install pycups to use this feature!
You need to select indexes you want to add first.
You need to set one IMAP folder for {0}
You need write permission on {0} {1} to merge
You need write permission on {0} {1} to rename
You need {0} permission to fetch values from {1} {2}
You removed 1 row from {0}
You removed attachment {0}
You removed {0} rows from {1}
You seem good to go!
You seem to have written your name instead of your email. Please enter a valid email address so that we can get back.
You selected Draft or Cancelled documents
You selected the account group {1} as {2} Account in row {0}. Please select a single account.
You submitted this document
You submitted this document {0}
You unfollowed this document
You viewed this
You were only present for Half Day on {}. Cannot apply for a full day compensatory leave
You will be redirected to:
You've been invited to join {0}
You've been invited to join {0}.
You've logged in as another user from another tab. Refresh this page to continue using system.
YouTube Interactions
Your CSV file is being generated and will appear in the Attachments section once ready. Additionally, you will get notified when the file is available for download.
Your Country
Your Interview session is rescheduled from {0} {1} - {2} to {3} {4} - {5}
Your Language
Your Name (required)
Your PDF is ready for download
Your Shortcuts
Your account has been deleted
Your account has been locked and will resume after {0} seconds
Your assignment on {0} {1} has been removed by {2}
Your browser does not support the audio element.
Your browser does not support the video element.
Your connection request to Google Calendar was successfully accepted
Your email address
Your email has been verified and your appointment has been scheduled
Your exported report: {0}
Your form has been successfully updated
Your invitation to join {0} has been cancelled by the site administrator.
Your invitation to join {0} has expired.
Your login id is
Your new password has been set successfully.
Your old password is incorrect.
Your order is out for delivery!
Your organization name and address for the email footer.
Your query has been received. We will reply back shortly. If you have any additional information, please reply to this mail.
Your report is being generated in the background. You will receive an email on {0} with a download link once it is ready.
Your session has expired, please login again to continue.
Your tickets
Your verification code is {0}
Youtube ID
Youtube Statistics
Zero
Zero Balance
Zero Rated
Zero means send records updated at anytime
Zero quantity
Zip File
[Action taken by {0}]
[Important] [ERPNext] Auto Reorder Errors
\u2190 Back to upload files
`Allow Negative rates for Items`
`as_iterator` only works with `as_list=True` or `as_dict=True`
`job_id` paramater is required for deduplication.
aa
action
active
added
after
after_insert
amend
and
as Code
as Description
as Title
as a percentage of finished item quantity
as of {0}
ascending
at
based on
based_on
blue
bold
by Role
by {}
cProfile Output
calendar
cancel
canceled
cannot be greater than 100
chrome
clear
commented
completed
create
create/submit
created
cyan
d
darkgrey
dashboard
dated {0}
day
dd
dd-mm-yyyy
dd.mm.yyyy
dd/mm/yyyy
default
deferred
delete
descending
description
development
discount applied
doc_type
doctype
document type..., e.g. customer
down
e.g. "Summer Holiday 2019 Offer 20"
e.g. "Support", "Sales", "Jerry Yang"
e.g. (55 + 434) / 4
e.g. pop.gmail.com / imap.gmail.com
e.g. replies@yourcomany.com. All replies will come to this inbox.
e.g. smtp.gmail.com
e.g.:
emacs
email
email inbox
empty
en
esc
example: Next Day Shipping
exchangerate.host
export
facebook
failed
fairlogin
fieldname
finished
font
frankfurter.dev
goal
goals
gray
green
grey
gzip not found in PATH! This is required to take a backup.
h
heatmap-legend-unit
here
hh
hidden
hours
hub
i
icon
ii
image
import
inverted
is disabled
is enabled
italic
jane@example.com
just now
label
lft
light-blue
linkedin
logged in
login_required
long
m
material_request_item
merged {0} into {1}
mm
mm-dd-yyyy
mm/dd/yyyy
modify_half_day_status
module name...
must be between 0 and 100
new
new type of document
no failed attempts
nonce
none
notified
now
old_parent
on
on_cancel
on_change
on_submit
on_trash
on_update
on_update_after_submit
or
or for the Employee's Department: {0}
or its descendants
orange
out of 5
paid to
payments app is not installed. Please install it from {0} or {1}
payments app is not installed. Please install it from {} or {}
per hour
performing either one below:
pink
plain
print
print-format-builder-beta
process
processed
processlist
product bundle item row's name in sales order. Also indicates that picked item is to be used for a product bundle
production
purple
queued
quotation_item
ratings
read
reason
received from
red
removed
renamed from {0} to {1}
report
response
restored {0} as {1}
result
results
returned
review
reviews
rgt
router-link
row
rows
s
s256
sandbox
scheduled
select
share
short
since last month
since last week
since last year
since yesterday
sold
spill
ss
started
starting the setup...
steps completed
string value, i.e. group
string value, i.e. member
string value, i.e. {0} or uid={0},ou=users,dc=example,dc=com
submit
subscription is already cancelled.
tag name..., e.g. #tag
target_ref_field
temporary name
text in document type
this form
this shouldn't break
title
to
to close
to navigate
to select
to unallocate the amount of this Return Invoice before cancelling it.
to your browser
twitter
underline
unique e.g. SAVE20  To be used to get discount
up
updated to {0}
use % as wildcard
values separated by commas
variance
version_table
via Asset Repair
via Assignment Rule
via Auto Repeat
via BOM Update Tool
via Data Import
via Google Meet
via Notification
via Salary Component sync
via {0}
vim
vscode
wants to access the following details from your account
when clicked on element it will focus popover if present.
wkhtmltopdf
wkhtmltopdf 0.12.x (with patched qt).
workflow_transition
write
years
yellow
yesterday
you must select Capital Work in Progress Account in accounts table
yy
yyyy
yyyy-mm-dd
yyyy1
yyyy2
{0}
{0} ${skip_list ? "" : type}
{0} ${type}
{0} & {1}
{0} '{1}' is disabled
{0} '{1}' not in Fiscal Year {2}
{0} ({1})
{0} ({1}) (1 row mandatory)
{0} ({1}) - {2}%
{0} ({1}) cannot be greater than planned quantity ({2}) in Work Order {3}
{0} : {1}
{0} <b>{1}</b> has submitted Assets. Remove Item <b>{2}</b> from table to continue.
{0} <br> This error can be due to missing or deleted field.
{0} = {1}
{0} Account not found against Customer {1}.
{0} Account: {1} ({2}) must be in either customer billing currency: {3} or Company default currency: {4}
{0} Appraisal(s) are not submitted yet
{0} Budget for Account {1} against {2} {3} is {4}. It is already exceeded by {5}.
{0} Budget for Account {1} against {2} {3} is {4}. It will be exceeded by {5}.
{0} Calendar
{0} Chart
{0} Coupon used are {1}. Allowed quantity is exhausted
{0} Dashboard
{0} Digest
{0} Field
{0} Fields
{0} Google Calendar Events synced.
{0} Google Contacts synced.
{0} Liked
{0} List
{0} List View Settings
{0} M
{0} Map
{0} Missing
{0} Name
{0} Not allowed to change {1} after submission from {2} to {3}
{0} Number {1} is already used in {2} {3}
{0} Operating Cost for operation {1}
{0} Operations: {1}
{0} Report
{0} Reports
{0} Request for {1}
{0} Retain Sample is based on batch, please check Has Batch No to retain sample of item
{0} Row #{1}: Formula is set but {2} is disabled for the Salary Component {3}.
{0} Row #{1}: {2} needs to be enabled for the formula to be considered.
{0} Settings
{0} Transaction(s) Reconciled
{0} Tree
{0} Web page views
{0} account is not of company {1}
{0} account is not of type {1}
{0} account not found while submitting purchase receipt
{0} added
{0} added 1 row to {1}
{0} added {1} rows to {2}
{0} against Bill {1} dated {2}
{0} against Purchase Order {1}
{0} against Sales Invoice {1}
{0} against Sales Order {1}
{0} already allocated for Employee {1} for period {2} to {3}
{0} already exists for employee {1} and period {2}
{0} already exists. Select another name
{0} already has a Parent Procedure {1}.
{0} already has an active Shift Assignment {1} for some/all of these dates.
{0} already unsubscribed
{0} already unsubscribed for {1} {2}
{0} and {1}
{0} and {1} are mandatory
{0} applicable after {1} working days
{0} are currently {1}
{0} are required
{0} asset cannot be transferred
{0} assigned a new task {1} {2} to you
{0} assigned {1}: {2}
{0} attached {1}
{0} can be either {1} or {2}.
{0} can not be more than {1}
{0} can not be negative
{0} cancelled this document
{0} cancelled this document {1}
{0} cannot be amended because it is not cancelled. Please cancel the document before creating an amendment.
{0} cannot be changed with opened Opening Entries.
{0} cannot be hidden and mandatory without any default value
{0} cannot be used as a Main Cost Center because it has been used as child in Cost Center Allocation {1}
{0} cannot be zero
{0} changed the value of {1}
{0} changed the value of {1} {2}
{0} changed the values for {1}
{0} changed the values for {1} {2}
{0} changed {1} to {2}
{0} completed {1} {2}
{0} contains an invalid Fetch From expression, Fetch From can't be self-referential.
{0} contains {1}
{0} created
{0} created successfully
{0} created this
{0} created this document {1}
{0} creation for the following records will be skipped.
{0} currency must be same as company's default currency. Please select another account.
{0} currently has a {1} Supplier Scorecard standing, and Purchase Orders to this supplier should be issued with caution.
{0} currently has a {1} Supplier Scorecard standing, and RFQs to this supplier should be issued with caution.
{0} d
{0} days ago
{0} does not belong to Company {1}
{0} does not belong to the Company {1}.
{0} does not contain {1}
{0} does not exist in row {1}
{0} entered twice in Item Tax
{0} entered twice {1} in Item Taxes
{0} equals {1}
{0} field cannot be set as unique in {1}, as there are non-unique existing values
{0} for {1}
{0} format could not be determined from the values in this column. Defaulting to {1}.
{0} from {1} to {2}
{0} from {1} to {2} in row #{3}
{0} h
{0} has Payment Term based allocation enabled. Select a Payment Term for Row #{1} in Payment References section
{0} has already assigned default value for {1}.
{0} has been modified after you pulled it. Please pull it again.
{0} has been submitted successfully
{0} has invalid backtick notation: {1}
{0} has left the conversation in {1} {2}
{0} has {1} enabled
{0} hours
{0} hours ago
{0} if you are not redirected within {1} seconds
{0} in row {1}
{0} in row {1} cannot have both URL and child items
{0} is a child table and will be deleted automatically with its parent
{0} is a descendant of {1}
{0} is a mandatory Accounting Dimension. <br>Please set a value for {0} in Accounting Dimensions section.
{0} is a mandatory field
{0} is a not a valid zip file
{0} is added multiple times on rows: {1}
{0} is after {1}
{0} is already running for {1}
{0} is an Accrual Component and this will be recorded as a payout in Employee Benefits Ledger
{0} is an ancestor of {1}
{0} is an invalid Attendance Status.
{0} is an invalid Data field.
{0} is an invalid email address in 'Recipients'
{0} is before {1}
{0} is between {1}
{0} is between {1} and {2}
{0} is blocked so this transaction cannot proceed
{0} is currently {1}
{0} is disabled
{0} is enabled
{0} is equal to {1}
{0} is greater than or equal to {1}
{0} is greater than {1}
{0} is in Draft. Submit it before creating the Asset.
{0} is less than or equal to {1}
{0} is less than {1}
{0} is like {1}
{0} is mandatory
{0} is mandatory for Item {1}
{0} is mandatory for account {1}
{0} is mandatory. Maybe Currency Exchange record is not created for {1} to {2}
{0} is mandatory. Maybe Currency Exchange record is not created for {1} to {2}.
{0} is not a CSV file.
{0} is not a company bank account
{0} is not a descendant of {1}
{0} is not a field of doctype {1}
{0} is not a group node. Please select a group node as parent cost center
{0} is not a holiday.
{0} is not a raw printing format.
{0} is not a stock Item
{0} is not a valid Accounting Dimension.
{0} is not a valid Calendar. Redirecting to default Calendar.
{0} is not a valid Cron expression.
{0} is not a valid DocType for Dynamic Link
{0} is not a valid Email Address
{0} is not a valid ISO 3166 ALPHA-2 code.
{0} is not a valid Name
{0} is not a valid Phone Number
{0} is not a valid Value for Attribute {1} of Item {2}.
{0} is not a valid Workflow State. Please update your Workflow and try again.
{0} is not a valid parent DocType for {1}
{0} is not a valid parentfield for {1}
{0} is not a valid report format. Report format should one of the following {1}
{0} is not a zip file
{0} is not added in the table
{0} is not allowed to submit Interview Feedback for the Interview: {1}
{0} is not an allowed role for {1}
{0} is not an ancestor of {1}
{0} is not enabled in {1}
{0} is not equal to {1}
{0} is not in Optional Holiday List
{0} is not like {1}
{0} is not one of {1}
{0} is not running. Cannot trigger events for this Document
{0} is not set
{0} is not the default supplier for any items.
{0} is now default print format for {1} doctype
{0} is on hold till {1}
{0} is on or after {1}
{0} is on or before {1}
{0} is one of {1}
{0} is open. Close the POS or cancel the existing POS Opening Entry to create a new POS Opening Entry.
{0} is required
{0} is set
{0} is within {1}
{0} is {1}
{0} items disassembled
{0} items in progress
{0} items lost during process.
{0} items produced
{0} items returned
{0} items selected
{0} items to return
{0} just impersonated as you. They gave this reason: {1}
{0} last edited this
{0} leaves allocated successfully
{0} leaves from allocation for {1} leave type have expired and will be processed during the next scheduled job. It is recommended to expire them now before creating new leave policy assignments.
{0} leaves were manually allocated by {1} on {2}
{0} logged in
{0} logged out: {1}
{0} m
{0} mentioned you in a comment in {1} {2}
{0} minutes ago
{0} months ago
{0} must be after {1}
{0} must be beginning with '{1}'
{0} must be equal to '{1}'
{0} must be negative in return document
{0} must be none of {1}
{0} must be one of {1}
{0} must be set first
{0} must be submitted
{0} must be unique
{0} must be {1} {2}
{0} must begin and end with a letter and can only contain letters, hyphen or underscore.
{0} not a valid State
{0} not allowed to be renamed
{0} not allowed to transact with {1}. Please change the Company or add the Company in the 'Allowed To Transact With'-Section in the Customer record.
{0} not found for item {1}
{0} of {1}
{0} of {1} ({2} rows with children)
{0} of {1} Completed
{0} of {1} records match (filtered on visible rows only)
{0} only.
{0} or {1}
{0} parameter is invalid
{0} payment entries can not be filtered by {1}
{0} qty of Item {1} is being received into Warehouse {2} with capacity {3}.
{0} record deleted
{0} records are not automatically deleted.
{0} records are retained for {1} days.
{0} records deleted
{0} records will be exported
{0} removed 1 row from {1}
{0} removed attachment {1}
{0} removed their assignment.
{0} removed {1} rows from {2}
{0} restricted document
{0} restricted documents
{0} role does not have permission on any doctype
{0} row #{1}:
{0} rows from {1}
{0} rows to {1}
{0} saved successfully
{0} self assigned this task: {1}
{0} shared a document {1} {2} with you
{0} shared this document with everyone
{0} shared this document with {1}
{0} should be indexed because it's referred in dashboard connections
{0} should not be same as {1}
{0} submitted this document
{0} submitted this document {1}
{0} subscribers added
{0} to stop receiving emails of this type
{0} to {1}
{0} to {1} employee(s)?
{0} un-shared this document with {1}
{0} units are reserved for Item {1} in Warehouse {2}, please un-reserve the same to {3} the Stock Reconciliation.
{0} units of Item {1} is not available in any of the warehouses.
{0} units of Item {1} is not available in any of the warehouses. Other Pick Lists exist for this item.
{0} units of {1} are required in {2} with the inventory dimension: {3} on {4} {5} for {6} to complete the transaction.
{0} units of {1} needed in {2} on {3} {4} for {5} to complete this transaction.
{0} units of {1} needed in {2} on {3} {4} to complete this transaction.
{0} units of {1} needed in {2} to complete this transaction.
{0} until {1}
{0} updated
{0} vacancies and {1} budget for {2} already planned for subsidiary companies of {3}. You can only plan for upto {4} vacancies and and budget {5} as per staffing plan {6} for parent company {3}.
{0} valid serial nos for Item {1}
{0} values selected
{0} variants created.
{0} view is currently unsupported in Custom Financial Report.
{0} viewed this
{0} w
{0} weeks ago
{0} will be given as discount.
{0} will be set as the {1} in subsequently scanned items
{0} will be updated for the following Salary Structures: {1}.
{0} with the role <strong>{1}</strong>
{0} y
{0} years ago
{0} {1}
{0} {1} Manually
{0} {1} Partially Reconciled
{0} {1} added
{0} {1} added to Dashboard {2}
{0} {1} already exists
{0} {1} cannot be "{2}". It should be one of "{3}"
{0} {1} cannot be a leaf node as it has children
{0} {1} cannot be updated. If you need to make changes, we recommend canceling the existing entry and creating a new one.
{0} {1} created
{0} {1} does not exist
{0} {1} does not exist, select a new target to merge
{0} {1} has accounting entries in currency {2} for company {3}. Please select a receivable or payable account with currency {2}.
{0} {1} has already been fully paid.
{0} {1} has already been partly paid. Please use the 'Get Outstanding Invoice' or the 'Get Outstanding Orders' button to get the latest outstanding amounts.
{0} {1} has been modified. Please refresh.
{0} {1} has not been submitted so the action cannot be completed
{0} {1} is allocated twice in this Bank Transaction
{0} {1} is already linked to Common Code {2}.
{0} {1} is associated with {2}, but Party Account is {3}
{0} {1} is cancelled or closed
{0} {1} is cancelled or stopped
{0} {1} is cancelled so the action cannot be completed
{0} {1} is closed
{0} {1} is disabled
{0} {1} is frozen
{0} {1} is fully billed
{0} {1} is linked with the following submitted documents: {2}
{0} {1} is not active
{0} {1} is not associated with {2} {3}
{0} {1} is not in any active Fiscal Year
{0} {1} is not submitted
{0} {1} is on hold
{0} {1} must be submitted
{0} {1} not allowed to be reposted. Modify {2} to enable reposting.
{0} {1} not found
{0} {1} status is {2}
{0} {1} via CSV File
{0} {1} {2}?
{0} {1}: 'Profit and Loss' type account {2} not allowed in Opening Entry
{0} {1}: Account {2} does not belong to Company {3}
{0} {1}: Account {2} is a Group Account and group accounts cannot be used in transactions
{0} {1}: Account {2} is inactive
{0} {1}: Accounting Entry for {2} can only be made in currency: {3}
{0} {1}: Cost Center is mandatory for Item {2}
{0} {1}: Cost Center is required for 'Profit and Loss' account {2}.
{0} {1}: Cost Center {2} does not belong to Company {3}
{0} {1}: Cost Center {2} is a group cost center and group cost centers cannot be used in transactions
{0} {1}: Customer is required against Receivable account {2}
{0} {1}: Either debit or credit amount is required for {2}
{0} {1}: Submitted Record cannot be deleted. You must {2} Cancel {3} it first.
{0} {1}: Supplier is required against Payable account {2}
{0}%
{0}% Billed
{0}% Delivered
{0}% of total invoice value will be given as discount.
{0}'s {1} cannot be after {2}'s Expected End Date.
{0}, Row {1}
{0}, complete the operation {1} before the operation {2}.
{0}.
{0}. Check error log for more details.
{0}/{1} complete | Please leave this tab open until completion.
{0}: '{1}' ({3}) will get truncated, as max characters allowed is {2}
{0}: Cannot set Amend without Cancel
{0}: Cannot set Assign Amend if not Submittable
{0}: Cannot set Assign Submit if not Submittable
{0}: Cannot set Cancel without Submit
{0}: Cannot set Import without Create
{0}: Cannot set Submit, Cancel, Amend without Write
{0}: Cannot set import as {1} is not importable
{0}: Child table (auto-deleted with parent)
{0}: Employee email not found, hence email not sent
{0}: Failed to attach new recurring document. To enable attaching document in the auto repeat notification email, enable {1} in Print Settings
{0}: Field '{1}' cannot be set as Unique as it has non-unique values
{0}: Field {1} in row {2} cannot be hidden and mandatory without default
{0}: Field {1} of type {2} cannot be mandatory
{0}: Fieldname {1} appears multiple times in rows {2}
{0}: Fieldtype {1} for {2} cannot be unique
{0}: From {0} of type {1}
{0}: No basic permissions set
{0}: Not found
{0}: Only one rule allowed with the same Role, Level and {1}
{0}: Options must be a valid DocType for field {1} in row {2}
{0}: Options required for Link or Table type field {1} in row {2}
{0}: Options {1} must be the same as doctype name {2} for the field {3}
{0}: Other permission rules may also apply
{0}: Permission at level 0 must be set before higher levels are set
{0}: Protected DocType
{0}: Virtual DocType (no database table)
{0}: You can increase the limit for the field if required via {1}
{0}: fieldname cannot be set to reserved field {1} in DocType
{0}: fieldname cannot be set to reserved keyword {1}
{0}: {1}
{0}: {1} does not belong to the Company: {2}
{0}: {1} does not exist
{0}: {1} does not exists
{0}: {1} is a group account.
{0}: {1} is set to state {2}
{0}: {1} must be less than {2}
{0}: {1} vs {2}
{0}:Fieldtype {1} for {2} cannot be indexed
{0}d
{1} saved
{count} Assets created for {item_code}
{count} cell copied
{count} cells copied
{count} row selected
{count} rows selected
{doctype} {name} is cancelled or closed.
{field_label} is mandatory for sub-contracted {doctype}.
{item_name}'s Sample Size ({sample_size}) cannot be greater than the Accepted Quantity ({accepted_quantity})
{ref_doctype} {ref_name} is {status}.
{{{0}}} is not a valid fieldname pattern. It should be {{field_name}}.
{}
{} Complete
{} Invalid python code on line {}
{} Possibly invalid python code. <br>{}
{} can't be cancelled since the Loyalty Points earned has been redeemed. First cancel the {} No {}
{} does not support automated log clearing.
{} field cannot be empty.
{} has been disabled. It can only be enabled if {} is checked.
{} has submitted assets linked to it. You need to cancel the assets to create purchase return.
{} is a child company.
{} is not a valid date string.
{} not found in PATH! This is required to access the console.
{} not found in PATH! This is required to restore the database.
{} not found in PATH! This is required to take a backup.
{} {} is already linked with another {}
{} {} is already linked with {} {}
{} {} is not affecting bank account {}
{} {} open for this position.
Đang hủy hóa đơn điện tử...
Đang phát hành hóa đơn điện tử...
Đã hủy
Đã phát hành
Đã phát hành HĐĐT số: {0}
Đã phát hành hóa đơn điện tử thành công
Đã thay thế
Đã điều chỉnh
Đến ngày
← Back to upload files
